title,date,quarter,fraud_type_counts,keyword_counts,summary
Advanced Persistent Threat Actors Leverage SolarWinds Vulnerabilities,2020-12-29,4,"{""Malware"": 5}","{""Phishing/Spoofing"": {}, ""Extortion"": {}, ""Personal Data Breach"": {}, ""Non-Payment/Non-Delivery"": {}, ""Investment"": {}, ""Tech Support"": {}, ""Business Email Compromise"": {}, ""Identity Theft"": {}, ""Employment"": {}, ""Confidence/Romance"": {}, ""Government Impersonation"": {}, ""Credit Card/Check Fraud"": {}, ""Harassment/Stalking"": {}, ""Real Estate"": {}, ""Advanced Fee"": {}, ""Crimes Against Children"": {}, ""Lottery/Sweepstakes/Inheritance"": {}, ""Data Breach"": {}, ""Ransomware"": {}, ""Overpayment"": {}, ""IPR*/Copyright&Counterfeit"": {}, ""Threats of Violence"": {}, ""SIM Swap"": {}, ""Botnet"": {}, ""Malware"": {""malware"": 5}, ""Cryptocurrency"": {}}","Threat Details  Malicious actors are exploiting SolarWinds Orion products (affected  versions 2019.4 through 2020.2.1 HF1) containing SUNBURST malware  to gain access to network traffic management systems. After installation, the malware beacons via DNS requests to resolve unique subdomains  of avsvmcloud[.]com between 12 and 14 days after installation, according to FireEye’s reporting. The malware operators are able to monitor the DNS beacons to determine if additional targeting of an  organization is desired. Some victims may have received a response that included an IP address designed to disable the  malware. Following receipt of a DNS response  indicating the network was to be further targeted, the malware moved additional communications to a  separate command and control address which would also make victim specific DNS queries."
"Computer Network Infrastructure Vulnerable to Windows 7 End of Life Status, Increasing Potential for Cyber Attacks",2020-12-15,4,"{""IPR*/Copyright&Counterfeit"": 1, ""Tech Support"": 1, ""Ransomware"": 1, ""Malware"": 1}","{""Phishing/Spoofing"": {}, ""Extortion"": {}, ""Personal Data Breach"": {}, ""Non-Payment/Non-Delivery"": {}, ""Investment"": {}, ""Tech Support"": {""technical support"": 1}, ""Business Email Compromise"": {}, ""Identity Theft"": {}, ""Employment"": {}, ""Confidence/Romance"": {}, ""Government Impersonation"": {}, ""Credit Card/Check Fraud"": {}, ""Harassment/Stalking"": {}, ""Real Estate"": {}, ""Advanced Fee"": {}, ""Crimes Against Children"": {}, ""Lottery/Sweepstakes/Inheritance"": {}, ""Data Breach"": {}, ""Ransomware"": {""ransomware"": 1}, ""Overpayment"": {}, ""IPR*/Copyright&Counterfeit"": {""intellectual property"": 1}, ""Threats of Violence"": {}, ""SIM Swap"": {}, ""Botnet"": {}, ""Malware"": {""virus"": 1}, ""Cryptocurrency"": {}}","However, these challenges do not outweigh  the loss of intellectual property and threats to an organization. TLP:WHITE  TLP:WHITE     Threat Overview  On 14 January 2020, Microsoft ended support for the Windows 7 operating system, which  includes security updates and technical support unless certain customers purchased an Extended  Security Update (ESU) plan. After Microsoft released a patch in March 2017 for the  computer exploit used by the WannaCry ransomware, many Windows 7 systems  remained unpatched when the WannaCry attacks began in May 2017.  Ensuring anti-virus, spam filters, and firewalls are up to date, properly configured, and  secure."
DoppelPaymer Ransomware Attacks on Critical Infrastructure Impact Critical Services,2020-12-15,4,"{""Ransomware"": 22, ""Cryptocurrency"": 2, ""Extortion"": 3, ""Malware"": 1, ""Threats of Violence"": 3, ""Phishing/Spoofing"": 1}","{""Phishing/Spoofing"": {""spoofed"": 1}, ""Extortion"": {""extortion"": 2, ""extort"": 1}, ""Personal Data Breach"": {}, ""Non-Payment/Non-Delivery"": {}, ""Investment"": {}, ""Tech Support"": {}, ""Business Email Compromise"": {}, ""Identity Theft"": {}, ""Employment"": {}, ""Confidence/Romance"": {}, ""Government Impersonation"": {}, ""Credit Card/Check Fraud"": {}, ""Harassment/Stalking"": {}, ""Real Estate"": {}, ""Advanced Fee"": {}, ""Crimes Against Children"": {}, ""Lottery/Sweepstakes/Inheritance"": {}, ""Data Breach"": {}, ""Ransomware"": {""ransomware"": 15, ""ransoms"": 1, ""ransom"": 6}, ""Overpayment"": {}, ""IPR*/Copyright&Counterfeit"": {}, ""Threats of Violence"": {""threatening"": 1, ""threatened"": 2}, ""SIM Swap"": {}, ""Botnet"": {}, ""Malware"": {""malware"": 1}, ""Cryptocurrency"": {""bitcoin"": 1, ""cryptocurrency"": 1}}","DoppelPaymer Ransomware Attacks on  Critical Infrastructure Impact Critical Services   Summary  Since late August 2019, unidentified actors have used DoppelPaymer  ransomware to encrypt data from victims within critical industries  worldwide such as healthcare, emergency services, and education,  interrupting citizens’ access to services. Since its emergence in June  2019, DoppelPaymer ransomware has infected a variety of industries  and targets, with actors routinely demanding six- and seven-figure  ransoms in Bitcoin (BTC). Prior to infecting systems with ransomware,  the actors’ exfiltrate data to use in extortion schemes and have made  follow-on telephone calls to victims to further pressure them to make  ransom payments. Threat Details  DoppelPaymer ransomware attacks since June 2019 have negatively  impacted the provision of healthcare, emergency, and education  services to citizens worldwide. This individual later died, though  German authorities ultimately did not hold the ransomware actors responsible because the German  authorities felt the individual’s health was poor and the patient likely would have died even if they had  not been re-routed. After German authorities contacted the actors through the provided  communication accounts, the actors withdrew the extortion attempt and provided a digital decryption  key upon learning patients’ lives were endangered, according to open source reporting about the  German investigation. In July 2019, DoppelPaymer actors infected 13 out of 380 servers used by an identified US medical  center with ransomware. The medical center required several weeks to restore their  systems from offsite backups following the ransomware attack. The ransomware was introduced via an Internet  Explorer/Edge browser after an employee viewed a cryptocurrency website. The ransomware was successful in encrypting files stored on the following platforms: Windows 7,  Windows 10, Server 2008, Server 2012, and Server 2016. The  malware infected servers at three of the college’s campuses but did not infect cloud-based  applications. Additional Tactics, Techniques, and Procedures  Doppelpaymer is one of the first ransomware variants where actors have called the victims to entice  payments. As of February 2020, in multiple instances, DoppelPaymer actors had followed ransomware  infections with calls to the victims to extort payments through intimidation or threatening to release  exfiltrated data. In one case an actor, using a spoofed US-based telephone number while claiming to be  located in North Korea, threatened to leak or sell data from an identified business if the business did  not pay the ransom. During subsequent telephone calls to the same business, the actor threatened to  send an individual to the home of an employee and provided the employee's home address. Recommended Mitigations  The FBI does not encourage paying a ransom to criminal actors. Paying a ransom may embolden  adversaries to target additional organizations, encourage other criminal actors to engage in the  distribution of ransomware, and/or fund illicit activities. Paying the ransom also does not guarantee  that a victim’s files will be recovered. Regardless of whether you or your organization have decided to pay the  ransom, the FBI urges you to report ransomware incidents to your local field office or the FBI’s Internet  Crime Complaint Center (IC3). Doing so provides investigators with the critical information they need  to track ransomware attackers, hold them accountable under U.S."
Cyber Actors Target K-12 Distance Learning Education to Cause Disruptions and Steal Data,2020-12-11,4,"{""Ransomware"": 16, ""Threats of Violence"": 1, ""Malware"": 10, ""Botnet"": 3, ""Harassment/Stalking"": 1, ""Phishing/Spoofing"": 3, ""Tech Support"": 1}","{""Phishing/Spoofing"": {""phishing"": 2, ""spoofing"": 1}, ""Extortion"": {}, ""Personal Data Breach"": {}, ""Non-Payment/Non-Delivery"": {}, ""Investment"": {}, ""Tech Support"": {""technical support"": 1}, ""Business Email Compromise"": {}, ""Identity Theft"": {}, ""Employment"": {}, ""Confidence/Romance"": {}, ""Government Impersonation"": {}, ""Credit Card/Check Fraud"": {}, ""Harassment/Stalking"": {""harassing"": 1}, ""Real Estate"": {}, ""Advanced Fee"": {}, ""Crimes Against Children"": {}, ""Lottery/Sweepstakes/Inheritance"": {}, ""Data Breach"": {}, ""Ransomware"": {""ransomware"": 13, ""ransom"": 2, ""ransoms"": 1}, ""Overpayment"": {}, ""IPR*/Copyright&Counterfeit"": {}, ""Threats of Violence"": {""threatened"": 1}, ""SIM Swap"": {}, ""Botnet"": {""ddos"": 3}, ""Malware"": {""malware"": 8, ""trojan"": 2}, ""Cryptocurrency"": {}}","The FBI, CISA, and MS-ISAC assess malicious cyber actors are targeting kindergarten through  twelfth grade (K-12) educational institutions, leading to ransomware attacks, the theft of data, and  the disruption of distance learning services. Ransomware  The FBI, CISA, and MS-ISAC have received numerous reports of ransomware attacks against K-12  educational institutions. Adopting tactics previously leveraged against business and industry,  ransomware actors have also stolen—and threatened to leak—confidential student data to the public  unless institutions pay a ransom. According to MS-ISAC data, the percentage of reported ransomware incidents against K-12 schools  increased at the beginning of the 2020 school year. In August and September, 57% of ransomware  incidents reported to the MS-ISAC involved K-12 schools, compared to 28% of all reported  ransomware incidents from January through July. Malware  Figure 1 identifies the top 10 malware strains that have affected state, local, tribal, and territorial  (SLTT) educational institutions over the past year (up to and including September 2020). Note: These  malware variants are purely opportunistic as they not only affect educational institutions but other  organizations as well. ZeuS and Shlayer are among the most prevalent malware affecting K-12 schools.   ZeuS is a Trojan with several variants that targets Microsoft Windows operating systems.   Shlayer is a Trojan downloader and dropper for MacOS malware.1 It is primarily distributed  through malicious websites, hijacked domains, and malicious advertising posing as a fake  Adobe Flash updater. Figure 1: Top 10 malware affecting SLTT educational institutions  Distributed Denial-of-Service Attacks  Cyber actors are causing disruptions to K-12 educational institutions—including third-party  services supporting distance learning—with distributed denial-of-service (DDoS) attacks,2  which temporarily limit or prevent users from conducting daily operations. The availability of  DDoS-for-hire services provides opportunities for any motivated malicious cyber actor to  conduct disruptive attacks regardless of experience level. 2 DDoS attacks overwhelm servers with a high level of internet traffic originating from many different sources,  making it impossible to mitigate at a single source. These disruptions have included  verbally harassing students and teachers, displaying pornography and/or violent images, and doxing3  meeting attendees. Tactics, such as phishing, trick victims into revealing  personal information (e.g., password or bank account information) or performing a task (e.g., clicking  on a link). In such scenarios, a victim could receive what appears to be legitimate email that:    Requests personally identifiable information (PII) (e.g., full name, birthdate, student ID),     Directs the user to confirm a password or personal identification number (PIN),     Instructs the recipient to visit a website that is compromised by the cyber actor, or     Contains an attachment with malware. These types of attacks are referred to  as Domain Spoofing or Homograph attacks. Open/Exposed Ports  The FBI, CISA, and MS-ISAC frequently see malicious cyber actors exploiting exposed Remote  Desktop Protocol (RDP) services to gain initial access to a network and, often, to manually deploy  ransomware. They are then positioned to move laterally throughout a network  (often using SMB), escalate privileges, access and exfiltrate sensitive information, harvest  credentials, or deploy a wide variety of malware. Once a product reaches EOL, customers no longer  receive security updates, technical support, or bug fixes. Because end users are targeted, make employees and  students aware of the threats—such as ransomware and phishing scams—and how they  are delivered. Ransomware Best Practices  The FBI and CISA do not recommend paying ransoms. It may also embolden adversaries to target additional organizations, encourage other  criminal actors to engage in the distribution of ransomware, and/or fund illicit activities. However,  regardless of whether your organization decided to pay the ransom, the FBI urges you to report  ransomware incidents to your local FBI field office. Doing so provides the FBI with the critical  information they need to prevent future attacks by identifying and tracking ransomware attackers and  holding them accountable under US law."
Addressing Risks Associated with Rail Industrial Internet of Things and Commercial Off-the-Shelf System Solutions,2020-12-08,4,"{""Malware"": 4, ""Ransomware"": 2, ""Crimes Against Children"": 1, ""Botnet"": 1, ""IPR*/Copyright&Counterfeit"": 1}","{""Phishing/Spoofing"": {}, ""Extortion"": {}, ""Personal Data Breach"": {}, ""Non-Payment/Non-Delivery"": {}, ""Investment"": {}, ""Tech Support"": {}, ""Business Email Compromise"": {}, ""Identity Theft"": {}, ""Employment"": {}, ""Confidence/Romance"": {}, ""Government Impersonation"": {}, ""Credit Card/Check Fraud"": {}, ""Harassment/Stalking"": {}, ""Real Estate"": {}, ""Advanced Fee"": {}, ""Crimes Against Children"": {""minor"": 1}, ""Lottery/Sweepstakes/Inheritance"": {}, ""Data Breach"": {}, ""Ransomware"": {""ransomware"": 2}, ""Overpayment"": {}, ""IPR*/Copyright&Counterfeit"": {""intellectual property"": 1}, ""Threats of Violence"": {}, ""SIM Swap"": {}, ""Botnet"": {""ddos"": 1}, ""Malware"": {""malware"": 4}, ""Cryptocurrency"": {}}","Remote accessibility increases the number of potential intrusion vectors a  malicious cyber actor could exploit for stealing data or introducing malware. For example, the WannaCry ransomware targeted internet-connected  Windows 7 operating systems, impacting victims across multiple industries, including the  German rail sector. While most of the cyber incidents only disrupted minor  operations, led to monetary losses, or resulted in malware being introduced into rail company  computer networks, one incident in Lodz, Poland, resulted in train derailments.c The most  recent breach, which occurred in August 2020, prevented a US transportation authority from  sharing travel information with its customers. To mitigate the spread of malware, the US  transportation authority temporarily shut down its real-time travel data sharing service and  suspended employee email, payroll, and remote timekeeping capabilities. FBI investigations have revealed that malicious cyber actors actively search for and  compromise vulnerable IoT devices for use as proxies or intermediaries for Internet requests  to route malicious traffic for cyber-attacks, participate in DDoS attacks, and use them as entry  points for computer network exploitation. Additionally, cyber actors could deploy malware or execute  ransomware on devices capable of spreading throughout all connected rail infrastructure  networks, enabling theft of customer and employee data, physical disruptions, or the theft of  intellectual property."
Cyber Criminals Exploit Email Rule Vulnerability to Increase the Likelihood of Successful Business Email Compromise,2020-12-04,4,"{""Business Email Compromise"": 14, ""Phishing/Spoofing"": 2}","{""Phishing/Spoofing"": {""phishing"": 1, ""spoofing"": 1}, ""Extortion"": {}, ""Personal Data Breach"": {}, ""Non-Payment/Non-Delivery"": {}, ""Investment"": {}, ""Tech Support"": {}, ""Business Email Compromise"": {""business email compromise"": 2, ""bec"": 9, ""business email"": 2, ""email compromise"": 1}, ""Identity Theft"": {}, ""Employment"": {}, ""Confidence/Romance"": {}, ""Government Impersonation"": {}, ""Credit Card/Check Fraud"": {}, ""Harassment/Stalking"": {}, ""Real Estate"": {}, ""Advanced Fee"": {}, ""Crimes Against Children"": {}, ""Lottery/Sweepstakes/Inheritance"": {}, ""Data Breach"": {}, ""Ransomware"": {}, ""Overpayment"": {}, ""IPR*/Copyright&Counterfeit"": {}, ""Threats of Violence"": {}, ""SIM Swap"": {}, ""Botnet"": {}, ""Malware"": {}, ""Cryptocurrency"": {}}","Cyber Criminals Exploit Email Rule  Vulnerability to Increase the Likelihood of  Successful Business Email Compromise   Summary  The COVID-19 pandemic prompted a mass shift to telework among  many US businesses, resulting in increased use of web-based email  applications. Cyber criminals then  capitalize on this reduced visibility to increase the likelihood of a  successful business email compromise (BEC). The FBI is sharing this  information to inform companies of this email rule forwarding  vulnerability, which may leave businesses more susceptible to BEC. TLP: WHITE  TLP: WHITE  Threat Overview BEC is a sophisticated scam targeting businesses that perform electronic payments such as wire or  automated clearing house transfers. A cyber criminal initially compromises a business email account  through social engineering or computer intrusion techniques. BEC actors  create auto-forwarding rules within email accounts after they obtain employee credentials to decrease  the victims’ ability to observe fraudulent communications. Even after a financial institution or law enforcement contact warns a victimized business of a  potential BEC, a system audit may not identify the updated email rules if it does not audit both  applications, increasing the time a cyber criminal can retain email access and continue BEC activity. After the BEC actors obtained access to the network, they impersonated a known international  vendor. For information on BEC actors targeting organizations that use Microsoft Office 365, please refer to the  3 March 2020 Private Industry Notification (PIN-20200303-001), “Cyber Criminals Conduct Business  Email Compromise through Exploitation of Cloud-Based Email Services, Costing US Businesses Over  Two Billion Dollars.” Additionally, the 7 November 2019 Private Industry Notification (PIN-20191107- 001), “Cyber Actors Leverage Subscription-based Commercial Database to Conduct Business Email  Compromise Fraud against Construction Companies,” details BEC actors registering similar domains to  impersonate vendors with ongoing victim relationships.  Enable security features that block malicious email, such as anti-phishing and anti-spoofing  policies."
Nation-State APTs Continue to Target US Think Tanks; Sensitive Information Remains at Risk,2020-12-03,4,"{""Phishing/Spoofing"": 3}","{""Phishing/Spoofing"": {""spear-phishing"": 2, ""spoofing"": 1}, ""Extortion"": {}, ""Personal Data Breach"": {}, ""Non-Payment/Non-Delivery"": {}, ""Investment"": {}, ""Tech Support"": {}, ""Business Email Compromise"": {}, ""Identity Theft"": {}, ""Employment"": {}, ""Confidence/Romance"": {}, ""Government Impersonation"": {}, ""Credit Card/Check Fraud"": {}, ""Harassment/Stalking"": {}, ""Real Estate"": {}, ""Advanced Fee"": {}, ""Crimes Against Children"": {}, ""Lottery/Sweepstakes/Inheritance"": {}, ""Data Breach"": {}, ""Ransomware"": {}, ""Overpayment"": {}, ""IPR*/Copyright&Counterfeit"": {}, ""Threats of Violence"": {}, ""SIM Swap"": {}, ""Botnet"": {}, ""Malware"": {}, ""Cryptocurrency"": {}}","Adversaries have  likely relied on multiple avenues for initial access - from employing low-skilled capabilities to  gain access via credential harvesting and spear-phishing attacks, to leveraging advanced  approaches to take advantage of unpatched and unsecured networks. The following guidance may assist in developing proper network  defense procedures:   Provide training on methods to secure and transmit sensitive information   Apply encryption to data at rest and data in transit   Employ and support proper procedures for password security   Require two-factor authentication for account/network access   Provide appropriate employee training on the dangers and impact of social engineering  (spear-phishing attacks and email spoofing)   Blacklist malicious IPs, and those from unverified/obfuscated sources (TOR, unapproved  VPNs, etc.)   Routinely apply software patches and upgrades  Reporting Suspicious Activity  The FBI encourages organizations which may have been affected by nation-state APT activity to  contact their local FBI field office."
Advanced Persistent Threat Actors Targeting U.S. Think Tanks,2020-12-02,4,"{""Phishing/Spoofing"": 3, ""Malware"": 1}","{""Phishing/Spoofing"": {""spearphishing"": 2, ""phishing"": 1}, ""Extortion"": {}, ""Personal Data Breach"": {}, ""Non-Payment/Non-Delivery"": {}, ""Investment"": {}, ""Tech Support"": {}, ""Business Email Compromise"": {}, ""Identity Theft"": {}, ""Employment"": {}, ""Confidence/Romance"": {}, ""Government Impersonation"": {}, ""Credit Card/Check Fraud"": {}, ""Harassment/Stalking"": {}, ""Real Estate"": {}, ""Advanced Fee"": {}, ""Crimes Against Children"": {}, ""Lottery/Sweepstakes/Inheritance"": {}, ""Data Breach"": {}, ""Ransomware"": {}, ""Overpayment"": {}, ""IPR*/Copyright&Counterfeit"": {}, ""Threats of Violence"": {}, ""SIM Swap"": {}, ""Botnet"": {}, ""Malware"": {""malware"": 1}, ""Cryptocurrency"": {}}","These have included low-effort  capabilities such as spearphishing emails and third-party message services directed at both corporate  and personal accounts, as well as exploiting vulnerable web-facing devices and remote connection  capabilities. Leaders  •  Implement a training program to familiarize users with identifying social engineering  techniques and phishing emails. •  Be vigilant against tailored spearphishing attacks targeting corporate and personal accounts  (including both email and social media accounts). •  Block certain websites and email attachments commonly associated with malware (e.g., .scr,  .pif, .cpl, .dll, .exe)."
"Unattributed Entities Register Domains Spoofing the US Census Bureau’s Websites, Likely for Malicious Use",2020-11-06,4,"{""Phishing/Spoofing"": 7, ""Malware"": 3}","{""Phishing/Spoofing"": {""spoofing"": 2, ""spoofed"": 5}, ""Extortion"": {}, ""Personal Data Breach"": {}, ""Non-Payment/Non-Delivery"": {}, ""Investment"": {}, ""Tech Support"": {}, ""Business Email Compromise"": {}, ""Identity Theft"": {}, ""Employment"": {}, ""Confidence/Romance"": {}, ""Government Impersonation"": {}, ""Credit Card/Check Fraud"": {}, ""Harassment/Stalking"": {}, ""Real Estate"": {}, ""Advanced Fee"": {}, ""Crimes Against Children"": {}, ""Lottery/Sweepstakes/Inheritance"": {}, ""Data Breach"": {}, ""Ransomware"": {}, ""Overpayment"": {}, ""IPR*/Copyright&Counterfeit"": {}, ""Threats of Violence"": {}, ""SIM Swap"": {}, ""Botnet"": {}, ""Malware"": {""malware"": 2, ""virus"": 1}, ""Cryptocurrency"": {}}","Unattributed Entities Register Domains Spoofing  the US Census Bureau’s Websites, Likely for  Malicious Use     Summary  The FBI has observed entities not associated with the US Census Bureau  registering numerous domains spoofing the Bureau’s websites, likely for  malicious purposes. These suspicious spoofed domains are easily mistaken for  legitimate Census Bureau websites and can be used for advertising, credential  harvesting, and other malicious purposes. Spoofed domains (aka typosquatting)  mimic legitimate domains by either altering character(s) within the domain or  associating another domain with similar characteristics to the legitimate domain,  such as “Censusburea[.]com” or “census-gov[.]us” Spoofed domains are  increasingly used by cyber criminal and state-sponsored groups to propagate the  spread of malware, which can lead to further compromise and financial losses. Cyber actors can use spoofed domains similar to Census Bureau  websites to target businesses and the public. In order to  prevent website confusion for site visitors, the Census Bureau is actively working to disable spoofed domains.   Update anti-malware and anti-virus software and conduct regular network scans."
Cyber Actors Target Misconfigured SonarQube Instances to Access Proprietary Source Code of US Government Agencies and Businesses,2020-11-03,4,"{""Data Breach"": 1}","{""Phishing/Spoofing"": {}, ""Extortion"": {}, ""Personal Data Breach"": {}, ""Non-Payment/Non-Delivery"": {}, ""Investment"": {}, ""Tech Support"": {}, ""Business Email Compromise"": {}, ""Identity Theft"": {}, ""Employment"": {}, ""Confidence/Romance"": {}, ""Government Impersonation"": {}, ""Credit Card/Check Fraud"": {}, ""Harassment/Stalking"": {}, ""Real Estate"": {}, ""Advanced Fee"": {}, ""Crimes Against Children"": {}, ""Lottery/Sweepstakes/Inheritance"": {}, ""Data Breach"": {""data leak"": 1}, ""Ransomware"": {}, ""Overpayment"": {}, ""IPR*/Copyright&Counterfeit"": {}, ""Threats of Violence"": {}, ""SIM Swap"": {}, ""Botnet"": {}, ""Malware"": {}, ""Cryptocurrency"": {}}","This activity is  similar to a previous data leak in July 2020, in which an identified cyber actor exfiltrated proprietary  source code from enterprises through poorly secured SonarQube instances and published the  exfiltrated source code on a self-hosted public repository."
Indictment of China-Based Cyber Actors Associated with APT 41 for Intrusion Activities,2020-11-03,4,"{""Ransomware"": 1, ""Malware"": 10, ""Cryptocurrency"": 1, ""Phishing/Spoofing"": 3, ""IPR*/Copyright&Counterfeit"": 2}","{""Phishing/Spoofing"": {""spearphishing"": 3}, ""Extortion"": {}, ""Personal Data Breach"": {}, ""Non-Payment/Non-Delivery"": {}, ""Investment"": {}, ""Tech Support"": {}, ""Business Email Compromise"": {}, ""Identity Theft"": {}, ""Employment"": {}, ""Confidence/Romance"": {}, ""Government Impersonation"": {}, ""Credit Card/Check Fraud"": {}, ""Harassment/Stalking"": {}, ""Real Estate"": {}, ""Advanced Fee"": {}, ""Crimes Against Children"": {}, ""Lottery/Sweepstakes/Inheritance"": {}, ""Data Breach"": {}, ""Ransomware"": {""ransomware"": 1}, ""Overpayment"": {}, ""IPR*/Copyright&Counterfeit"": {""trademark"": 2}, ""Threats of Violence"": {}, ""SIM Swap"": {}, ""Botnet"": {}, ""Malware"": {""malware"": 10}, ""Cryptocurrency"": {""crypto"": 1}}","The group used sophisticated tradecraft against a variety of targets, such as compromising  legitimate software for supply chain intrusions, using custom malware, deploying ransomware, and engaging  in crypto-jacking attacks. Spearphishing emails with  malicious files [T1566.001] is a common tactic for the actors. Spearphishing themes frequently target HR  departments with malicious archive files masqueraded [T1036.002] as applicant resumes. The group  historically used Microsoft Compiled HTML Help (CHM) [T1218.001] files within their spearphishing  messages. The group has also deployed “Skeleton Key” malware to create a  master password that will work for any account in the domain. This technique allowed the group to gain access into victim accounts using publicly available  exploit code against VPN services [T1133] or public facing applications [T1190] – without using their own  distinctive or identifying malware – so long as the group acted before victim companies updated their  systems. 1 MITRE is a registered trademark of The Mitre Corporation. 2 ATT&CK is a registered trademark of The Mitre Corporation. TLP:WHITE  TLP:WHITE  The group has used the following malware: gh0st, 9002, Zxshell, HK Door, XSLCMD, PlugX/Sogu, Derusbi,  HiKit, Crosswalk/ProxIP, Winnti/Pasteboy/Stone/Treadstone, Azazel, PoisonPlug/Barlaiy/ShadowPad,  metasploit-meterpreter, and Cobalt Strike. The group  frequently implanted malware in “%WINDIR%\Windows\System32\wbem\loadperf.dll” to side-jack of the  proper ""loadperf.dll"" file located in the ""%WINDIR%\Windows\System32\"" directory. This technique has been used to  launch HK Door, Crosswalk, and other malware. These actors also created “C2 dead drops” (C2DD) [T1102.001], whereby they programmed their malware to  contact these C2DD accounts on publicly available web pages. Specifically, C2DD pages included what might appear to be random strings of text,  with the relevant malware programmed to recognize the text strings—which typically started and/or ended  with a pre-programmed “anchor text”—converting them into actor-controlled IP addresses or C2 domains. For example, PlugX/Sogu/Fast malware used by the group used encoded text sandwiched between “DZKS”  and “DZJS”. The malware would then cause the victim computers to communicate with the servers hosting  those IP addresses or C2 domains."
"Tactics, Techniques, and Procedures Associated with Malware within Chinese Government-Mandated Tax Software",2020-11-03,4,"{""IPR*/Copyright&Counterfeit"": 2, ""Malware"": 21}","{""Phishing/Spoofing"": {}, ""Extortion"": {}, ""Personal Data Breach"": {}, ""Non-Payment/Non-Delivery"": {}, ""Investment"": {}, ""Tech Support"": {}, ""Business Email Compromise"": {}, ""Identity Theft"": {}, ""Employment"": {}, ""Confidence/Romance"": {}, ""Government Impersonation"": {}, ""Credit Card/Check Fraud"": {}, ""Harassment/Stalking"": {}, ""Real Estate"": {}, ""Advanced Fee"": {}, ""Crimes Against Children"": {}, ""Lottery/Sweepstakes/Inheritance"": {}, ""Data Breach"": {}, ""Ransomware"": {}, ""Overpayment"": {}, ""IPR*/Copyright&Counterfeit"": {""trademark"": 2}, ""Threats of Violence"": {}, ""SIM Swap"": {}, ""Botnet"": {}, ""Malware"": {""malware"": 21}, ""Cryptocurrency"": {}}","TLP:WHITE  TLP:WHITE                                                               1 MITRE is a registered trademark of The Mitre Corporation. 2 ATT&CK is a registered trademark of The Mitre Corporation. Tactics, Techniques, and Procedures Associated  with Malware within Chinese Government- Mandated Tax Software    Summary  On 23 July 2020, the FBI disseminated the FLASH message “Chinese  Government-Mandated Tax Software Contains Malware, Enabling  Backdoor Access” (AC-000129-TT) after the FBI observed reporting of  malware distributed through Chinese Government-mandated tax software. The FBI is disseminating this FLASH message based on the identification of  additional IOCs and tactics, techniques, and procedures (TTPs) associated  with the malware. Observed TTPs associated  with the malware can be mapped to the MITRE1 Adversarial Tactics,  Techniques, and Common Knowledge (ATT&CK2) for Enterprise framework,  Version 7.0. TLP:WHITE  TLP:WHITE    Threat  Following the recent disclosure of the GoldenSpy malware, cyber actors have made determined efforts to  remove the malware from victim networks. Each subsequent attempt to remove the malware involves  increasing levels of obfuscation and detection avoidance techniques in an effort to evade newly  implemented network security rules. The FBI assesses that the cyber actors’ persistent attempts to silently remove the  malware is not a sign of resignation. The tax software and the loaders for the  malware were digitally signed. The tax software and the loaders for  the malware were digitally signed. Execution  User Execution: Malicious File  (T1204.002)  Aisino Version: See T1195.002 (above)  Baiwang Version: See T1195.002 (above)  Command and Scripting Interpreter:  Windows Command Line (T1159.003)  Aisino Version: Use of numerous executable files in order to install the  malware like ""plugin.exe"" and ""svm.exe"". Baiwang Version: Use of numerous executable files and INF functions in  order to install the malware like ""taxver.exe"" and ""kp.exe"". System Services: Service Execution  (T1569.002)  Aisino Version: The malware installs, establishes presence, and runs as  system processes via “svm.exe” and “svmm.exe”. Baiwang Version: The malware installs, establishes presence, and runs as  system processes via “WMPAssis”. Persistence  Scheduled Task/Job: Scheduled Task  (T1053.005)  Aisino Version: The trojanized file schedules the malware download two  hours after the tax software install. Execution Guardrails (T1480)  Baiwang Version: The malware checks if the victim system is running 64-bit  version of Windows 7 or above before continuing the process. Baiwang Version: See T1480 (above)    Command and Control  Non-Standard Port  (T1571)  Aisino Version: Use of port 7357, 9002, 9005, 9006 for telnet and malware  network traffic. Fallback Channels  (T1008)  Aisino Version: Numerous IP/domains are coded for the malware to  communicate. TLP:WHITE  TLP:WHITE    Baiwang Version: Numerous IP/domains are coded for the malware to  download its additional files. Remote Access Software (T1219)  Aisino Version: The malware enables telnet via 7357."
Ransomware Activity Targeting the Healthcare and Public Health Sector,2020-11-02,4,"{""Ransomware"": 44, ""Malware"": 16, ""Phishing/Spoofing"": 5, ""Cryptocurrency"": 1}","{""Phishing/Spoofing"": {""phishing"": 5}, ""Extortion"": {}, ""Personal Data Breach"": {}, ""Non-Payment/Non-Delivery"": {}, ""Investment"": {}, ""Tech Support"": {}, ""Business Email Compromise"": {}, ""Identity Theft"": {}, ""Employment"": {}, ""Confidence/Romance"": {}, ""Government Impersonation"": {}, ""Credit Card/Check Fraud"": {}, ""Harassment/Stalking"": {}, ""Real Estate"": {}, ""Advanced Fee"": {}, ""Crimes Against Children"": {}, ""Lottery/Sweepstakes/Inheritance"": {}, ""Data Breach"": {}, ""Ransomware"": {""ransomware"": 38, ""ransom"": 5, ""ransoms"": 1}, ""Overpayment"": {}, ""IPR*/Copyright&Counterfeit"": {}, ""Threats of Violence"": {}, ""SIM Swap"": {}, ""Botnet"": {}, ""Malware"": {""malware"": 15, ""virus"": 1}, ""Cryptocurrency"": {""bitcoin"": 1}}","TLP:WHITE TLP:WHITE         JOINT  CYBERSECURITY  ADVISORY  Ransomware Activity Targeting the  Healthcare and Public Health Sector  AA20-302A  October 28, 2020  Updated October 29, 2020                 This document is marked TLP:WHITE. This advisory describes the tactics, techniques, and procedures (TTPs) used by  cybercriminals against targets in the Healthcare and Public Health Sector (HPH) to infect systems  with ransomware, notably Ryuk and Conti, for financial gain. Key Findings    CISA, FBI, and HHS assess malicious cyber actors are targeting the HPH Sector with TrickBot  and BazarLoader malware, often leading to ransomware attacks, data theft, and the disruption  of healthcare services. TECHNICAL DETAILS  Threat Details  The cybercriminal enterprise behind TrickBot, which is likely also the creator of BazarLoader  malware, has continued to develop new functionality and tools, increasing the ease, speed, and  profitability of victimization. Cybercriminals  disseminate TrickBot and BazarLoader via phishing campaigns that contain either links to malicious  websites that host the malware or attachments with the malware. These activities include  credential harvesting, mail exfiltration, cryptomining, point-of-sale data exfiltration, and the  deployment of ransomware, such as Ryuk and Conti. TrickBot Indicators of Compromise  After successful execution of the malware, TrickBot copies itself as an executable file with a 12- character (includes .exe), randomly generated file name (e.g. Filename group_tag or Readme.md containing the TrickBot campaign IDs is  created in the malware directory. The malware may also drop a file named anchorDiag.txt in one of the directories listed above. The malware uses scheduled tasks that run every 15 minutes to ensure persistence on the victim  machine. The malware deploys self-deletion techniques by executing the following commands.   kostunivo[.]com    chishir[.]com    mangoclone[.]com    onixcellent[.]com  This malware used the following legitimate domains to test internet connectivity. The anchor_dns malware historically used the following C2 servers. Campaigns using  Bazar represent a new technique for cybercriminals to infect and monetize networks and have  increasingly led to the deployment of ransomware, including Ryuk. BazarLoader has become one of  the most commonly used vectors for ransomware deployment. Deployment of the BazarLoader malware typically comes from phishing email and contains the  following:    Phishing emails are typically delivered by commercial mass email delivery services.   This document usually references a failure to create a preview of the document and contains a  link to a URL hosting a malware payload in the form of a misnamed or multiple extension file. In other parts of the  ransomware code, Ryuk has removed or replaced features of Hermes, such as the restriction against  targeting specific Eurasia-based systems. In addition, the attackers will attempt to shut down or uninstall security applications on the victim  systems that might prevent the ransomware from executing. The RyukReadMe file placed on the system after encryption provides either one or two email   addresses, using the end-to-end encrypted email provider Protonmail, through which the victim can                                                  2 See the United Kingdom (UK) National Cyber Security Centre (NCSC) advisory, Ryuk Ransomware Targeting  Organisations Globally, on their ongoing investigation into global Ryuk ransomware campaigns and associated  Emotet and TrickBot malware. While earlier versions provide a ransom amount in the initial notifications,  Ryuk users are now designating a ransom amount only after the victim makes contact. The victim is told how much to pay to a specified Bitcoin wallet for the decryptor and is provided a  sample decryption of two files. Encrypted  directories have had a ransom note of RyukReadMe.txt  written to the directory. Impair Defenses: Disable or Modify  Tools [T1562.001]   Ryuk has stopped services related to anti-virus. Ransomware Best Practices  CISA, FBI and HHS do not recommend paying ransoms. It may also embolden adversaries to target additional organizations, encourage other  criminal actors to engage in the distribution of ransomware, and/or fund illicit activities. CISA, FBI, and HHS recommend that healthcare organizations implement both ransomware  prevention and ransomware response meaures immediately. It is important that backups be  maintained offline or in separated networks as many ransomware variants attempt to find and  delete any accessible backups. Maintaining offline, current backups is most critical because  there is no need to pay a ransom for data that is readily accessible to your organization.   Create, maintain, and exercise a basic cyber incident response plan and associated  communications plan that includes response and notification procedures for a ransomware  incident.   The Ransomware Response Checklist, available in the CISA and MS-ISAC Joint  Ransomware Guide, serves as an adaptable, ransomware- specific annex to organizational  cyber incident response or disruption plans.   Legacy devices should be identified and inventoried with highest priority and given special  consideration during a ransomware event.   See CISA and MS-ISAC's Joint Ransomware Guide for additional in-depth hardening  guidance. Contact CISA for These No-Cost Resources    Information sharing with CISA and MS-ISAC (for SLTT organizations) includes bi-directional  sharing of best practices and network defense information regarding ransomware trends and  variants as well as malware that is a precursor to ransomware. o Assessments include Vulnerability Scanning and Phishing Campaign Assessment.   Cyber exercises evaluate or help develop a cyber incident response plan in the context of a  ransomware incident scenario. CISA, FBI, and HHS do not recommend paying ransom. Should your organization be a victim of ransomware, CISA strongly recommends responding by using  the Ransomware Response Checklist located in CISA and MS-ISAC's Joint Ransomware Guide,  which contains steps for detection and analysis as well as containment and eradication. Additionally, see CISA and MS-ISAC's Joint Ransomware Guide for information on contacting—and  what to expect from contacting—federal asset response and federal threat response contacts. RESOURCES    CISA Emergency Services Sector Continuity Planning Suite     CISA MS-ISAC Joint Ransomware Guide    CISA Tip: Avoiding Social Engineering and Phishing Attacks    FBI PSA: High-Impact Ransomware Attacks Threaten U.S. Businesses and Organizations    Health Industry Cybersecurity Tactical Crisis Response    Health Industry Cybersecurity Practices (HICP)     HHS - Ransomware Spotlight Webinar     HHS - Health Industry Cybersecurity Practices: Managing Threats and Protecting Patients    HHS - Ransomware Briefing     HHS - Aggressive Ransomware Impacts    HHS - Ransomware Fact Sheet    HHS - Cyber Attack Checklist    HHS - Cyber-Attack Response Infographic    NIST - Data Integrity Publication    NIST - Guide for Cybersecurity Event Recovery    NIST - Identifying and Protecting Assets Against Ransomware and Other Destructive Events    NIST - Detecting and Responding to Ransomware and Other Destructive Events    NIST - Recovering from Ransomware and Other Destructive Events    FireEye - Unhappy Hour Special: KEGTAP and SINGLEMALT With a Ransomware Chaser    Github list of IOCs"
Indicators of Compromise Pertaining to Iranian Interference in the 2020 US Presidential Election,2020-10-30,4,"{""Phishing/Spoofing"": 1, ""Malware"": 1}","{""Phishing/Spoofing"": {""spoofing"": 1}, ""Extortion"": {}, ""Personal Data Breach"": {}, ""Non-Payment/Non-Delivery"": {}, ""Investment"": {}, ""Tech Support"": {}, ""Business Email Compromise"": {}, ""Identity Theft"": {}, ""Employment"": {}, ""Confidence/Romance"": {}, ""Government Impersonation"": {}, ""Credit Card/Check Fraud"": {}, ""Harassment/Stalking"": {}, ""Real Estate"": {}, ""Advanced Fee"": {}, ""Crimes Against Children"": {}, ""Lottery/Sweepstakes/Inheritance"": {}, ""Data Breach"": {}, ""Ransomware"": {}, ""Overpayment"": {}, ""IPR*/Copyright&Counterfeit"": {}, ""Threats of Violence"": {}, ""SIM Swap"": {}, ""Botnet"": {}, ""Malware"": {""virus"": 1}, ""Cryptocurrency"": {}}","APT actors are creating fictitious media  sites and spoofing legitimate media sites to spread anti-American propaganda  and misinformation about voter suppression.  Deploy a Web application firewall and conduct regular virus signature checks, application fuzzing,  code reviews, and server network analysis."
Iranian State-Sponsored Advanced Persistent Threat Actors Threaten Election-Related Systems,2020-10-22,4,"{""Phishing/Spoofing"": 6, ""Botnet"": 3, ""Business Email Compromise"": 1, ""Malware"": 1}","{""Phishing/Spoofing"": {""spoofing"": 1, ""spear-phishing"": 3, ""phishing"": 1, ""spoofed"": 1}, ""Extortion"": {}, ""Personal Data Breach"": {}, ""Non-Payment/Non-Delivery"": {}, ""Investment"": {}, ""Tech Support"": {}, ""Business Email Compromise"": {""compromised email"": 1}, ""Identity Theft"": {}, ""Employment"": {}, ""Confidence/Romance"": {}, ""Government Impersonation"": {}, ""Credit Card/Check Fraud"": {}, ""Harassment/Stalking"": {}, ""Real Estate"": {}, ""Advanced Fee"": {}, ""Crimes Against Children"": {}, ""Lottery/Sweepstakes/Inheritance"": {}, ""Data Breach"": {}, ""Ransomware"": {}, ""Overpayment"": {}, ""IPR*/Copyright&Counterfeit"": {}, ""Threats of Violence"": {}, ""SIM Swap"": {}, ""Botnet"": {""ddos"": 3}, ""Malware"": {""malware"": 1}, ""Cryptocurrency"": {}}","The APT actors are creating fictitious media sites and spoofing legitimate media sites to spread  obtained U.S. The APT actors have historically exploited critical vulnerabilities to conduct distributed denial-of- service (DDoS) attacks, structured query language (SQL) injections attacks, spear-phishing  campaigns, website defacements, and disinformation campaigns. Attackers could exploit this vulnerability in web applications  using Telerik UI for ASP.NET AJAX to conduct cross-site scripting (XSS) attacks.2  Historically, these actors have conducted DDoS attacks, SQL injections attacks, spear-phishing  campaigns, website defacements, and disinformation campaigns. In the past, cyber  actors have falsely claimed DDoS attacks have compromised the integrity of voting systems in  an effort to mislead the public that their attack would prevent a voter from casting a ballot or  change votes already cast.   Spear-phishing messages may not be easily detectible. APT actors use spear  phishing to gain access to information—often credentials, such as passwords—and to identify  follow-on victims. A malicious cyber actor could use compromised email access to spread  disinformation to the victims’ contacts or collect information sent to or from the compromised  account. Malicious actors often use social media as well as fictitious and spoofed media sites for these  campaigns. Web shell malware is a long- standing, pervasive threat that continues to evade many security tools."
Russian State-Sponsored Advanced Persistent Threat Actor Compromises US Government Targets,2020-10-22,4,"{""Malware"": 1, ""Phishing/Spoofing"": 1}","{""Phishing/Spoofing"": {""phishing"": 1}, ""Extortion"": {}, ""Personal Data Breach"": {}, ""Non-Payment/Non-Delivery"": {}, ""Investment"": {}, ""Tech Support"": {}, ""Business Email Compromise"": {}, ""Identity Theft"": {}, ""Employment"": {}, ""Confidence/Romance"": {}, ""Government Impersonation"": {}, ""Credit Card/Check Fraud"": {}, ""Harassment/Stalking"": {}, ""Real Estate"": {}, ""Advanced Fee"": {}, ""Crimes Against Children"": {}, ""Lottery/Sweepstakes/Inheritance"": {}, ""Data Breach"": {}, ""Ransomware"": {}, ""Overpayment"": {}, ""IPR*/Copyright&Counterfeit"": {}, ""Threats of Violence"": {}, ""SIM Swap"": {}, ""Botnet"": {}, ""Malware"": {""malware"": 1}, ""Cryptocurrency"": {}}","o National Security Agency Cybersecurity Information Sheet U/OO/134094-20 – Detect  and Prevent Web Shells Malware.   Establish a training mechanism to inform end users on proper email and web usage,  highlighting current information and analysis and including common indicators of phishing."
Cyber Actors Conduct Credential Stuffing Attacks Against US Financial Sector,2020-09-29,3,"{""Investment"": 2, ""Credit Card/Check Fraud"": 2, ""Botnet"": 5, ""Identity Theft"": 1}","{""Phishing/Spoofing"": {}, ""Extortion"": {}, ""Personal Data Breach"": {}, ""Non-Payment/Non-Delivery"": {}, ""Investment"": {""investment"": 2}, ""Tech Support"": {}, ""Business Email Compromise"": {}, ""Identity Theft"": {""identity fraud"": 1}, ""Employment"": {}, ""Confidence/Romance"": {}, ""Government Impersonation"": {}, ""Credit Card/Check Fraud"": {""credit card"": 2}, ""Harassment/Stalking"": {}, ""Real Estate"": {}, ""Advanced Fee"": {}, ""Crimes Against Children"": {}, ""Lottery/Sweepstakes/Inheritance"": {}, ""Data Breach"": {}, ""Ransomware"": {}, ""Overpayment"": {}, ""IPR*/Copyright&Counterfeit"": {}, ""Threats of Violence"": {}, ""SIM Swap"": {}, ""Botnet"": {""botnets"": 2, ""botnet"": 1, ""ddos"": 2}, ""Malware"": {}, ""Cryptocurrency"": {}}","The victims included banks,  financial services providers, insurance companies, and investment  firms. The attackers masqueraded as legitimate account holders and  bank employees to submit fraudulent transactions, including money  transfers, bill payments, and credit card reward points purchases. a Credential stuffing is a technique using automated tools and botnets to attempt authentication across online platforms with  stolen credentials. When the attackers successfully compromise accounts, they monetize their access by  abusing credit card or loyalty programs, committing identity fraud, or submitting fraudulent  transactions such as transfers and bill payments. Many of the reports  received by the FBI indicated the use of botnet credential stuffing. Although most credential  stuffing attacks have low success rates, cyber actors’ use of botnets to conduct a massive scale  of automated login attempts in a short timeframe enabled them to discover multiple valid  credential pairs.  Between June 2019 and January 2020, a NY-based investment firm and an international  money transfer platform experienced credential stuffing attacks against their mobile  APIs, according to a credible financial source. TLP:WHITE  Federal Bureau of Investigation, Cyber Division  Private Industry Notification     TLP:WHITE    Identification  Between 2017 and 2020, credential stuffing attacks and DDoS attacks accounted for most  security incidents against the financial sector, according to a cybersecurity firm. However, while a DDoS attack is  intended to take a system offline by flooding it with more traffic than it is designed to process,  a credential stuffing attack is intended to gain system access using a high volume of login  attempts to ultimately monetize access."
Indicators Associated with Netwalker Ransomware,2020-09-29,3,"{""Ransomware"": 11, ""Phishing/Spoofing"": 2, ""Malware"": 2}","{""Phishing/Spoofing"": {""phishing"": 2}, ""Extortion"": {}, ""Personal Data Breach"": {}, ""Non-Payment/Non-Delivery"": {}, ""Investment"": {}, ""Tech Support"": {}, ""Business Email Compromise"": {}, ""Identity Theft"": {}, ""Employment"": {}, ""Confidence/Romance"": {}, ""Government Impersonation"": {}, ""Credit Card/Check Fraud"": {}, ""Harassment/Stalking"": {}, ""Real Estate"": {}, ""Advanced Fee"": {}, ""Crimes Against Children"": {}, ""Lottery/Sweepstakes/Inheritance"": {}, ""Data Breach"": {}, ""Ransomware"": {""ransomware"": 6, ""ransom"": 5}, ""Overpayment"": {}, ""IPR*/Copyright&Counterfeit"": {}, ""Threats of Violence"": {}, ""SIM Swap"": {}, ""Botnet"": {}, ""Malware"": {""virus"": 1, ""malware"": 1}, ""Cryptocurrency"": {}}","Indicators Associated with Netwalker Ransomware   Summary      As of June 2020, the FBI has received notifications of Netwalker ransomware  attacks on U.S. When executed, Netwalker deploys an embedded configuration that  includes a ransom note, ransom note file names, and various configuration  options. In March 2020, actors using Netwalker began exploiting COVID-19 fears by luring  unsuspecting victims with pandemic related phishing e-mails. Specifically,  Netwalker spread through a Visual Basic Scripting (VBS) script attached to COVID- 19 phishing e-mails that executed the payload once opened. In order to encrypt the user files on a victim network, the actors typically launch a malicious PowerShell script  embedded with the Netwalker ransomware executable. Paying a ransom may embolden adversaries to  target additional organizations, encourage other criminal actors to engage in the distribution of ransomware,  and/or may fund illicit activities. Paying the ransom also does not guarantee that a victim’s files will be recovered. Regardless of whether you or your  organization have decided to pay the ransom, the FBI urges you to report ransomware incidents to your local field  office or the FBI’s Internet Crime Complaint Center (IC3). Doing so provides investigators with the critical  information they need to track ransomware attackers, hold them accountable under U.S.  Install and regularly update anti-virus or anti-malware software on all hosts."
"Indicators of Compromise Associated with Rana Intelligence Computing, also known as Advanced Persistent Threat 39, Chafer, Cadelspy, Remexi, and ITG07",2020-09-17,3,"{""Malware"": 39, ""Phishing/Spoofing"": 2}","{""Phishing/Spoofing"": {""phishing"": 2}, ""Extortion"": {}, ""Personal Data Breach"": {}, ""Non-Payment/Non-Delivery"": {}, ""Investment"": {}, ""Tech Support"": {}, ""Business Email Compromise"": {}, ""Identity Theft"": {}, ""Employment"": {}, ""Confidence/Romance"": {}, ""Government Impersonation"": {}, ""Credit Card/Check Fraud"": {}, ""Harassment/Stalking"": {}, ""Real Estate"": {}, ""Advanced Fee"": {}, ""Crimes Against Children"": {}, ""Lottery/Sweepstakes/Inheritance"": {}, ""Data Breach"": {}, ""Ransomware"": {}, ""Overpayment"": {}, ""IPR*/Copyright&Counterfeit"": {}, ""Threats of Violence"": {}, ""SIM Swap"": {}, ""Botnet"": {}, ""Malware"": {""malware"": 36, ""virus"": 3}, ""Cryptocurrency"": {}}","TLP:WHITE              TLP:WHITE  In conjunction with Department of Treasury Office of Foreign Assets Control sanctions levied against  individuals and entities associated with Rana Corp, the FBI is providing information on numerous malware  variants and indicators of compromise (IOCs) associated with Rana to assist organizations and individuals in  determining whether they may have been targeted. Representative samples of the malware have also been  uploaded to Virus Total for individual analysis. Technical Details    The FBI identified numerous malware variants used by Rana, derived corresponding IOC signatures, and  developed YARA rules to help entities and individuals identify the malware on their networks and systems. Malware samples uploaded to Virus Total for individual analysis are also included below. Visual Basic Script (VBS) Malware  The FBI identified several malicious VBS scripts used by Rana. The VBS malware was embedded in Microsoft  Office documents and sent to victims via spear phishing or other social engineering techniques. We assess the actors use this process to upload/download victim data  and/or additional malware. TLP:WHITE              TLP:WHITE  VBS Indicators of Compromise  The FBI derived the below signatures to detect the VBS malware's presence:    Presence of files located in the following path:   o %userprofile%\appdata\local\Microsoft\Feed\dn  o %userprofile%\appdata\local\Microsoft\Feed\up   Presence of text files starting with a letter name followed by numbers, example K1234.vbs, that had  actor infrastructure embedded. The FBI assesses the AutoIt  malware was embedded in Microsoft Office documents or malicious links, and sent to victims via spear  phishing or other social engineering techniques. Analysis of the AutoIt malware revealed it was technically  very similar in functionality to the above-mentioned VBS malware. Analysis of the AutoIt malware code revealed the following:  1. When the malware is run, an AutoIt script named App.au3 executes. Execute PowerShell commands very  similar to those found in the VBS malware, specifically going to the update.php?m=b and  update.php?m=d for uploading/downloading commands and files. The VBS and/or AutoIt malware pulled down the BITS 1.0 malware from actor controlled  infrastructure for further victimization. In general, the BITS 1.0 malware contained similar functionality,  although each variant was slightly different. Analysis of the BITS 1.0 malware revealed it conducted the following:  1. Analysis indicated thatlog.txt logs malware functions,  task.xml triggers events.exe to keep running, XPTask.xml runs the scheduled tasks, and  upped.txt contains obfuscated logging. BITS 1.0 Malware Indicators of Compromise  The FBI derived the below signatures to detect the BITS 1.0 malware's presence:   DNS resolution to obscure IP addresses, specifically 65.65.65.X, 76.76.76.76, and 61.61.X.X. The BITS 2.0 malware does the following:  1. The malware was entitled  1.exe, and contained the following files and functionalities:    1. The Python-based malware was normally  contained in a .rar file, which also contained a script named ma.py. This Android Package (APK)  supported several different functionalities that indicated it to be a malware implant for Android devices. Malware metadata  Filename  Optimizer.apk  Package Name  com.android.providers.optimizer  and com.android.providers.optimizer-1   Last  Modification/  Compile Date:  12/24/2018, 05:46    File Type:   Android Package Kit / Android Application Package (APK)  File Size:  185.6 KB  MD5:  426351383DFE8F88A0959A9D5E8C43C7  SHA1:  0C23F62BA98EBFA2C062C485E5704F193909E421  SHA256:  A1481B251328B50D268B815DEBD614F539039E6E7012C90B66DAEE717712D524  Entropy:  7.966  Certificate:    Serial Number: 763faa62  Valid from: Sun Dec 23 18:47:57 EST 2018  Until: Mon Sep 25 19:47:57 EDT 2073  Certificate Fingerprints:  MD5: 7C:B5:E0:3A:4F:A2:7F:E1:0E:9A:81:A2:66:66:1F:6C  SHA1:  C4:D9:9E:F0:CB:CF:CA:B4:0A:B9:BE:4F:5A:68:5A:DC:00:6E:8D:49  SHA256:  53:1F:74:0C:51:9A:BD:1B:96:0F:E4:FF:E2:39:E3:DC:23:5C:99:41:D0:  D1:21:12:65:57:B3:CD:85:43:B0:D0     The APK implant was a variant of Android malware. The file libOptimizer.so contained within the APK file path \Optimizer\lib\x86\, contained the  encryption key for the malware’s network communication in the form of a stack string which was manually  created and stored in package a, class m, and method a (a.m.a). The malware comprised two components: a  dropper and an encrypted Microsoft CAB file. The CAB file is named depot.dat and contains four files that  make up the second stage of the malware. Dropper Files  Filenames:  installer.exe   svchost.exe  MD5 Hash:  fcc61b3a0277c47748a185dccccad5d8       TLP:WHITE              TLP:WHITE  Depot.dat Files  Filename:  depot.dat  MD5 Hash:  4d8e2fdb16877f693d8e90410f90a164  ce456b20f6cb4d5d74f00d976e2e7a91  Dropper Details    The dropper decrypted the depot.dat file and established a persistent mechanism for the malware. Because the malware  ensures that the seed is less than 0x10000, this limits the options for the generation of a key significantly and  the potential passwords that could be used. Bootui.dll opens and deobfuscates the configuration file, mlp.dat, as well as performs the majority of  the malware’s data collection and packaging functionality. For these pieces of malware, analysis victim data prior to egress will be  stored in: C:\Windows\Help\OEM which is the sole contents of tfd.log    Depot.dat Indicators of Compromise    The FBI derived the below signatures to detect the Depot.dat malware's presence:   Known Filenames:  o Dropper: installer.exe, svchost.exe  o depot.dat   Both observed sample contents begin with 2300 but the dropper code would support files starting  with 2640 or MSCF.  Deploy a Web application firewall and conduct regular virus signature checks, application fuzzing,  code reviews, and server network analysis."
IRGC-Associated Cyber Operations Against US Company Networks,2020-09-17,3,"{""IPR*/Copyright&Counterfeit"": 1, ""Phishing/Spoofing"": 7, ""Malware"": 5}","{""Phishing/Spoofing"": {""spear-phishing"": 3, ""phishing"": 4}, ""Extortion"": {}, ""Personal Data Breach"": {}, ""Non-Payment/Non-Delivery"": {}, ""Investment"": {}, ""Tech Support"": {}, ""Business Email Compromise"": {}, ""Identity Theft"": {}, ""Employment"": {}, ""Confidence/Romance"": {}, ""Government Impersonation"": {}, ""Credit Card/Check Fraud"": {}, ""Harassment/Stalking"": {}, ""Real Estate"": {}, ""Advanced Fee"": {}, ""Crimes Against Children"": {}, ""Lottery/Sweepstakes/Inheritance"": {}, ""Data Breach"": {}, ""Ransomware"": {}, ""Overpayment"": {}, ""IPR*/Copyright&Counterfeit"": {""intellectual property"": 1}, ""Threats of Violence"": {}, ""SIM Swap"": {}, ""Botnet"": {}, ""Malware"": {""malware"": 3, ""trojan"": 1, ""virus"": 1}, ""Cryptocurrency"": {}}","These operations have led to significant financial losses, with the actors  accessing sensitive business information, intellectual property, and vendor information. The FBI has observed the actors create and send customized spear-phishing emails purporting  to be from the individuals whose identities they had stolen. The emails would entice recipients  to take action – usually clicking on a malicious link, which would download malware being  downloaded onto the victim’s computer and enable unauthorized access to victim networks. In  one instance, the actors were observed hosting malicious code on a file-sharing service  registered in the name of a US company employee, and including links to that malicious code in  spear-phishing emails. One of the actors was observed using a fraudulent domain to host  malware, then sending a link to the malware via spear phishing. NanoCore RAT  Remote Access Trojan that allows a user to  remotely access and control computers. Well-maintained anti-virus software may prevent  use of commonly deployed attacker tools that are delivered via spear phishing. Reputation services can be used to detect or prevent low- reputation email addresses, files, URLs, and IP addresses used in spear-phishing attacks. Application control software limits users so they can only  execute applications and code allowed by the organization, rendering malicious  executables delivered via spear phishing unable to execute. Users who browse the internet, use email, and  execute code with administrator privileges make spear phishing much more effective by  enabling attackers to move laterally across a network, gain additional accesses, and  access highly sensitive information."
"Chinese Government-Mandated Tax Software Contains Malware, Enabling Backdoor Access",2020-07-28,3,"{""Malware"": 6, ""IPR*/Copyright&Counterfeit"": 1}","{""Phishing/Spoofing"": {}, ""Extortion"": {}, ""Personal Data Breach"": {}, ""Non-Payment/Non-Delivery"": {}, ""Investment"": {}, ""Tech Support"": {}, ""Business Email Compromise"": {}, ""Identity Theft"": {}, ""Employment"": {}, ""Confidence/Romance"": {}, ""Government Impersonation"": {}, ""Credit Card/Check Fraud"": {}, ""Harassment/Stalking"": {}, ""Real Estate"": {}, ""Advanced Fee"": {}, ""Crimes Against Children"": {}, ""Lottery/Sweepstakes/Inheritance"": {}, ""Data Breach"": {}, ""Ransomware"": {}, ""Overpayment"": {}, ""IPR*/Copyright&Counterfeit"": {""intellectual property"": 1}, ""Threats of Violence"": {}, ""SIM Swap"": {}, ""Botnet"": {}, ""Malware"": {""malware"": 6}, ""Cryptocurrency"": {}}","Chinese Government-Mandated Tax Software  Contains Malware, Enabling Backdoor Access     Summary    The FBI seeks to inform US companies in the healthcare, chemical, and  finance sectors of potential targeting activity by the Chinese  government against their business and operational components based  in China. As early as March 2019, at least two Western companies  operating in China detected malware that was delivered through  Chinese vendors that were responsible for releasing tax software  upgrades following changes in 2018 to China’s value-added tax (VAT). The malware launched a backdoor into victim systems, which the FBI  assesses likely allows cyber actors to preposition to conduct remote  code execution and exfiltration activities on the victim’s network. TLP:WHITE  TLP:WHITE      Compromise of the pharmaceutical supply chain provides malicious actors opportunities for theft of  US intellectual property, while public disclosure can cause cascading effects including loss of public  trust in both chemical and healthcare institutions. In April 2019, employees of the pharmaceutical company discovered that the  software contained malware that created a backdoor on the company’s network. In June 2020, a private cybersecurity firm reported that Intelligence Tax, a tax software from Aisino  Corporation that is required by a Chinese bank under the same VAT system, likely contained  malware that installed a hidden backdoor to the networks of organizations using the tax software. The malware, named GoldenSpy, was designed to provide cyber actors with unfettered access to  victim networks and is believed to have been around since 2016."
COVID-19 Phishing Email Indicators,2020-07-07,3,"{""Phishing/Spoofing"": 7, ""Malware"": 6}","{""Phishing/Spoofing"": {""phishing"": 6, ""spoof"": 1}, ""Extortion"": {}, ""Personal Data Breach"": {}, ""Non-Payment/Non-Delivery"": {}, ""Investment"": {}, ""Tech Support"": {}, ""Business Email Compromise"": {}, ""Identity Theft"": {}, ""Employment"": {}, ""Confidence/Romance"": {}, ""Government Impersonation"": {}, ""Credit Card/Check Fraud"": {}, ""Harassment/Stalking"": {}, ""Real Estate"": {}, ""Advanced Fee"": {}, ""Crimes Against Children"": {}, ""Lottery/Sweepstakes/Inheritance"": {}, ""Data Breach"": {}, ""Ransomware"": {}, ""Overpayment"": {}, ""IPR*/Copyright&Counterfeit"": {}, ""Threats of Violence"": {}, ""SIM Swap"": {}, ""Botnet"": {}, ""Malware"": {""viruses"": 1, ""malware"": 4, ""virus"": 1}, ""Cryptocurrency"": {}}","COVID-19 Phishing Email Indicators  Summary    The FBI uncovered targeted email phishing attempts to harvest user  credentials and compromise targets’ computer systems by exploiting fear  derived from the COVID-19 pandemic. Through investigations, the FBI  continues to identify multiple COVID-19 email phishing campaigns with  malicious file attachments and URLs. Additionally, cybercriminals and APT groups have  attached archive files that contain malicious portable executables (PE) or  JAVA.jar files to their phishing emails, outlined in the table below. Additionally, if you or your company is a victim of a cyber intrusion related to email phishing, please retain  any logs, image(s) of infected device(s), and memory capture of all affected equipment, if possible, to assist  in the response by the FBI. Attackers are constantly releasing new viruses,  and the antivirus software might not have the signature. Cyber actors can ""spoof""  the return address, making it look like the message came from a trusted associate.  Implement application whitelisting to block the execution of malware, or at least block  execution of files from TEMP directories, from which most phishing malware attempts to  execute.  Install and regularly update anti-virus or anti-malware software on hosts.  Upgrade PowerShell to new versions with enhanced logging features and centralize logs to  detect use of commonly used malware-related PowerShell commands."
"Cyber Criminals Conduct Business Email Compromise through Exploitation of CloudBased Email Services, Costing US Businesses Over Two Billion Dollars",2020-07-07,3,"{""Business Email Compromise"": 9, ""Phishing/Spoofing"": 9}","{""Phishing/Spoofing"": {""phish"": 1, ""phishing"": 5, ""spoofed"": 1, ""spoofing"": 2}, ""Extortion"": {}, ""Personal Data Breach"": {}, ""Non-Payment/Non-Delivery"": {}, ""Investment"": {}, ""Tech Support"": {}, ""Business Email Compromise"": {""business email"": 2, ""business email compromise"": 1, ""bec"": 6}, ""Identity Theft"": {}, ""Employment"": {}, ""Confidence/Romance"": {}, ""Government Impersonation"": {}, ""Credit Card/Check Fraud"": {}, ""Harassment/Stalking"": {}, ""Real Estate"": {}, ""Advanced Fee"": {}, ""Crimes Against Children"": {}, ""Lottery/Sweepstakes/Inheritance"": {}, ""Data Breach"": {}, ""Ransomware"": {}, ""Overpayment"": {}, ""IPR*/Copyright&Counterfeit"": {}, ""Threats of Violence"": {}, ""SIM Swap"": {}, ""Botnet"": {}, ""Malware"": {}, ""Cryptocurrency"": {}}","Cyber Criminals Conduct Business Email  Compromise through Exploitation of Cloud- Based Email Services, Costing US Businesses  Over Two Billion Dollars    Summary  Cyber criminals are targeting organizations who utilize cloud-based  email services to conduct Business Email Compromise (BEC) scams. The scams are initiated through specifically developed phish kits  designed to mimic the cloud-based email services in order to  compromise business email accounts and request or misdirect  transfers of funds. Losses from BEC scams overall have increased every year since IC3 began tracking  the scam in 2013 and have been reported in all 50 states and in 177 countries. Cyber criminals develop and use specifically designed phishing kits that target the two largest  cloud-based email platforms. These phishing kits are deployed in large batches of emails to US  organizations and are able to identify the email service associated with each set of  compromised credentials. Replies sent to these spoofed messages are directed to  the fraudulent sender. Cyber criminals frequently access the address books of compromised accounts as a means to  identify new targets to send additional phishing emails. While cloud-based email services have security features that can help prevent BEC, many of  these features must be manually configured and enabled. IT administrators can better protect  their organizations from BEC by taking advantage of the full spectrum of protections available. Small and medium-size organizations, or those with limited IT resources, are most vulnerable to  BEC scams.  Educate employees about BEC scams, including preventative strategies such as how to  identify phishing emails and how to respond to suspected compromises.  Enable security features that block malicious email such as anti-phishing and anti- spoofing policies.  Configure Sender Policy Framework (SPF), DomainKeys Identified Mail (DKIM), and  Domain-based Message Authentication Reporting and Conformance (DMARC) to  prevent spoofing and to validate email."
"Kwampirs Malware Employed in Ongoing Cyber Supply Chain Campaign Targeting Global Industries, including Healthcare Sector",2020-07-07,3,"{""Malware"": 9}","{""Phishing/Spoofing"": {}, ""Extortion"": {}, ""Personal Data Breach"": {}, ""Non-Payment/Non-Delivery"": {}, ""Investment"": {}, ""Tech Support"": {}, ""Business Email Compromise"": {}, ""Identity Theft"": {}, ""Employment"": {}, ""Confidence/Romance"": {}, ""Government Impersonation"": {}, ""Credit Card/Check Fraud"": {}, ""Harassment/Stalking"": {}, ""Real Estate"": {}, ""Advanced Fee"": {}, ""Crimes Against Children"": {}, ""Lottery/Sweepstakes/Inheritance"": {}, ""Data Breach"": {}, ""Ransomware"": {}, ""Overpayment"": {}, ""IPR*/Copyright&Counterfeit"": {}, ""Threats of Violence"": {}, ""SIM Swap"": {}, ""Botnet"": {}, ""Malware"": {""malware"": 5, ""trojan"": 1, ""worm"": 1, ""virus"": 2}, ""Cryptocurrency"": {}}","Kwampirs Malware Employed in Ongoing  Cyber Supply Chain Campaign Targeting Global  Industries, including Healthcare Sector    Summary  Since at least 2016, the FBI has observed an Advanced Persistent Threat  (APT) actor conduct a global network exploitation campaign using the  Kwampirs Remote Access Trojan (RAT) and is providing additional, non- technical information in an effort to highlight key objectives of the  actor campaign. The Kwampirs RAT is a modular RAT worm that gains system access to  victim machines and networks, with the primary purpose of gaining  broad, yet targeted, access to victim companies to enable follow-on  computer network exploitation (CNE) activities. During these campaigns, the Kwampirs  RAT performed daily command and control communications with malicious IP addresses and  domains that were hard-coded in the Kwampirs RAT malware. The first phase establishes a broad and  persistent presence on the targeted network, to include delivery and execution of secondary  malware payload(s). For technical indicators of compromise (IOCs) and YARA rules related to the Kwampirs RAT,  please see previous TLP: WHITE FBI FLASH messages CP-000111-MW: “Kwampirs Malware  Indicators of Compromise Employed in Ongoing Cyber Supply Chain Campaign Targeting Global  Industries” and CP-000118-MW: “YARA Rules to Identify Kwampirs Malware Employed in  Ongoing Cyber Supply Chain Campaign Targeting Global Industries,” released on 6 January  2020, and 5 February 2020, respectively. Secondary module(s) downloaded would be separate and different from  the Kwampirs RAT IOCs, and may not have been remediated by anti-virus end point protection. Deploy a Web application firewall and conduct regular virus signature checks, application  fuzzing, code reviews, and server network analysis."
Kwampirs Malware Indicators of Compromise Employed in Ongoing Cyber Supply Chain Campaign Targeting Global Industries,2020-07-07,3,"{""Malware"": 6}","{""Phishing/Spoofing"": {}, ""Extortion"": {}, ""Personal Data Breach"": {}, ""Non-Payment/Non-Delivery"": {}, ""Investment"": {}, ""Tech Support"": {}, ""Business Email Compromise"": {}, ""Identity Theft"": {}, ""Employment"": {}, ""Confidence/Romance"": {}, ""Government Impersonation"": {}, ""Credit Card/Check Fraud"": {}, ""Harassment/Stalking"": {}, ""Real Estate"": {}, ""Advanced Fee"": {}, ""Crimes Against Children"": {}, ""Lottery/Sweepstakes/Inheritance"": {}, ""Data Breach"": {}, ""Ransomware"": {}, ""Overpayment"": {}, ""IPR*/Copyright&Counterfeit"": {}, ""Threats of Violence"": {}, ""SIM Swap"": {}, ""Botnet"": {}, ""Malware"": {""malware"": 4, ""trojan"": 1, ""virus"": 1}, ""Cryptocurrency"": {}}","Kwampirs Malware Indicators of Compromise  Employed in Ongoing Cyber Supply Chain Campaign  Targeting Global Industries    Summary:    This is a re-release of FBI FLASH message (CP-000111-MW) previously  disseminated on 06 January 2020. Since at least 2016, an ongoing campaign using the Kwampirs Remote Access  Trojan (RAT) targeted several global industries, including the software supply  chain, healthcare, energy, and financial sectors. The first phase establishes a broad and  persistent presence on the targeted network, to include delivery and execution of  secondary malware payload(s). The malware maintains persistence on the infected Windows host by  dropping a binary to the hard drive and creating a malicious Windows system  service set to auto start upon reboot. The following information would assist the FBI’s  investigation of this malware:   Full capture of network traffic in PCAP format from the infected host(s). TLP: WHITE              TLP: WHITE   Deploy a Web application firewall and conduct regular virus signature checks, application fuzzing,  code reviews, and server network analysis."
YARA Rules to Identify Kwampirs Malware Employed in Ongoing Cyber Supply Chain Campaign Targeting Global Industries,2020-07-07,3,"{""Malware"": 7}","{""Phishing/Spoofing"": {}, ""Extortion"": {}, ""Personal Data Breach"": {}, ""Non-Payment/Non-Delivery"": {}, ""Investment"": {}, ""Tech Support"": {}, ""Business Email Compromise"": {}, ""Identity Theft"": {}, ""Employment"": {}, ""Confidence/Romance"": {}, ""Government Impersonation"": {}, ""Credit Card/Check Fraud"": {}, ""Harassment/Stalking"": {}, ""Real Estate"": {}, ""Advanced Fee"": {}, ""Crimes Against Children"": {}, ""Lottery/Sweepstakes/Inheritance"": {}, ""Data Breach"": {}, ""Ransomware"": {}, ""Overpayment"": {}, ""IPR*/Copyright&Counterfeit"": {}, ""Threats of Violence"": {}, ""SIM Swap"": {}, ""Botnet"": {}, ""Malware"": {""malware"": 4, ""trojan"": 1, ""virus"": 2}, ""Cryptocurrency"": {}}","YARA Rules to Identify Kwampirs Malware Employed  in Ongoing Cyber Supply Chain Campaign Targeting  Global Industries    Summary:    This is a re-release of FBI FLASH message (CP-000118-MW) previously  disseminated on 05 February 2020. The FBI has identified additional information regarding the Kwampirs Remote  Access Trojan (RAT), which has targeted several global industries, including the  software supply chain, healthcare, energy, and financial sectors. While the Kwampirs RAT has not been observed incorporating a wiper  component, comparative forensic analysis has discovered the Kwampirs RAT as  having numerous similarities with the data destruction malware Disttrack  (commonly known as Shamoon). To assist with identification of the Kwampirs RAT,  the FBI is providing five YARA rules, which produce consistent results on open  source tools, such as Virus Total and Hybrid Analysis, for the Kwampirs RAT and  Shamoon malware. The following information would assist the FBI’s  investigation of this malware:   Full capture of network traffic in PCAP format from the infected host(s) (48 hour capture).  Deploy a Web application firewall and conduct regular virus signature checks, application fuzzing,  code reviews, and server network analysis."
Mitigating Log4Shell and Other Log4j-Related Vulnerabilities,2021-12-22,4,"{""IPR*/Copyright&Counterfeit"": 1, ""Ransomware"": 1, ""Botnet"": 1, ""Malware"": 1}","{""Phishing/Spoofing"": {}, ""Extortion"": {}, ""Personal Data Breach"": {}, ""Non-Payment/Non-Delivery"": {}, ""Investment"": {}, ""Tech Support"": {}, ""Business Email Compromise"": {}, ""Identity Theft"": {}, ""Employment"": {}, ""Confidence/Romance"": {}, ""Government Impersonation"": {}, ""Credit Card/Check Fraud"": {}, ""Harassment/Stalking"": {}, ""Real Estate"": {}, ""Advanced Fee"": {}, ""Crimes Against Children"": {}, ""Lottery/Sweepstakes/Inheritance"": {}, ""Data Breach"": {}, ""Ransomware"": {""ransomware"": 1}, ""Overpayment"": {}, ""IPR*/Copyright&Counterfeit"": {""trademark"": 1}, ""Threats of Violence"": {}, ""SIM Swap"": {}, ""Botnet"": {""botnet"": 1}, ""Malware"": {""malware"": 1}, ""Cryptocurrency"": {}}","Any reference to specific commercial products, processes,  or services by service mark, trademark, manufacturer, or otherwise, does not constitute or imply  endorsement, recommendation, or favoring by CISA, the FBI, NSA, ACSC, CCCS, CERT NZ, NZ  NCSC, or NCSC-UK. The adversary can then steal information, launch ransomware, or conduct  other malicious activity. The FBI has observed attempted  exploitation and widespread scanning of the Log4j vulnerability to gain access to networks to deploy  cryptomining and botnet malware."
APT Actors Exploiting CVE-2021-44077 in Zoho ManageEngine ServiceDesk Plus,2021-12-03,4,"{""Threats of Violence"": 1}","{""Phishing/Spoofing"": {}, ""Extortion"": {}, ""Personal Data Breach"": {}, ""Non-Payment/Non-Delivery"": {}, ""Investment"": {}, ""Tech Support"": {}, ""Business Email Compromise"": {}, ""Identity Theft"": {}, ""Employment"": {}, ""Confidence/Romance"": {}, ""Government Impersonation"": {}, ""Credit Card/Check Fraud"": {}, ""Harassment/Stalking"": {}, ""Real Estate"": {}, ""Advanced Fee"": {}, ""Crimes Against Children"": {}, ""Lottery/Sweepstakes/Inheritance"": {}, ""Data Breach"": {}, ""Ransomware"": {}, ""Overpayment"": {}, ""IPR*/Copyright&Counterfeit"": {}, ""Threats of Violence"": {""harm"": 1}, ""SIM Swap"": {}, ""Botnet"": {}, ""Malware"": {}, ""Cryptocurrency"": {}}","The information in this product may be shared with members of your  organization, and with clients and customers who need to know the information to protect themselves or prevent  future harm."
"An APT Group Exploiting a 0-day in FatPipe WARP, MPVPN, and IPVPN Software",2021-11-17,4,{},"{""Phishing/Spoofing"": {}, ""Extortion"": {}, ""Personal Data Breach"": {}, ""Non-Payment/Non-Delivery"": {}, ""Investment"": {}, ""Tech Support"": {}, ""Business Email Compromise"": {}, ""Identity Theft"": {}, ""Employment"": {}, ""Confidence/Romance"": {}, ""Government Impersonation"": {}, ""Credit Card/Check Fraud"": {}, ""Harassment/Stalking"": {}, ""Real Estate"": {}, ""Advanced Fee"": {}, ""Crimes Against Children"": {}, ""Lottery/Sweepstakes/Inheritance"": {}, ""Data Breach"": {}, ""Ransomware"": {}, ""Overpayment"": {}, ""IPR*/Copyright&Counterfeit"": {}, ""Threats of Violence"": {}, ""SIM Swap"": {}, ""Botnet"": {}, ""Malware"": {}, ""Cryptocurrency"": {}}",
Iranian Government-Sponsored APT Cyber Actors Exploiting Microsoft Exchange and Fortinet Vulnerabilities in Furtherance of Malicious Activities,2021-11-17,4,"{""Ransomware"": 5, ""Extortion"": 1, ""Crimes Against Children"": 1, ""Threats of Violence"": 1, ""Malware"": 2, ""Phishing/Spoofing"": 1}","{""Phishing/Spoofing"": {""phishing"": 1}, ""Extortion"": {""extortion"": 1}, ""Personal Data Breach"": {}, ""Non-Payment/Non-Delivery"": {}, ""Investment"": {}, ""Tech Support"": {}, ""Business Email Compromise"": {}, ""Identity Theft"": {}, ""Employment"": {}, ""Confidence/Romance"": {}, ""Government Impersonation"": {}, ""Credit Card/Check Fraud"": {}, ""Harassment/Stalking"": {}, ""Real Estate"": {}, ""Advanced Fee"": {}, ""Crimes Against Children"": {""children"": 1}, ""Lottery/Sweepstakes/Inheritance"": {}, ""Data Breach"": {}, ""Ransomware"": {""ransomware"": 3, ""ransom"": 2}, ""Overpayment"": {}, ""IPR*/Copyright&Counterfeit"": {}, ""Threats of Violence"": {""threatening"": 1}, ""SIM Swap"": {}, ""Botnet"": {}, ""Malware"": {""malware"": 2}, ""Cryptocurrency"": {}}","FBI  and CISA have observed this Iranian government- sponsored APT group exploit Fortinet vulnerabilities  since at least March 2021 and a Microsoft Exchange  ProxyShell vulnerability since at least October 2021 to  gain initial access to systems in advance of follow-on operations, which include deploying  ransomware. These  Iranian government-sponsored APT actors can leverage this access for follow-on operations, such as  data exfiltration or encryption, ransomware, and extortion. •  In June 2021, these APT actors exploited a Fortigate appliance to access environmental  control networks associated with a U.S.-based hospital specializing in healthcare for children. The  corresponding threatening notes were either sent to the victim or left on the victim network as a .txt  file. The ransom notes included ransom demands and the following contact information. Use Antivirus Programs  •  Install and regularly update antivirus and anti-malware software on all hosts. Reduce Risk of Phishing  •  Consider adding an email banner to emails received from outside your organization. •  CISA offers a range of no-cost cyber hygiene services to help critical infrastructure  organizations assess, identify, and reduce their exposure to threats, including ransomware. Table 2: Observed Tactics and Techniques  Tactic  Technique  Resource Development [TA0042]    Obtain Capabilities: Malware [T1588.001]  Obtain Capabilities: Tool [T1588.002]  Initial Access [TA0001]    Exploit Public-Facing Application [T1190]  Execution [TA0002]    Scheduled Task/Job: Scheduled Task [T1053.005]  Persistence [TA0003]  Create Account: Local Account [T1136.001]  Create Account: Domain Account [T1136.002]  Privilege Escalation [TA0004]    Credential Access [TA0006]    Collection [TA0009]  Archive Collected Data: Archive via Utility [T1560.001]  Exfiltration [TA0010]      Impact [TA0040]  Data Encrypted for Impact [T1486]"
Ransomware Actors Use Significant Financial Events and Stock Valuation to Facilitate Targeting and Extortion of Victims,2021-11-01,4,"{""Extortion"": 4, ""Ransomware"": 31, ""Investment"": 2, ""Malware"": 7}","{""Phishing/Spoofing"": {}, ""Extortion"": {""extortion"": 4}, ""Personal Data Breach"": {}, ""Non-Payment/Non-Delivery"": {}, ""Investment"": {""investor"": 1, ""investment"": 1}, ""Tech Support"": {}, ""Business Email Compromise"": {}, ""Identity Theft"": {}, ""Employment"": {}, ""Confidence/Romance"": {}, ""Government Impersonation"": {}, ""Credit Card/Check Fraud"": {}, ""Harassment/Stalking"": {}, ""Real Estate"": {}, ""Advanced Fee"": {}, ""Crimes Against Children"": {}, ""Lottery/Sweepstakes/Inheritance"": {}, ""Data Breach"": {}, ""Ransomware"": {""ransomware"": 24, ""ransom"": 7}, ""Overpayment"": {}, ""IPR*/Copyright&Counterfeit"": {}, ""Threats of Violence"": {}, ""SIM Swap"": {}, ""Botnet"": {}, ""Malware"": {""trojan"": 2, ""malware"": 3, ""trojans"": 1, ""virus"": 1}, ""Cryptocurrency"": {}}","TLP:WHITE   TLP:WHITE   01 November 2021  20211101-001  Ransomware Actors Use Significant Financial Events and Stock  Valuation to Facilitate Targeting and Extortion of Victims     Summary  The FBI assesses ransomware actors are very likely using significant financial events, such as  mergers and acquisitions, to target and leverage victim companies for ransomware infections. Prior to an attack, ransomware actors research publicly available information, such as a victim’s  stock valuation, as well as material nonpublic information. If victims do not pay a ransom  quickly, ransomware actors will threaten to disclose this information publicly, causing potential  investor backlash. TLP:WHITE  TLP:WHITE         Threat  Ransomware actors are targeting companies involved in significant, time-sensitive financial  events to incentivize ransom payment by these victims. Ransomware is often a two-stage  process beginning with an initial intrusion through a trojan malware, which allows an access  broker to perform reconnaissance and determine how to best monetize the access. However,  while this malware is often mass distributed, most victims of trojans are not also victims of  ransomware, indicating ransomware targets are often carefully selected from a pool based on  information gleaned from the initial reconnaissance. During the initial reconnaissance phase,  cyber criminals identify non-publicly available information, which they threaten to release or  use as leverage during the extortion to entice victims to comply with ransom demands. Impending events that could affect a victim’s stock value, such as announcements, mergers,  and acquisitions, encourage ransomware actors to target a network or adjust their timeline for  extortion where access is established.  In early 2020, a ransomware actor using the moniker “Unknown” made a post on the  Russian hacking forum “Exploit” that encouraged using the NASDAQ stock exchange to  influence the extortion process. Following this posting, unidentified ransomware actors  negotiating a payment with a victim during a March 2020 ransomware event stated,  “We have also noticed that you have stocks. If you will not engage us for negotiation we  will leak your data to the nasdaq and we will see what's gonna (sic) happen with your  stocks.”   Between March and July 2020, at least three publicly traded US companies actively  involved in mergers and acquisitions were victims of ransomware during their respective  negotiations.  A November 2020 technical analysis of Pyxie RAT, a remote access trojan that often  precedes Defray777/RansomEXX ransomware infections, identified several keyword  searches on a victim’s network indicating an interest in the victim’s current and near  future stock share price. 3 N-CSR is a form that registered management investment companies must file with the Securities and Exchange  Commission within 10 days after a company disseminates annual and semi-annual reports to stockholders. Write to us in ‘Contact Us’ and we will provide you with detailed information.”  The FBI does not encourage paying a ransom to criminal actors. Paying a ransom emboldens  adversaries to target additional organizations, encourages other criminal actors to engage in  the distribution of ransomware, and/or may fund illicit activities. Paying the ransom also does  not guarantee that a victim’s files will be recovered. Regardless of whether you or your organization  have decided to pay the ransom, the FBI urges you to report ransomware incidents to your local  FBI field office. Doing so provides the FBI with the critical information they need to prevent  future attacks by identifying and tracking ransomware attackers and holding them accountable  under US law.  Install and regularly update anti-virus or anti-malware software on all hosts. 4 Darkside is a ransomware-as-a-service variant, in which criminal affiliates conduct the attacks and the proceeds  are shared with the ransomware developer(s). Darkside ransomware was used in the May 2021 Colonial Pipeline  intrusion. o The Cybersecurity and Infrastructure Security Agency-Multi-State Information  Sharing & Analysis Center Joint Ransomware Guide covers additional best  practices and ways to prevent, protect, and respond to a ransomware attack. Government’s official one-stop location for  resources to tackle ransomware more effectively."
"Tactics, Techniques, and Indicators of Compromise Associated with Hello Kitty/FiveHands Ransomware",2021-10-29,4,"{""Ransomware"": 19, ""Extortion"": 1, ""Botnet"": 2, ""Cryptocurrency"": 3, ""Malware"": 4}","{""Phishing/Spoofing"": {}, ""Extortion"": {""extortion"": 1}, ""Personal Data Breach"": {}, ""Non-Payment/Non-Delivery"": {}, ""Investment"": {}, ""Tech Support"": {}, ""Business Email Compromise"": {}, ""Identity Theft"": {}, ""Employment"": {}, ""Confidence/Romance"": {}, ""Government Impersonation"": {}, ""Credit Card/Check Fraud"": {}, ""Harassment/Stalking"": {}, ""Real Estate"": {}, ""Advanced Fee"": {}, ""Crimes Against Children"": {}, ""Lottery/Sweepstakes/Inheritance"": {}, ""Data Breach"": {}, ""Ransomware"": {""ransomware"": 10, ""ransom"": 9}, ""Overpayment"": {}, ""IPR*/Copyright&Counterfeit"": {}, ""Threats of Violence"": {}, ""SIM Swap"": {}, ""Botnet"": {""distributed denial of service"": 1, ""ddos"": 1}, ""Malware"": {""malware"": 3, ""virus"": 1}, ""Cryptocurrency"": {""bitcoin"": 3}}","Tactics, Techniques, and Indicators of Compromise Associated with  Hello Kitty/FiveHands Ransomware       Summary   The FBI first observed Hello Kitty/FiveHands ransomware in January 2021. Hello  Kitty/FiveHands actors aggressively apply pressure to victims typically using the double  extortion technique. In some cases, if the victim does not respond quickly or does not pay  the ransom, the threat actors will launch a Distributed Denial of Service (DDoS) attack  on the victim company’s public facing website. Hello Kitty/FiveHands actors demand  varying ransom payments in Bitcoin (BTC) that appear tailored to each victim,  commensurate with their assessed ability to pay it. If no ransom is paid, the threat actors  will post victim data to the Babuk site (payload.bin) or sell it to a third-party data broker. The following information is being provided by the FBI, with no guarantees or warranties, for potential    This data is provided in order                           28      2021      000 154            TLP:WHITE /       TLP:WHITE          Technical Details   Hello Kitty/FiveHands ransomware uses compromised credentials or known  vulnerabilities in SonicWall products (CVE-2021-20016, CVE-2021-20021, CVE- 202120022, CVE-2021-20023). Paying a ransom may  embolden adversaries to target additional organizations, encourage other criminal actors  to engage in the distribution of ransomware, or fund illicit activities. Paying the ransom  also does not guarantee a victim’s files will be recovered. Regardless of whether  you or your organization decides to pay the ransom, the FBI urges you to report  ransomware incidents to your local field office. Doing so provides investigators and  analysts with the critical information they need to track ransomware attackers, hold them  accountable under US law, and prevent future attacks. The FBI may seek the following information:   • Recovered executable files    • Live memory (RAM) capture    • Images of infected systems     • Malware samples    • IP addresses identified as malicious or suspicious    • Email addresses of the attackers    • A copy of the ransom note    • Ransom amount   • Bitcoin wallets used by the attackers          TLP:WHITE /       TLP:WHITE       • Bitcoin wallets used to pay the ransom   • Post-incident forensic reports         Recommended Mitigations   • Back-up critical data offline. • Install and regularly update anti-virus or anti-malware software on all hosts. o The Cybersecurity and Infrastructure Security Agency-Multi-State  Information Sharing & Analysis Center Joint Ransomware Guide covers  additional best practices and ways to prevent, protect, and respond to a  ransomware attack. If your organization is impacted by a ransomware incident, the FBI and CISA  recommend the following actions:         TLP:WHITE /       TLP:WHITE       • Isolate the infected system. Power-off and segregate any additional  computers or devices that share a network with the infected computer(s), even if  they have not been fully encrypted by ransomware. If  possible, scan your backup data with an antivirus program to check that it is free of  malware."
Indicators of Compromise Associated with Ranzy Locker Ransomware,2021-10-26,4,"{""Ransomware"": 10, ""Phishing/Spoofing"": 1, ""Extortion"": 1}","{""Phishing/Spoofing"": {""phishing"": 1}, ""Extortion"": {""extortion"": 1}, ""Personal Data Breach"": {}, ""Non-Payment/Non-Delivery"": {}, ""Investment"": {}, ""Tech Support"": {}, ""Business Email Compromise"": {}, ""Identity Theft"": {}, ""Employment"": {}, ""Confidence/Romance"": {}, ""Government Impersonation"": {}, ""Credit Card/Check Fraud"": {}, ""Harassment/Stalking"": {}, ""Real Estate"": {}, ""Advanced Fee"": {}, ""Crimes Against Children"": {}, ""Lottery/Sweepstakes/Inheritance"": {}, ""Data Breach"": {}, ""Ransomware"": {""ransomware"": 6, ""ransom"": 4}, ""Overpayment"": {}, ""IPR*/Copyright&Counterfeit"": {}, ""Threats of Violence"": {}, ""SIM Swap"": {}, ""Botnet"": {}, ""Malware"": {}, ""Cryptocurrency"": {}}","TLP: WHITE  TLP: WHITE  25 Oct 2021  CU-000153-MW  Indicators of Compromise Associated with Ranzy Locker  Ransomware    Summary  The FBI first identified Ranzy Locker ransomware in late 2020 when the variant began to target  victims in the United States. Unknown cyber criminals using Ranzy Locker ransomware had  compromised more than 30 US businesses as of July 2021. Recent victims  reported the actors leveraged known Microsoft Exchange Server vulnerabilities and phishing as  the means of compromising their networks. The Ranzy Locker executable leaves a ransom note in  all directories where encryption occurred demanding the victim pay a ransom in exchange for a       TLP: WHITE  TLP: WHITE  decryption tool. In an example of double extortion techniques, Ranzy actors in some cases  have demanded a second ransom from the victim in exchange for not leaking the data on the  Internet. Newly created accounts with the name “felix” have been  observed on at least three victims of the ransomware. Ransomware Executable    The name of the Ranzy Locker executable is the subID found in the key on the ransom note. Government’s new, official one-stop location for resources to tackle ransomware more  effectively."
BlackMatter Ransomware,2021-10-19,4,"{""Ransomware"": 31, ""Extortion"": 1, ""Malware"": 1, ""IPR*/Copyright&Counterfeit"": 1}","{""Phishing/Spoofing"": {}, ""Extortion"": {""extortion"": 1}, ""Personal Data Breach"": {}, ""Non-Payment/Non-Delivery"": {}, ""Investment"": {}, ""Tech Support"": {}, ""Business Email Compromise"": {}, ""Identity Theft"": {}, ""Employment"": {}, ""Confidence/Romance"": {}, ""Government Impersonation"": {}, ""Credit Card/Check Fraud"": {}, ""Harassment/Stalking"": {}, ""Real Estate"": {}, ""Advanced Fee"": {}, ""Crimes Against Children"": {}, ""Lottery/Sweepstakes/Inheritance"": {}, ""Data Breach"": {}, ""Ransomware"": {""ransomware"": 26, ""ransom"": 5}, ""Overpayment"": {}, ""IPR*/Copyright&Counterfeit"": {""trademark"": 1}, ""Threats of Violence"": {}, ""SIM Swap"": {}, ""Botnet"": {}, ""Malware"": {""malware"": 1}, ""Cryptocurrency"": {}}","TLP:WHITE BlackMatter Ransomware   SUMMARY  This joint Cybersecurity Advisory was developed by the  Cybersecurity and Infrastructure Security Agency (CISA),  the Federal Bureau of Investigation (FBI), and the  National Security Agency (NSA) to provide information on  BlackMatter ransomware. Since July 2021, BlackMatter  ransomware has targeted multiple U.S. This advisory provides information on cyber actor tactics,  techniques, and procedures (TTPs) obtained from a  sample of BlackMatter ransomware analyzed in a  sandbox environment as well from trusted third-party reporting. These mitigations will help organizations reduce the risk of compromise  from BlackMatter ransomware attacks. Actions you Can Take Now to  Protect Against BlackMatter  Ransomware:  • Implement and enforce backup  and restoration policies and  procedures. Tactics, Techniques, and Procedures  This advisory provides information on cyber actor TTPs  obtained from the following sample of BlackMatter  ransomware, which was analyzed in a sandbox  environment, as well as from trusted third parties: SHA- 256: 706f3eec328e91ff7f66c8f0a2fb9b556325  c153a329a2062dc85879c540839d. Table 1: BlackMatter Actors and Ransomware TTPs  Tactic  Technique  Procedure  Persistence  [TA0003]  External Remote Services  [T1133]  BlackMatter leverages legitimate remote  monitoring and management software  and remote desktop software, often by  setting up trial accounts, to maintain  persistence on victim networks. Exfiltration  [TA0010]  Exfiltration Over Web Service  [T1567]  BlackMatter attempts to exfiltrate data for  extortion. Impact [TA0040]  Data Encrypted for Impact  [T1486]  BlackMatter remotely encrypts shares via  SMB protocol and drops a ransomware  note in each directory. These signatures will identify and  block placement of the ransom note on the first share that is encrypted, subsequently blocking  additional SMB traffic from the encryptor system for 24 hours. •  Segment networks to prevent the spread of ransomware. Network segmentation can help  prevent the spread of ransomware by controlling traffic flows between—and access to— various subnetworks and by restricting adversary lateral movement. To aid in detecting the  ransomware, implement a tool that logs and reports all network traffic, including lateral  movement activity on a network. Given that there has been an observed increase in ransomware attacks during non- business hours, especially holidays and weekends, CISA, the FBI, and NSA recommend  organizations:  •  Implement time-based access for accounts set at the admin level and higher. This  practice will ensure the organization will not be severely interrupted, have irretrievable data, or  be held up by a ransom demand. Refer to the CISA-Multi-State information and Sharing Center (MS-ISAC) Joint Ransomware Guide  for general mitigations to prepare for and reduce the risk of compromise by ransomware attacks. Note: critical infrastructure organizations with industrial control systems/operational technology  networks should review joint CISA-FBI Cybersecurity Advisory AA21-131A: DarkSide Ransomware:  Best Practices for Preventing Business Disruption from Ransomware Attacks for more mitigations,  including mitigations to reduce the risk of severe business or functional degradation should their entity  fall victim to a ransomware attack. RESPONDING TO RANSOMWARE ATTACKS  If a ransomware incident occurs at your organization, CISA, the FBI, and NSA recommend:  •  Following the Ransomware Response Checklist on p. 11 of the CISA-Multi-State  Information Sharing and Analysis Center (MS-ISAC) Joint Ransomware Guide. If possible, scan backup data with an antivirus program to check that it is  free of malware. Note: CISA, the FBI, and NSA strongly discourage paying a ransom to criminal actors. Paying a  ransom may embolden adversaries to target additional organizations, encourage other criminal actors  to engage in the distribution of ransomware, and/or may fund illicit activities. Paying the ransom also  does not guarantee that a victim’s files will be recovered. •  CISA’s Ransomware Readiness Assessment (RRA) is a no-cost self-assessment based on a  tiered set of practices to help organizations better assess how well they are equipped to  defend and recover from a ransomware incident. •  CISA offers a range of no-cost cyber hygiene services to help critical infrastructure  organizations assess, identify, and reduce their exposure to threats, including ransomware. Any reference to specific commercial products, processes, or services by  service mark, trademark, manufacturer, or otherwise, does not constitute or imply their endorsement,  recommendation, or favoring by CISA, the FBI, or NSA."
Ongoing Cyber Threats to U.S. Water and Wastewater Systems,2021-10-14,4,"{""Phishing/Spoofing"": 4, ""Ransomware"": 15, ""Botnet"": 1, ""Malware"": 1, ""IPR*/Copyright&Counterfeit"": 1}","{""Phishing/Spoofing"": {""spearphishing"": 3, ""phishing"": 1}, ""Extortion"": {}, ""Personal Data Breach"": {}, ""Non-Payment/Non-Delivery"": {}, ""Investment"": {}, ""Tech Support"": {}, ""Business Email Compromise"": {}, ""Identity Theft"": {}, ""Employment"": {}, ""Confidence/Romance"": {}, ""Government Impersonation"": {}, ""Credit Card/Check Fraud"": {}, ""Harassment/Stalking"": {}, ""Real Estate"": {}, ""Advanced Fee"": {}, ""Crimes Against Children"": {}, ""Lottery/Sweepstakes/Inheritance"": {}, ""Data Breach"": {}, ""Ransomware"": {""ransomware"": 15}, ""Overpayment"": {}, ""IPR*/Copyright&Counterfeit"": {""trademark"": 1}, ""Threats of Violence"": {}, ""SIM Swap"": {}, ""Botnet"": {""denial of service"": 1}, ""Malware"": {""malware"": 1}, ""Cryptocurrency"": {}}","•  Spearphishing personnel to deliver malicious payloads, including ransomware [T1566]. o Spearphishing is one of the most prevalent techniques used for initial access to IT  networks. o When organizations integrate IT with OT systems, attackers can gain access—either  purposefully or inadvertently—to OT assets after the IT network has been  compromised through spearphishing and other techniques. o For example, threat actors can exploit a Remote Desktop Protocol (RDP) that is  insecurely connected to the internet to infect a network with ransomware. Successful compromise of these devices may lead to loss of system  control, denial of service, or loss of sensitive data [T0827]. The ransomware variant had been in the system for about a month and  was discovered when three supervisory control and data acquisition (SCADA) servers  displayed a ransomware message. •  In July 2021, cyber actors used remote access to introduce ZuCaNo ransomware onto a  Maine-based WWS facility’s wastewater SCADA computer. •  In March 2021, cyber actors used an unknown ransomware variant against a Nevada-based  WWS facility. The ransomware affected the victim’s SCADA system and backup systems. •  In September 2020, personnel at a New Jersey-based WWS facility discovered—what they  believed to be—Makop ransomware had compromised files within their system. 11 of the CISA-Multi-State Information Sharing and Analysis Center  (MS-ISAC) Joint Ransomware Guide. Use a risk-based asset inventory strategy to determine how OT network  assets are identified and evaluated for the presence of malware. o Ensure backups are not connected to the network to prevent the potential spread of  ransomware to the backups. •  Train users through awareness and simulations to recognize and report phishing and social  engineering attempts. RESOURCES  Cyber Hygiene Services  CISA offers a range of no-cost cyber hygiene services—including vulnerability scanning and  ransomware readiness assessments—to help critical infrastructure organizations assess, identify, and  reduce their exposure to cyber threats. This includes ransomware alerts, reports, and  resources from CISA and other federal partners, including:  •  CISA and MS-ISAC: Joint Ransomware Guide  •  CISA Insights: Ransomware Outbreak  •  CISA Webinar: Combating Ransomware  Additional Resources  For additional resources that can assist in preventing and mitigating this activity, see:  •  FBI-CISA-EPA-MS-ISAC Joint CSA: Compromise of U.S. Reference herein to any specific commercial products, process, or service  by trade name, trademark, manufacturer, or otherwise, does not constitute or imply its endorsement,  recommendation, or favoring by the United States Government, and this guidance shall not be used  for advertising or product endorsement purposes."
APT Actors Exploiting Newly Identified Vulnerability in ManageEngine ADSelfService Plus,2021-09-17,3,{},"{""Phishing/Spoofing"": {}, ""Extortion"": {}, ""Personal Data Breach"": {}, ""Non-Payment/Non-Delivery"": {}, ""Investment"": {}, ""Tech Support"": {}, ""Business Email Compromise"": {}, ""Identity Theft"": {}, ""Employment"": {}, ""Confidence/Romance"": {}, ""Government Impersonation"": {}, ""Credit Card/Check Fraud"": {}, ""Harassment/Stalking"": {}, ""Real Estate"": {}, ""Advanced Fee"": {}, ""Crimes Against Children"": {}, ""Lottery/Sweepstakes/Inheritance"": {}, ""Data Breach"": {}, ""Ransomware"": {}, ""Overpayment"": {}, ""IPR*/Copyright&Counterfeit"": {}, ""Threats of Violence"": {}, ""SIM Swap"": {}, ""Botnet"": {}, ""Malware"": {}, ""Cryptocurrency"": {}}",
Cyber Criminal Actors Targeting the Food and Agriculture Sector with Ransomware Attacks,2021-09-07,3,"{""Ransomware"": 25, ""Extortion"": 1, ""Data Breach"": 1, ""Harassment/Stalking"": 1, ""Botnet"": 1, ""Malware"": 4, ""Phishing/Spoofing"": 2}","{""Phishing/Spoofing"": {""phishing"": 2}, ""Extortion"": {""extortion"": 1}, ""Personal Data Breach"": {}, ""Non-Payment/Non-Delivery"": {}, ""Investment"": {}, ""Tech Support"": {}, ""Business Email Compromise"": {}, ""Identity Theft"": {}, ""Employment"": {}, ""Confidence/Romance"": {}, ""Government Impersonation"": {}, ""Credit Card/Check Fraud"": {}, ""Harassment/Stalking"": {""harassing"": 1}, ""Real Estate"": {}, ""Advanced Fee"": {}, ""Crimes Against Children"": {}, ""Lottery/Sweepstakes/Inheritance"": {}, ""Data Breach"": {""data breach"": 1}, ""Ransomware"": {""ransomware"": 19, ""ransom"": 5, ""ransoms"": 1}, ""Overpayment"": {}, ""IPR*/Copyright&Counterfeit"": {}, ""Threats of Violence"": {}, ""SIM Swap"": {}, ""Botnet"": {""distributed denial of service"": 1}, ""Malware"": {""malware"": 3, ""virus"": 1}, ""Cryptocurrency"": {}}","Cyber Criminal Actors Targeting the Food  and Agriculture Sector with Ransomware  Attacks  Summary  Ransomware attacks targeting the Food and Agriculture sector disrupt  operations, cause financial loss, and negatively impact the food supply  chain. Ransomware may impact businesses across the sector, from  small farms to large producers, processors and manufacturers, and  markets and restaurants. Food and agriculture businesses victimized by ransomware suffer  significant financial loss resulting from ransom payments, loss of  productivity, and remediation costs. Companies may also experience  the loss of proprietary information and personally identifiable  information (PII) and may suffer reputational damage resulting from a  ransomware attack. Larger businesses are targeted based on their perceived  ability to pay higher ransom demands, while smaller entities may be seen as soft targets, particularly  those in the earlier stages of digitizing their processes, according to a private industry report. In a ransomware attack, victims’ files are encrypted and made unavailable, and the attacker  demands a payment for the decryption tool and key. This double extortion potentially gives the attacker more leverage  to ensure payment, based on the potential damage caused by a significant data breach of sensitive  information. Threat actors may apply additional coercive tactics such as convincing media  organizations to write stories on victim security incidents, harassing employees by phone, notifying  business partners of data theft, and conducting distributed denial of service attacks to further  disrupt operations. According to a private industry report, cyber actors may gradually broaden their  attack from just information technology (IT) and business processes to also include the operational  technology (OT) assets, which monitor and control physical processes, impacting industrial  production regardless of whether the malware was deployed in IT or OT systems. The impact of ransomware attacks continues to grow. From 2019 to 2020, the average ransom  demand doubled and the average cyber insurance payout increased by 65 percent from 2019 to  2020. Separate studies have  shown 50-80 percent of victims that paid the ransom experienced a repeat ransomware attack by  either the same or different actors. Although cyber criminals use a variety of techniques to infect  victims with ransomware, the most common means of infection are email phishing campaigns,  Remote Desktop Protocol (RDP) vulnerabilities, and software vulnerabilities. Examples of ransomware attacks impacting food and agriculture sector businesses include the  following:  • In July 2021, a US bakery company lost access to their server, files, and applications, halting their  production, shipping, and receiving as a result of Sodinokibi/REvil ransomware which was  deployed through software used by an IT support managed service provider (MSP). TLP:WHITE     TLP:WHITE  • In May 2021, cyber actors using a variant of the Sodinokibi/REvil ransomware compromised  computer networks in the US and overseas locations of a global meat processing company, which  resulted in the possible exfiltration of company data and the shutdown of some US-based plants  for several days. • In March 2021, a US beverage company suffered a ransomware attack that caused significant  disruption to its business operations, including its operations, production, and shipping. The  company took its systems offline to prevent the further spread of malware, directly impacting  employees who were unable to access specific systems, according to open source reports. • In November 2020, a US-based international food and agriculture business reported it was  unable to access multiple computer systems tied to their network due to a ransomware attack  conducted by OnePercent Group threat actors using a phishing email with a malicious zip file  attachment. The following steps can be implemented to mitigate the threat and protect  against ransomware attacks:  • Regularly back up data, air gap, and password protect backup copies offline. • Install and regularly update anti-virus and anti-malware software on all hosts. The FBI does not encourage paying ransoms. It may also embolden adversaries to target additional                                 TLP:WHITE     TLP:WHITE  organizations, encourage other criminal actors to engage in the distribution of ransomware, and/or  fund illicit activities. Regardless of  whether you or your organization have decided to pay the ransom, the FBI urges you to promptly  report ransomware incidents to your local field office or the FBI’s 24/7 Cyber Watch (CyWatch). Doing so provides the FBI with critical information needed to prevent future attacks by identifying  and tracking ransomware attackers and holding them accountable under U.S. Government’s new, official one-stop  location for resources to tackle ransomware more effectively."
Ransomware Awareness for Holidays and Weekends,2021-08-31,3,"{""Ransomware"": 34, ""Extortion"": 2, ""Threats of Violence"": 1, ""Data Breach"": 1, ""Phishing/Spoofing"": 4, ""Malware"": 8}","{""Phishing/Spoofing"": {""phishing"": 3, ""spearphishing"": 1}, ""Extortion"": {""extortion"": 2}, ""Personal Data Breach"": {}, ""Non-Payment/Non-Delivery"": {}, ""Investment"": {}, ""Tech Support"": {}, ""Business Email Compromise"": {}, ""Identity Theft"": {}, ""Employment"": {}, ""Confidence/Romance"": {}, ""Government Impersonation"": {}, ""Credit Card/Check Fraud"": {}, ""Harassment/Stalking"": {}, ""Real Estate"": {}, ""Advanced Fee"": {}, ""Crimes Against Children"": {}, ""Lottery/Sweepstakes/Inheritance"": {}, ""Data Breach"": {""data breaches"": 1}, ""Ransomware"": {""ransomware"": 28, ""ransom"": 5, ""ransoms"": 1}, ""Overpayment"": {}, ""IPR*/Copyright&Counterfeit"": {}, ""Threats of Violence"": {""threatening"": 1}, ""SIM Swap"": {}, ""Botnet"": {}, ""Malware"": {""malware"": 7, ""virus"": 1}, ""Cryptocurrency"": {}}","Product ID: AA21-243A August 31, 2021   TLP:WHITE  TLP:WHITE  Ransomware Awareness for Holidays and  Weekends  SUMMARY  The Federal Bureau of Investigation (FBI) and the  Cybersecurity and Infrastructure Security Agency (CISA)  have observed an increase in highly impactful  ransomware attacks occurring on holidays and  weekends—when offices are normally closed—in the  United States, as recently as the Fourth of July holiday  in 2021. The FBI and CISA encourage all entities to examine their current cybersecurity posture  and implement the recommended best practices and mitigations to manage the risk posed by all  cyber threats, including ransomware. In some cases, this tactic provides a  head start for malicious actors conducting network exploitation and follow-on propagation of  Immediate Actions You Can Take Now  to Protect Against Ransomware    Make an offline backup of your data.   In May 2021, leading into Mother’s Day weekend, malicious cyber actors deployed DarkSide  ransomware against the IT network of a U.S.-based critical infrastructure entity in the Energy  Sector, resulting in a week-long suspension of operations. After DarkSide actors gained  access to the victim’s network, they deployed ransomware to encrypt victim data and—as a  secondary form of extortion—exfiltrated the data before threatening to publish it to further  pressure victims into paying the ransom demand.   In May 2021, over the Memorial Day weekend, a critical infrastructure entity in the Food and  Agricultural Sector suffered a Sodinokibi/REvil ransomware attack affecting U.S.   In July 2021, during the Fourth of July holiday weekend, Sodinokibi/REvil ransomware actors  attacked a U.S.-based critical infrastructure entity in the IT Sector and implementations of their  remote monitoring and management tool, affecting hundreds of organizations—including  multiple managed service providers and their customers. The number of  ransomware incidents also continues to rise, with 2,474 incidents reported in 2020, representing a 20  percent increase in the number of incidents, and a 225 percent increase in ransom demands.   Conti    PYSA    LockBit    RansomEXX/Defray777    Zeppelin    Crysis/Dharma/Phobos  The destructive impact of ransomware continues to evolve beyond encryption of IT assets. Cyber  criminals have increasingly targeted large, lucrative organizations and providers of critical services  with the expectation of higher value ransoms and increased likelihood of payments. Cyber criminals  have also increasingly coupled initial encryption of data with a secondary form of extortion, in which  they threaten to publicly name affected victims and release sensitive or proprietary data exfiltrated                                                  1 This number includes only those victims who have provided information to IC3. (See CISA’s Fact Sheet: Protecting  Sensitive and Personal Information from Ransomware-Caused Data Breaches.) Malicious actors  have also added tactics, such as encrypting or deleting system backups—making restoration and  recovery more difficult or infeasible for impacted organizations. Although cyber criminals use a variety of techniques to infect victims with ransomware, the two most  prevalent initial access vectors are phishing and brute forcing unsecured remote desktop protocol  (RDP) endpoints. Precursor malware enables cyber actors to conduct  reconnaissance on victim networks, steal credentials, escalate privileges, exfiltrate information, move  laterally on the victim network, and obfuscate command-and-control communications. Cyber actors  use this access to:     Evaluate a victim’s ability to pay a ransom.   Evaluate a victim’s incentive to pay a ransom to:   o Regain access to their data and/or   o Avoid having their sensitive or proprietary data publicly leaked.   Gather information for follow-on attacks before deploying ransomware on the victim network. Threat actors can be  present on a victim network long before they lock down a system, alerting the victim to the  ransomware attack. Also  review the Ransomware Response Checklist in the CISA-MS-ISAC Joint Ransomware Guide. Cyber Hygiene Services  CISA offers a range of no-cost cyber hygiene services—including vulnerability scanning and  ransomware readiness assessments—to help critical infrastructure organizations assess, identify, and  reduce their exposure to cyber threats. RANSOMWARE BEST PRACTICES  The FBI and CISA strongly discourage paying a ransom to criminal actors. Payment may also embolden  adversaries to target additional organizations, encourage other criminal actors to engage in the  distribution of malware, and/or fund illicit activities. Government with  critical information needed to help victims, track ransomware attackers, hold attackers accountable  under U.S. RECOMMENDED MITIGATIONS  The FBI and CISA highly recommend organizations continuously and actively monitor for ransomware  threats over holidays and weekends.2 Additionally, the FBI and CISA recommend identifying IT  security employees to be available and ""on call"" during these times, in the event of a ransomware  attack. It is important that backups be  maintained offline as many ransomware variants attempt to find and delete or encrypt  accessible backups.   Implement a user training program and phishing exercises to raise awareness among users  about the risks involved in visiting malicious websites or opening malicious attachments and to  reinforce the appropriate user response to phishing and spearphishing emails. Threat actors use SMB to propagate malware across  organizations.   Automatically update antivirus and anti-malware solutions and conduct regular virus and  malware scans.   Create, maintain, and exercise a basic cyber incident response plan that:  o Includes procedures for response and notification in a ransomware incident and  o Plans for the possibility of critical systems being inaccessible for a period of time. Note: for help with developing your plan, review available incident response guidance, such  as the Public Power Cyber Incident Response Playbook and the Ransomware Response  Checklist in the CISA-MS-ISAC Joint Ransomware Guide. If your organization is impacted by a ransomware incident, the FBI and CISA recommend the  following actions. Power off and segregate any other computers or devices  that share a network with the infected computer(s) that have not been fully encrypted by  ransomware. If possible, scan  your backup data with an antivirus program to check that it is free of malware. Government’s new,  official one-stop location for resources to tackle ransomware more effectively. 1: Guide to Malware Incident Prevention and Handling for Desktops and  Laptops    NIST SP 800-46 Rev."
Indicators of Compromise Associated with Hive Ransomware,2021-08-25,3,"{""Ransomware"": 28, ""Phishing/Spoofing"": 1, ""Malware"": 5, ""Personal Data Breach"": 1, ""Cryptocurrency"": 2}","{""Phishing/Spoofing"": {""phishing"": 1}, ""Extortion"": {}, ""Personal Data Breach"": {""personal data"": 1}, ""Non-Payment/Non-Delivery"": {}, ""Investment"": {}, ""Tech Support"": {}, ""Business Email Compromise"": {}, ""Identity Theft"": {}, ""Employment"": {}, ""Confidence/Romance"": {}, ""Government Impersonation"": {}, ""Credit Card/Check Fraud"": {}, ""Harassment/Stalking"": {}, ""Real Estate"": {}, ""Advanced Fee"": {}, ""Crimes Against Children"": {}, ""Lottery/Sweepstakes/Inheritance"": {}, ""Data Breach"": {}, ""Ransomware"": {""ransomware"": 16, ""ransom"": 12}, ""Overpayment"": {}, ""IPR*/Copyright&Counterfeit"": {}, ""Threats of Violence"": {}, ""SIM Swap"": {}, ""Botnet"": {}, ""Malware"": {""virus"": 2, ""malware"": 3}, ""Cryptocurrency"": {""bitcoin"": 2}}","Indicators of Compromise Associated with Hive  Ransomware    Summary    Hive ransomware, which was first observed in June 2021 and likely  operates as an affiliate-based ransomware, employs a wide variety of  tactics, techniques, and procedures (TTPs), creating significant  challenges for defense and mitigation. Hive ransomware uses multiple  mechanisms to compromise business networks, including phishing  emails with malicious attachments to gain access and Remote Desktop  Protocol (RDP) to move laterally once on the network. After compromising a victim network, Hive ransomware actors  exfiltrate data and encrypt files on the network. The actors leave a  ransom note in each affected directory within a victim’s system, which  provides instructions on how to purchase the decryption software. The ransom note also threatens to leak exfiltrated victim data on the  Tor site, “HiveLeaks.”     TLP:WHITE  TLP:WHITE      Technical Details  Hive ransomware seeks processes related to backups, anti-virus/anti-spyware, and file copying and  terminates them to facilitate file encryption. The Hive ransomware then drops a hive.bat script into the directory, which enforces an  execution timeout delay of one second in order to perform cleanup after the encryption is finished  by deleting the Hive executable and the hive.bat script. The ransom note,  “HOW_TO_DECRYPT.txt” is dropped into each affected directory and states the *key.* file  cannot be modified, renamed, or deleted, otherwise the encrypted files cannot be recovered. The ransom  note also informs victims that a public disclosure or leak site, accessible on a TOR browser, contains  data exfiltrated from victim companies who do not pay the ransom demand. Indicators of Compromise   The following indicators were leveraged by the threat actors during Hive ransomware compromises. Personal data, financial reports and important documents are ready to disclose. TLP:WHITE  TLP:WHITE      Information Requested  The FBI does not encourage paying a ransom to criminal actors. Paying a ransom may embolden  adversaries to target additional organizations, encourage other criminal actors to engage in the  distribution of ransomware, and/or fund illicit activities. Paying the ransom also does not guarantee  that a victim’s files will be recovered. Regardless of whether you or your organization decide to pay the  ransom, the FBI urges you to report ransomware incidents to your local field office. Doing so  provides investigators with the critical information they need to track ransomware attackers, hold  them accountable under US law, and prevent future attacks. The FBI may seek the following information that you determine you can legally share, including:   Recovered executable files    Live memory (RAM) capture    Images of infected systems     Malware samples    IP addresses identified as malicious or suspicious    Email addresses of the attackers    A copy of the ransom note    Ransom amount   Bitcoin wallets used by the attackers    Bitcoin wallets used to pay the ransom   Post-incident forensic reports    Recommended Mitigations   Back-up critical data offline.  Install and regularly update anti-virus or anti-malware software on all hosts. o The Cybersecurity and Infrastructure Security Agency-Multi-State Information Sharing  & Analysis Center Joint Ransomware Guide covers additional best practices and ways  to prevent, protect, and respond to a ransomware attack. Government’s official one-stop location for resources  to tackle ransomware more effectively. If your organization is impacted by a ransomware incident, the FBI and CISA recommend the  following actions. Power-off and segregate any other computers or devices  that share a network with the infected computer(s) that have not been fully encrypted by  ransomware. If possible, scan  your backup data with an antivirus program to check that it is free of malware."
Indicators of Compromise Associated with OnePercent Group Ransomware,2021-08-23,3,"{""Ransomware"": 16, ""Phishing/Spoofing"": 3, ""Malware"": 2, ""Threats of Violence"": 1, ""Extortion"": 2, ""Data Breach"": 1, ""Tech Support"": 1, ""Cryptocurrency"": 1}","{""Phishing/Spoofing"": {""phishing"": 2, ""spoofed"": 1}, ""Extortion"": {""extortion"": 2}, ""Personal Data Breach"": {}, ""Non-Payment/Non-Delivery"": {}, ""Investment"": {}, ""Tech Support"": {""technical support"": 1}, ""Business Email Compromise"": {}, ""Identity Theft"": {}, ""Employment"": {}, ""Confidence/Romance"": {}, ""Government Impersonation"": {}, ""Credit Card/Check Fraud"": {}, ""Harassment/Stalking"": {}, ""Real Estate"": {}, ""Advanced Fee"": {}, ""Crimes Against Children"": {}, ""Lottery/Sweepstakes/Inheritance"": {}, ""Data Breach"": {""data leak"": 1}, ""Ransomware"": {""ransomware"": 6, ""ransom"": 10}, ""Overpayment"": {}, ""IPR*/Copyright&Counterfeit"": {}, ""Threats of Violence"": {""threatening"": 1}, ""SIM Swap"": {}, ""Botnet"": {}, ""Malware"": {""trojan"": 2}, ""Cryptocurrency"": {""bitcoin"": 1}}","Indicators of Compromise Associated with OnePercent  Group Ransomware  Summary  The FBI has learned of a cyber-criminal group who self identifies as the  “OnePercent Group” and who have used Cobalt Strike to perpetuate  ransomware attacks against US companies since November 2020. OnePercent  Group actors compromise victims through a phishing email in which an  attachment is opened by the user. The attachment’s macros infect the system  with the IcedID1 banking trojan. The actors contact the victims via telephone and email, threatening to  release the stolen data through The Onion Router (TOR) network and clearnet,  unless a ransom is paid in virtual currency. OnePercent Group actors’ extortion  tactics always begin with a warning and progress from a partial leak of data to a  full leak of all the victim’s exfiltrated data. The extortion/data leak typically  follows these steps:                                                               1 IcedID can also be delivered using TA551 (also known as Shathak and GoldCabin). TLP: WHITE  TLP: WHITE  • Leak Warning: After initially gaining access to a victim network, OnePercent Group actors leave a  ransom note stating the data has been encrypted and exfiltrated. • One Percent Leak: If the victim does not pay the ransom quickly, the OnePercent Group actors  threaten to release a portion of the stolen data to various clearnet websites. • Full Leak: If the ransom is not paid in full after the “one percent leak”, OnePercent Group actors  threaten to sell the stolen data to the Sodinokibi Group2  to publish at an auction. Ransom Note Details and TOR Website  OnePercent Group ransom notes are uniquely named and provide a link to the TOR website, which victims  must access by downloading and using a TOR browser. This website is used to communicate the ransom  amount, provide technical support, and negotiate with the victims via an online chat functionality. The  victims are instructed to pay the ransom to a Bitcoin address, and advised that a decryption key will be  provided in 24-48 hours after payment. While some of  these applications support legitimate purposes, they can also be used by threat actors to aid in system  compromise or exploration of a victim company’s enterprise network:                                                               2 Sodinokibi is a Russia-based ransomware-as-a-service group. TLP: WHITE  TLP: WHITE  • AWS S3 cloud   • IcedID   • Cobalt Strike  • Powershell  • Rclone   • Mimikatz   • SharpKatz  • BetterSafetyKatz  • SharpSploit  Technical Details  OnePercent Group actors gain unauthorized access to victim networks through phishing emails with a  malicious zip file attachment. The zip file includes a Microsoft Word or Excel document that contains  malicious macros that allow the actors to subsequently infect the victim’s system with the banking Trojan  IcedID. The actors have been observed within the victim’s  network for approximately one month prior to deployment of the ransomware. Once the ransomware is successfully deployed, the victim will start to receive phone calls through spoofed  phone numbers with ransom demands and are provided a ProtonMail email address for further  communication. TLP: WHITE  TLP: WHITE  File Name of  Ransom Note  [8 character random string]-readme.txt    This readme file will share the same random characters as the encrypted  files. Government’s new, official  one-stop location for resources to tackle ransomware more effectively."
Top Routinely Exploited Vulnerabilities,2021-07-28,3,"{""Investment"": 1, ""Malware"": 30, ""Ransomware"": 4, ""Botnet"": 1, ""Cryptocurrency"": 2, ""Phishing/Spoofing"": 1}","{""Phishing/Spoofing"": {""phishing"": 1}, ""Extortion"": {}, ""Personal Data Breach"": {}, ""Non-Payment/Non-Delivery"": {}, ""Investment"": {""investing"": 1}, ""Tech Support"": {}, ""Business Email Compromise"": {}, ""Identity Theft"": {}, ""Employment"": {}, ""Confidence/Romance"": {}, ""Government Impersonation"": {}, ""Credit Card/Check Fraud"": {}, ""Harassment/Stalking"": {}, ""Real Estate"": {}, ""Advanced Fee"": {}, ""Crimes Against Children"": {}, ""Lottery/Sweepstakes/Inheritance"": {}, ""Data Breach"": {}, ""Ransomware"": {""ransomware"": 4}, ""Overpayment"": {}, ""IPR*/Copyright&Counterfeit"": {}, ""Threats of Violence"": {}, ""SIM Swap"": {}, ""Botnet"": {""botnet"": 1}, ""Malware"": {""malware"": 30}, ""Cryptocurrency"": {""cryptocurrency"": 2}}","Adversaries’ use of known  vulnerabilities complicates attribution, reduces costs, and minimizes risk because they are not  investing in developing a zero-day exploit for their exclusive use, which they risk losing if it becomes  known. Note: The lists of associated malware corresponding to each CVE below are not meant to be  exhaustive but intended to identify a malware family commonly associated with exploiting the CVE. CVSS 3.02    Critical  Vulnerability Discussion, IOCs, and Malware Campaigns  Fix    2 The Common Vulnerability Scoring System (CVSS) version 3.0 is used to assign severity to the vulnerabilities  listed in this advisory. Multiple malware campaigns, including NOTROBIN, have taken advantage of this  vulnerability. • CVE-2019-19781 is commonly exploited to install web shell malware. CVSS 3.0    Critical  Vulnerability Discussion, IOCs, and Malware Campaigns  Improper access controls allow a directory traversal that an attacker can exploit to read  the contents of system files. Multiple malware campaigns have taken advantage of this vulnerability, most notably  REvil/Sodinokibi ransomware. CVSS 3.0    Critical  Vulnerability Discussion, IOCs, and Malware Campaigns  Weakness in user access controls and web application directory structure allows  attackers to read system files without authentication. Multiple malware campaigns have taken advantage of this vulnerability. The most  notable being Cring ransomware (also known as Crypt3, Ghost, Phantom, and  Vjszy1lo). CVSS 3.0  Critical  Vulnerability Discussion, IOCs, and Malware Campaigns  CVE-2020-15505 is an RCE vulnerability in MobileIron Core & Connector versions 10.3  and earlier. CVSS 3.0  High  Vulnerability Discussion, IOCs, and Malware Campaigns  CVE-2020-0688 exists in the Microsoft Exchange Server when the server fails to  properly create unique keys at install time. • CVE-2020-0688 is commonly exploited to install web shell malware. CVSS 3.0  Critical  Vulnerability Discussion, IOCs, and Malware Campaigns  Confluence Server and Data Center versions released before June 18, 2018, are  vulnerable to this issue. • CVE-2019-3396 is commonly exploited to install web shell malware. CISA  has noted CVE-2017-11882 being exploited to deliver LokiBot malware. References  • NIST NVD Vulnerability Detail: CVE-2017-11882   • CISA Malware Analysis Report: MAR-10211350-1.v2  • Palo Alto Networks Analysis: Analysis of CVE-2017-11882 Exploit in the Wild  • CERT Coordination Center Vulnerability Note: Microsoft Office Equation Editor stack buffer  overflow    Table 10: CVE 2019-11580 Vulnerability Details  Atlassian Crowd and Crowd Data Center Remote Code Execution (CVE 2019-11580)  Vulnerability Description  Atlassian Crowd and Crowd Data Center had the pdkinstall development plugin  incorrectly enabled in release builds. CVSS 3.0  Critical  Vulnerability Discussion, IOCs, and Malware Campaigns  Attackers who can send unauthenticated or authenticated requests to a Crowd or  Crowd Data Center instance can exploit this vulnerability to install arbitrary plugins,  which permits RCE on systems running a vulnerable version of Crowd or Crowd Data  Center. • CVE-2019-11580 is commonly exploited to install web shell malware. CVSS 3.0  Critical  Vulnerability Discussion, IOCs, and Malware Campaigns  An RCE vulnerability exists within multiple subsystems of Drupal 7.x and 8.x. Malware campaigns include the Muhstik botnet and XMRig Monero Cryptocurrency  mining. CVSS 3.0  Critical  Vulnerability Discussion, IOCs, and Malware Campaigns  The Telerik UI does not properly sanitize serialized data inputs from the user. There were two malware campaigns associated with this vulnerability:   • Netwalker Ransomware and  • Blue Mockbird Monero Cryptocurrency-mining. • Exploitation of this and previous Telerik UI vulnerabilities commonly resulted in the installation of  web shell malware. NSA provides guidance on detecting and preventing web shell malware. CVSS 3.0  Critical  Vulnerability Discussion, IOCs, and Malware Campaigns  This vulnerability was typically exploited to install webshell malware to vulnerable hosts. The exploit was used in malware phishing and the WickrMe/Hello Ransomware  campaigns. • NSA provides guidance on detecting and preventing web shell malware. CVSS 3.0  High  Vulnerability Discussion, IOCs, and Malware Campaigns  To exploit this vulnerability, an actor would first need to have the ability to execute  arbitrary code on a vulnerable Windows host. CVSS 3.0  Critical  Vulnerability Discussion, IOCs, and Malware Campaigns  To exploit this vulnerability, an actor would first need to have an existing presence on  an internal network with network connectivity to a vulnerable Domain Controller,  assuming that Domain Controllers are not exposed to the internet."
Potential for Malicious Cyber Activities to Disrupt the 2020 Tokyo Summer Olympics,2021-07-19,3,"{""Phishing/Spoofing"": 5, ""Ransomware"": 7, ""Botnet"": 3, ""Malware"": 6}","{""Phishing/Spoofing"": {""phishing"": 4, ""spearphishing"": 1}, ""Extortion"": {}, ""Personal Data Breach"": {}, ""Non-Payment/Non-Delivery"": {}, ""Investment"": {}, ""Tech Support"": {}, ""Business Email Compromise"": {}, ""Identity Theft"": {}, ""Employment"": {}, ""Confidence/Romance"": {}, ""Government Impersonation"": {}, ""Credit Card/Check Fraud"": {}, ""Harassment/Stalking"": {}, ""Real Estate"": {}, ""Advanced Fee"": {}, ""Crimes Against Children"": {}, ""Lottery/Sweepstakes/Inheritance"": {}, ""Data Breach"": {}, ""Ransomware"": {""ransomware"": 5, ""ransom"": 1, ""ransoms"": 1}, ""Overpayment"": {}, ""IPR*/Copyright&Counterfeit"": {}, ""Threats of Violence"": {}, ""SIM Swap"": {}, ""Botnet"": {""distributed denial of service"": 1, ""ddos"": 2}, ""Malware"": {""malware"": 5, ""virus"": 1}, ""Cryptocurrency"": {}}","Potential for Malicious Cyber Activities to  Disrupt the 2020 Tokyo Summer Olympics     Summary  The FBI is warning entities associated with the Tokyo 2020 Summer  Olympics that cyber actors who wish to disrupt the event could use  distributed denial of service (DDoS) attacks, ransomware, social  engineering, phishing campaigns, or insider threats to block or disrupt  live broadcasts of the event, steal and possibly hack and leak or hold  hostage sensitive data, or impact public or private digital  infrastructure supporting the Olympics. Adversaries could use social engineering and  phishing campaigns in the lead up to the event to obtain access or use previously obtained  access to implant malware to disrupt affected networks during the event. Social engineering  and phishing campaigns continue to provide adversaries with the access needed to carry out  such attacks. Prior to the event, the actors targeted South  Korean citizens and officials, Olympic athletes, partners, visitors, and International Olympic  Committee officials with spearphishing campaigns and malicious mobile applications. The  Russian actors obfuscated the true source of the malware by emulating code used by a North  Korean group, creating the potential for misattribution. Cyber actors could use ransomware or other malicious tools and services available for purchase  on the Internet to execute DDoS attacks against Internet service providers and/or television  broadcast companies to interrupt service during the Olympics. Criminal or nation-state actors—with different motivations—could hack and leak or hold for  ransom sensitive data stolen from a variety of Olympics or Olympics support entities.  Automatically update antivirus and anti-malware solutions and conduct regular virus  and malware scans. Ransomware Best Practices  The FBI does not recommend paying ransoms. Payment does not guarantee files will be  recovered and may embolden malicious cyber actors to target additional organizations,  encourage other criminal actors to engage in the distribution of malware, and/or may fund  illicit activities.  Create, maintain, and exercise a basic cyber incident response plan that includes  procedures for response and notification in a ransomware incident and plans for the  possibility of critical systems being inaccessible for a period of time. To help prevent targeted social engineering,  ransomware, and phishing scams, ensure that employees and stakeholders are aware of  potential cyber threats and how they are delivered."
CISA-FBI Guidance for MSPs and their Customers Affected by the Kaseya VSA Supply-Chain Ransomware Attack,2021-07-06,3,"{""Ransomware"": 3}","{""Phishing/Spoofing"": {}, ""Extortion"": {}, ""Personal Data Breach"": {}, ""Non-Payment/Non-Delivery"": {}, ""Investment"": {}, ""Tech Support"": {}, ""Business Email Compromise"": {}, ""Identity Theft"": {}, ""Employment"": {}, ""Confidence/Romance"": {}, ""Government Impersonation"": {}, ""Credit Card/Check Fraud"": {}, ""Harassment/Stalking"": {}, ""Real Estate"": {}, ""Advanced Fee"": {}, ""Crimes Against Children"": {}, ""Lottery/Sweepstakes/Inheritance"": {}, ""Data Breach"": {}, ""Ransomware"": {""ransomware"": 3}, ""Overpayment"": {}, ""IPR*/Copyright&Counterfeit"": {}, ""Threats of Violence"": {}, ""SIM Swap"": {}, ""Botnet"": {}, ""Malware"": {}, ""Cryptocurrency"": {}}","CISA and the Federal Bureau of Investigation (FBI) continue to respond to the recent supply-chain ransomware attack  leveraging a vulnerability in Kaseya VSA software against multiple managed service providers (MSPs) and their customers. •  For guidance specific to this incident from the cybersecurity community, see Cado Security's GitHub page,  Resources for DFIR Professionals Responding to the REvil Ransomware Kaseya Supply Chain Attack. •  For advice from the cybersecurity community on securing against MSP ransomware attacks, see Gavin Stone's  article, How secure is your RMM, and what can you do to better secure it?."
APT Actors Exploiting Fortinet Vulnerabilities to Gain Access for Malicious Activity,2021-05-27,2,"{""Malware"": 1}","{""Phishing/Spoofing"": {}, ""Extortion"": {}, ""Personal Data Breach"": {}, ""Non-Payment/Non-Delivery"": {}, ""Investment"": {}, ""Tech Support"": {}, ""Business Email Compromise"": {}, ""Identity Theft"": {}, ""Employment"": {}, ""Confidence/Romance"": {}, ""Government Impersonation"": {}, ""Credit Card/Check Fraud"": {}, ""Harassment/Stalking"": {}, ""Real Estate"": {}, ""Advanced Fee"": {}, ""Crimes Against Children"": {}, ""Lottery/Sweepstakes/Inheritance"": {}, ""Data Breach"": {}, ""Ransomware"": {}, ""Overpayment"": {}, ""IPR*/Copyright&Counterfeit"": {}, ""Threats of Violence"": {}, ""SIM Swap"": {}, ""Botnet"": {}, ""Malware"": {""malware"": 1}, ""Cryptocurrency"": {}}",• Install and regularly update antivirus and anti-malware software on all hosts.
Conti Ransomware Attacks Impact Healthcare and First Responder Networks,2021-05-21,2,"{""Ransomware"": 20, ""Phishing/Spoofing"": 2, ""Malware"": 5, ""Cryptocurrency"": 1}","{""Phishing/Spoofing"": {""spearphishing"": 1, ""phishing"": 1}, ""Extortion"": {}, ""Personal Data Breach"": {}, ""Non-Payment/Non-Delivery"": {}, ""Investment"": {}, ""Tech Support"": {}, ""Business Email Compromise"": {}, ""Identity Theft"": {}, ""Employment"": {}, ""Confidence/Romance"": {}, ""Government Impersonation"": {}, ""Credit Card/Check Fraud"": {}, ""Harassment/Stalking"": {}, ""Real Estate"": {}, ""Advanced Fee"": {}, ""Crimes Against Children"": {}, ""Lottery/Sweepstakes/Inheritance"": {}, ""Data Breach"": {}, ""Ransomware"": {""ransomware"": 12, ""ransom"": 7, ""ransoms"": 1}, ""Overpayment"": {}, ""IPR*/Copyright&Counterfeit"": {}, ""Threats of Violence"": {}, ""SIM Swap"": {}, ""Botnet"": {}, ""Malware"": {""trojan"": 1, ""malware"": 3, ""virus"": 1}, ""Cryptocurrency"": {""bitcoin"": 1}}","This FLASH has been released  TLP:WHITE    Conti Ransomware Attacks Impact Healthcare  and First Responder Networks  Summary  The FBI identified at least 16 Conti ransomware attacks targeting US  healthcare and first responder networks, including law enforcement  agencies, emergency medical services, 9-1-1 dispatch centers, and  municipalities within the last year. Like most ransomware variants, Conti typically steals victims’ files  and encrypts the servers and workstations in an effort to force a  ransom payment from the victim. The ransom letter instructs victims  to contact the actors through an online portal to complete the  transaction. If the ransom is not paid, the stolen data is sold or  published to a public site controlled by the Conti actors. Ransom  amounts vary widely and we assess are tailored to the victim. Conti weaponizes Word  documents with embedded Powershell scripts, initially staging Cobalt Strike via the Word documents  and then dropping Emotet onto the network, giving the actor access to deploy ransomware. Actors  are observed inside the victim network between four days and three weeks on average before  deploying Conti ransomware, primarily using dynamic-link libraries (DLLs) for delivery. Once Conti actors deploy the ransomware, they may stay in the network and  beacon out using Anchor DNS. If the victim does not respond to the ransom demands two to eight days after the ransomware  deployment, Conti actors often call the victim using single-use Voice Over Internet Protocol (VOIP)  numbers. The actors may also communicate with the victim using ProtonMail, and in some instances  victims have negotiated a reduced ransom. 3 (U) TrickBot is an advanced Trojan that malicious actors spread primarily by spearphishing campaigns using tailored emails that  contain malicious attachments or links, which if enabled execute malware. The attackers can use TrickBot to also drop other malware,  including Conti ransomware. Information Requested  The FBI is seeking any information that can be shared, to include boundary logs showing  communication to and from foreign IP addresses, Bitcoin wallet information, the decryptor file,  and/or a benign sample of an encrypted file. The FBI does not encourage paying ransoms. It  may also embolden adversaries to target additional organizations, encourage other criminal actors  to engage in the distribution of ransomware, and/or fund illicit activities. Regardless of whether you or your organization  have decided to pay the ransom, the FBI urges you to promptly report ransomware incidents to your  local field office or the FBI’s 24/7 Cyber Watch (CyWatch). Doing so provides the FBI with critical  information needed to prevent future attacks by identifying and tracking ransomware attackers and  holding them accountable under U.S.  Install and regularly update anti-virus and anti-malware software on all hosts. Regularly provide users with training on  information security principles and techniques as well as overall emerging cybersecurity risks  and vulnerabilities (i.e., ransomware and phishing scams)."
Darkside Ransomware: Best Practices for Preventing Business Disruption from Ransomware Attacks,2021-05-20,2,"{""Ransomware"": 25, ""Phishing/Spoofing"": 5, ""Malware"": 2}","{""Phishing/Spoofing"": {""phishing"": 3, ""spearphishing"": 2}, ""Extortion"": {}, ""Personal Data Breach"": {}, ""Non-Payment/Non-Delivery"": {}, ""Investment"": {}, ""Tech Support"": {}, ""Business Email Compromise"": {}, ""Identity Theft"": {}, ""Employment"": {}, ""Confidence/Romance"": {}, ""Government Impersonation"": {}, ""Credit Card/Check Fraud"": {}, ""Harassment/Stalking"": {}, ""Real Estate"": {}, ""Advanced Fee"": {}, ""Crimes Against Children"": {}, ""Lottery/Sweepstakes/Inheritance"": {}, ""Data Breach"": {}, ""Ransomware"": {""ransomware"": 21, ""ransoms"": 1, ""ransom"": 3}, ""Overpayment"": {}, ""IPR*/Copyright&Counterfeit"": {}, ""Threats of Violence"": {}, ""SIM Swap"": {}, ""Botnet"": {}, ""Malware"": {""malware"": 2}, ""Cryptocurrency"": {}}","TLP: WHITE Product ID: AA21-131A May 11, 2021 TLP:WHITE  Darkside Ransomware: Best Practices for  Preventing Business Disruption from  Ransomware Attacks  SUMMARY  Callout Box: This advisory uses the MITRE Adversarial Tactics, Techniques, and Common  Knowledge (ATT&CK®) framework, version 9. The Cybersecurity and Information Security Agency (CISA) and the Federal Bureau of Investigation  (FBI) are aware of a ransomware attack affecting a critical infrastructure (CI) entity—a pipeline  company—in the United States. Malicious cyber actors deployed Darkside ransomware against the  pipeline company’s information technology (IT) network.[1] At this time, there is no indication that the  entity’s operational technology (OT) networks have been directly affected by the ransomware. These mitigations will help CI owners and operators improve their entity's  functional resilience by reducing their vulnerability to ransomware and the risk of severe business  degradation if impacted by ransomware. The Darkside group develops ransomware used by  cybercriminal actors and receives a share of the proceeds. The Darkside group has publicly stated that they  prefer to target organizations that can afford to pay large ransoms instead of hospitals, schools, non- profits, and governments.[3],[4]  According to open-source reporting, Darkside actors have previously been observed gaining initial  access through phishing and exploiting remotely accessible accounts and systems and Virtual  Desktop Infrastructure (VDI) (Phishing [T1566], Exploit Public-Facing Application [T1190], External  Remote Services [T1133]).[5],[6] Darkside actors have also been observed using Remote Desktop  Protocol (RDP) to maintain Persistence [TA0003].[7]  After gaining access, Darkside actors deploy Darkside ransomware to encrypt and steal sensitive  data (Data Encrypted for Impact [T1486]). The actors then threaten to publicly release the data if the  ransom is not paid.[8],[9] The Darkside ransomware uses Salsa20 and RSA encryption.[10]  Darkside actors primarily use The Onion Router (TOR) for Command and Control (C2) [TA0011]  (Proxy: Multi-hop Proxy [1090.003]).[11],[12] The actors have also been observed using Cobalt Strike  for C2.[13]  MITIGATIONS  CISA and FBI urge CI owners and operators to apply the following mitigations to reduce the risk of  compromise by ransomware attacks. •  Enable strong spam filters to prevent phishing emails from reaching end users. •  Implement a user training program and simulated attacks for spearphishing to  discourage users from visiting malicious websites or opening malicious attachments and re- enforce the appropriate user responses to spearphishing emails. CISA and FBI urge CI owners and operators to apply the following mitigations now to reduce the risk  of severe business degradation should their CI entity fall victim to a ransomware attack in the future. Backups should be isolated from network connections  that could enable the spread of ransomware. It is important that backups be maintained  offline as many ransomware variants attempt to find and encrypt or delete accessible  backups. Maintaining current backups offline is critical because if your network data is  encrypted with ransomware, your organization can restore systems to its previous state. (See the Software Engineering Institute’s  page on ransomware.)  o Maintain regularly updated “gold images” of critical systems in the event they need  to be rebuilt. Use a risk-based asset inventory strategy to determine how OT network  assets are identified and evaluated for the presence of malware. Implement software restriction policies (SRPs) or  other controls to prevent programs from executing from common ransomware locations,  such as temporary folders supporting popular internet browsers or  compression/decompression programs, including the AppData/LocalAppData folder. If your organization is impacted by a ransomware incident, CISA and FBI recommend the following  actions:  •  Isolate the infected system. Power-off and segregate any other computers or devices  that shared a network with the infected computer(s) that have not been fully encrypted by  ransomware. If possible, scan  your backup data with an antivirus program to check that it is free of malware. Paying a ransom may  embolden adversaries to target additional organizations, encourage other criminal actors to engage in  the distribution of ransomware, and/or may fund illicit activities. Paying the ransom also does not  guarantee that a victim’s files will be recovered. CISA offers a range of no-cost cyber hygiene services to help CI organizations assess, identify and  reduce their exposure to threats, including ransomware."
Spear-Phishing Attack Directing Recipients to Download a Fake Windows Application Impersonating a Financial Institution,2021-05-13,2,"{""Phishing/Spoofing"": 17, ""Malware"": 3}","{""Phishing/Spoofing"": {""spear-phishing"": 10, ""spoof"": 1, ""phishing"": 4, ""spoofed"": 2}, ""Extortion"": {}, ""Personal Data Breach"": {}, ""Non-Payment/Non-Delivery"": {}, ""Investment"": {}, ""Tech Support"": {}, ""Business Email Compromise"": {}, ""Identity Theft"": {}, ""Employment"": {}, ""Confidence/Romance"": {}, ""Government Impersonation"": {}, ""Credit Card/Check Fraud"": {}, ""Harassment/Stalking"": {}, ""Real Estate"": {}, ""Advanced Fee"": {}, ""Crimes Against Children"": {}, ""Lottery/Sweepstakes/Inheritance"": {}, ""Data Breach"": {}, ""Ransomware"": {}, ""Overpayment"": {}, ""IPR*/Copyright&Counterfeit"": {}, ""Threats of Violence"": {}, ""SIM Swap"": {}, ""Botnet"": {}, ""Malware"": {""virus"": 2, ""malware"": 1}, ""Cryptocurrency"": {}}","Spear-Phishing Attack Directing Recipients to  Download a Fake Windows Application  Impersonating a Financial Institution  Summary  In a recent spear-phishing campaign, cyber actors impersonated a US- based financial institution’s brand in an attempt to get recipients to  download a Windows application unaffiliated with the financial  institution. The unknown cyber actors tailored the campaign to spoof  the financial institution through registered domains, email subjects,  and an application, all appearing to be related to the institution. Threat Overview  In February 2021, a US-based financial institution was notified of a  spear-phishing attempt which impersonated the financial institution’s  brand to target a renewable energy company. The phishing e-mail appeared to                                  TLP:WHITE    TLP:WHITE  originate from a United Kingdom–based financial institution, stating the US financial  institution’s loan to the victim was confirmed and could be accessed through an application  which appeared to  represent the US financial institution. The phishing e-mail included two  .pdf files, one of which spoofed the name and likeness of the UK’s National Crime Agency and  another which appeared to contain SWIFT information. The phishing e-mail also contained a  link to download the application and a username and password for access. As part of this spear-phishing campaign, the cyber actors also registered a fraudulent domain  impersonating the US financial institution. This domain hosted the executable purporting to be  the Windows application which the recipient received the link for in the original spoofed email. The below indicators were observed in conjunction with this spear-phishing campaign. The following files were attached to the spear-phishing e-mail:  Filename: Computer Feeder Message(Name Redacted).pdf  MD5: 57865182db4f963cf9ea7709384dd750  SHA256: bd45ae2cbc302bd219d4c59469d1ebb1f8049f3bd025bd19eb4572176b5176f5    Filename: Swift Copy(Name Redacted).pdf  MD5: fadcde66f6edf79442dce2be4f11ef60  SHA256: 375a0566bdfc04f8d24fae429a415434c679d3b5e7a7c97b8ddd5cea98e0aa0c    The following file was downloaded if the recipient clicked on the malicious link in the spear- phishing e-mail:    Filename: (Name Redacted).exe  MD5: 3d1111389aac89274f0eaf87c30732fe  SHA256: e09ae3c1ff5489f300ec9ecfc76ffdab90b6dab07eff1a0edf38285ab1e2b801      The malicious .exe file downloaded from the link embedded in the spear-phishing e-mail calls  out to the domain secureportal(.)online. TLP:WHITE    TLP:WHITE  Recommendations  • Ensure anti-virus and anti-malware software are enabled and signature  definitions are updated regularly in a timely manner. Well-maintained anti-virus  software may prevent use of commonly deployed attacker tools delivered via  spear-phishing. Application control software limits users to  only execute applications and code allowed by the organization, rendering  malicious executables delivered via spear-phishing unable to execute. Users who browse the internet, use  email, and execute code with administrator privileges make spear-phishing much  more effective by enabling attackers to move laterally across a network, gain  additional accesses, and access highly sensitive information."
Russian Foreign Intelligence Service (SVR) Cyber Operations: Trends and Best Practices for Network Defenders,2021-04-26,2,"{""Malware"": 5, ""Phishing/Spoofing"": 1, ""Cryptocurrency"": 1}","{""Phishing/Spoofing"": {""spoofing"": 1}, ""Extortion"": {}, ""Personal Data Breach"": {}, ""Non-Payment/Non-Delivery"": {}, ""Investment"": {}, ""Tech Support"": {}, ""Business Email Compromise"": {}, ""Identity Theft"": {}, ""Employment"": {}, ""Confidence/Romance"": {}, ""Government Impersonation"": {}, ""Credit Card/Check Fraud"": {}, ""Harassment/Stalking"": {}, ""Real Estate"": {}, ""Advanced Fee"": {}, ""Crimes Against Children"": {}, ""Lottery/Sweepstakes/Inheritance"": {}, ""Data Breach"": {}, ""Ransomware"": {}, ""Overpayment"": {}, ""IPR*/Copyright&Counterfeit"": {}, ""Threats of Violence"": {}, ""SIM Swap"": {}, ""Botnet"": {}, ""Malware"": {""malware"": 4, ""virus"": 1}, ""Cryptocurrency"": {""cryptocurrencies"": 1}}","Beginning in 2018, the FBI observed the SVR shift from using malware on victim networks to  targeting cloud resources, particularly e-mail, to obtain information. The FBI suspects this was achieved by spoofing user agent  strings to appear to be older versions of mail clients, including Apple’s mail client and old versions of  Microsoft Outlook. •  Ensure host based anti-virus/endpoint monitoring solutions are enabled and set to alert if  monitoring or reporting is disabled, or if communication is lost with a host agent for more than  a reasonable amount of time. WELLMESS Malware  In 2020, the governments of the United Kingdom, Canada, and the United States attributed intrusions  perpetrated using malware known as WELLMESS to APT 29. More information about the specifics of the malware  used in this intrusion have been previously released and are referenced in the ‘Resources’ section of  this document. In addition to the techniques described above, FBI  investigations have revealed infrastructure used in the intrusions is frequently obtained using false  identities and cryptocurrencies."
FBI Disrupts Cyber Actors' Exploitation of Microsoft Exchange Server Vulnerabilities,2021-04-14,2,"{""Malware"": 2}","{""Phishing/Spoofing"": {}, ""Extortion"": {}, ""Personal Data Breach"": {}, ""Non-Payment/Non-Delivery"": {}, ""Investment"": {}, ""Tech Support"": {}, ""Business Email Compromise"": {}, ""Identity Theft"": {}, ""Employment"": {}, ""Confidence/Romance"": {}, ""Government Impersonation"": {}, ""Credit Card/Check Fraud"": {}, ""Harassment/Stalking"": {}, ""Real Estate"": {}, ""Advanced Fee"": {}, ""Crimes Against Children"": {}, ""Lottery/Sweepstakes/Inheritance"": {}, ""Data Breach"": {}, ""Ransomware"": {}, ""Overpayment"": {}, ""IPR*/Copyright&Counterfeit"": {}, ""Threats of Violence"": {}, ""SIM Swap"": {}, ""Botnet"": {}, ""Malware"": {""malware"": 2}, ""Cryptocurrency"": {}}","TLP:WHITE      TLP:WHITE  However, the operation did not include follow-on mitigating actions, such as patching any MES  vulnerabilities or identifying and removing any additional malware or hacking tools the actors may  have placed on victim networks through the web shells or that may have already been present on  networks. The FBI identified the remaining compromised MESs and conducted a removal by issuing a  command through the web shell to the server, deleting the web shell as identified by its unique file  path.iv By deleting the web shells, the FBI prevented malicious cyber actors from using them to  access the servers and install additional malware."
APT Actors Exploit Vulnerabilities to Gain Initial Access for Future Attacks,2021-04-02,2,"{""Phishing/Spoofing"": 3, ""Ransomware"": 1, ""Botnet"": 1, ""Malware"": 1}","{""Phishing/Spoofing"": {""spearphishing"": 2, ""phishing"": 1}, ""Extortion"": {}, ""Personal Data Breach"": {}, ""Non-Payment/Non-Delivery"": {}, ""Investment"": {}, ""Tech Support"": {}, ""Business Email Compromise"": {}, ""Identity Theft"": {}, ""Employment"": {}, ""Confidence/Romance"": {}, ""Government Impersonation"": {}, ""Credit Card/Check Fraud"": {}, ""Harassment/Stalking"": {}, ""Real Estate"": {}, ""Advanced Fee"": {}, ""Crimes Against Children"": {}, ""Lottery/Sweepstakes/Inheritance"": {}, ""Data Breach"": {}, ""Ransomware"": {""ransomware"": 1}, ""Overpayment"": {}, ""IPR*/Copyright&Counterfeit"": {}, ""Threats of Violence"": {}, ""SIM Swap"": {}, ""Botnet"": {""ddos"": 1}, ""Malware"": {""malware"": 1}, ""Cryptocurrency"": {}}","APT actors have  historically exploited critical vulnerabilities to conduct distributed denial-of-service (DDoS) attacks,  ransomware attacks, structured query language (SQL) injection attacks, spearphishing campaigns,  website defacements, and disinformation campaigns. APT actors may use other CVEs or common exploitation  techniques—such as spearphishing—to gain access to critical infrastructure networks to pre-position  for follow-on attacks. • Install and regularly update antivirus and anti-malware software on all hosts. Provide users with training on information security principles and techniques, particularly on recognizing and avoiding phishing emails."
Mamba Ransomware Weaponizing DiskCryptor,2021-03-23,1,"{""Ransomware"": 16, ""Malware"": 2, ""Phishing/Spoofing"": 1}","{""Phishing/Spoofing"": {""phishing"": 1}, ""Extortion"": {}, ""Personal Data Breach"": {}, ""Non-Payment/Non-Delivery"": {}, ""Investment"": {}, ""Tech Support"": {}, ""Business Email Compromise"": {}, ""Identity Theft"": {}, ""Employment"": {}, ""Confidence/Romance"": {}, ""Government Impersonation"": {}, ""Credit Card/Check Fraud"": {}, ""Harassment/Stalking"": {}, ""Real Estate"": {}, ""Advanced Fee"": {}, ""Crimes Against Children"": {}, ""Lottery/Sweepstakes/Inheritance"": {}, ""Data Breach"": {}, ""Ransomware"": {""ransomware"": 11, ""ransom"": 4, ""ransoms"": 1}, ""Overpayment"": {}, ""IPR*/Copyright&Counterfeit"": {}, ""Threats of Violence"": {}, ""SIM Swap"": {}, ""Botnet"": {}, ""Malware"": {""virus"": 1, ""malware"": 1}, ""Cryptocurrency"": {}}","Mamba Ransomware Weaponizing DiskCryptor    Summary    Mamba ransomware has been deployed against local governments,  public transportation agencies, legal services, technology services,  industrial, commercial, manufacturing, and construction businesses. Mamba ransomware weaponizes DiskCryptor—an open source full  disk encryption software— to restrict victim access by encrypting an  entire drive, including the operating system. Once encrypted, the  system displays a ransom note including the actor’s email address,  ransomware file name, the host system name, and a place to enter the  decryption key. Victims are instructed to contact the actor’s email  address to pay the ransom in exchange for the decryption key. TLP:WHITE  TLP:WHITE /       Figure 1 – Example of Mamba ransomware message. Technical Details    The ransomware program consists of the open source, off-the-shelf, disk encryption software  DiskCryptor wrapped in a program which installs and starts disk encryption in the background using  a key of the attacker’s choosing. The ransomware extracts a set of  files and installs an encryption service. The ransomware program restarts the system about two  minutes after installation of DiskCryptor to complete driver installation. The encryption key and the  shutdown time variable are saved to the configuration file (myConf.txt) and is readable until the  second restart about two hours later which concludes the encryption and displays the ransom note. If so, then the password can be recovered without paying the ransom. • Install and regularly update anti-virus and anti-malware software on all hosts. Provide users with training on information security  principles and techniques as well as overall emerging cybersecurity risks and vulnerabilities  (i.e., ransomware and phishing scams). Reporting Notice    The FBI does not encourage paying ransoms. It  may also embolden adversaries to target additional organizations, encourage other criminal actors  to engage in the distribution of ransomware, and/or fund illicit activities. Doing so provides the FBI with critical information needed  to prevent future attacks by identifying and tracking ransomware attackers and holding them  accountable under U.S."
"Business Email Compromise Actors Targeting State, Local, Tribal, and Territorial Governments, Straining Resources",2021-03-18,1,"{""Business Email Compromise"": 8, ""Phishing/Spoofing"": 13}","{""Phishing/Spoofing"": {""spoofed"": 3, ""phishing"": 9, ""spoofing"": 1}, ""Extortion"": {}, ""Personal Data Breach"": {}, ""Non-Payment/Non-Delivery"": {}, ""Investment"": {}, ""Tech Support"": {}, ""Business Email Compromise"": {""business email compromise"": 1, ""business email"": 1, ""bec"": 5, ""email compromise"": 1}, ""Identity Theft"": {}, ""Employment"": {}, ""Confidence/Romance"": {}, ""Government Impersonation"": {}, ""Credit Card/Check Fraud"": {}, ""Harassment/Stalking"": {}, ""Real Estate"": {}, ""Advanced Fee"": {}, ""Crimes Against Children"": {}, ""Lottery/Sweepstakes/Inheritance"": {}, ""Data Breach"": {}, ""Ransomware"": {}, ""Overpayment"": {}, ""IPR*/Copyright&Counterfeit"": {}, ""Threats of Violence"": {}, ""SIM Swap"": {}, ""Botnet"": {}, ""Malware"": {}, ""Cryptocurrency"": {}}","Business Email Compromise Actors Targeting  State, Local, Tribal, and Territorial  Governments, Straining Resources  Summary  From 2018 through 2020, the FBI observed increases in business email  compromise (BEC) actors targeting state, local, tribal, and territorial  (SLTT) government entities for financial gain due to vulnerability  exploitation and transparency requirements. These actors  target SLTT victims with spoofed emails, phishing attacks,  compromised vendor accounts, and credential harvesting to alter  payment instructions for services rendered by vendors or employee  payroll direct deposit information. TLP:WHITE     TLP:WHITE  Threat Overview  BEC actors continue to target SLTT government entities with spoofed emails, phishing attacks,  vendor email compromise, and credential harvesting techniques to manipulate payment or  direct deposit information. Phishing kits—which bundle phishing  tools and resources into user-friendly software—are increasingly available for purchase on the  Dark Web, enabling even inexperienced cyber criminals with minimal technical skills to conduct  more sophisticated attacks. Rapid adoption of ad-hoc teleworking environments driven by the COVID-19 pandemic coupled  with the ease of BEC operability against SLTT government entities and vendors has exacerbated  cybersecurity challenges. In  Fiscal Year 2020a, DHS CISA conducted 25 Phishing Campaign Assessments of SLTT entities,  which included 152 total campaigns. This highlights the need for defense in depth mitigationsb in addition to  phishing awareness training and email security efforts. The FBI’s Internet Crime Complaint Center (IC3) notes BEC is an increasing and constantly  evolving threat as criminal actors become more sophisticated and adapt to current events.  In July 2019, a small city government received a spoofed email purporting to be from a  known contractor requesting a change in payment method.  In November 2018, a phishing attack targeting an identified county office resulted in a  number of employees disclosing their account credentials. Recommended Mitigations  General Mitigations:   Educate employees about BEC scams, including preventative strategies such as how to  identify phishing emails and how to respond to suspected compromises. Recommendations for information technology administrators:   Consider conducting internal phishing campaigns to raise awareness. TLP:WHITE     TLP:WHITE   Configure Sender Policy Framework, DomainKeys Identified Mail, and Domain-based  Message Authentication Reporting and Conformance to prevent spoofing and validate  email."
Increase in PYSA Ransomware Targeting Education Institutions,2021-03-16,1,"{""Ransomware"": 13, ""Malware"": 6, ""Phishing/Spoofing"": 2, ""Extortion"": 1}","{""Phishing/Spoofing"": {""phishing"": 2}, ""Extortion"": {""extort"": 1}, ""Personal Data Breach"": {}, ""Non-Payment/Non-Delivery"": {}, ""Investment"": {}, ""Tech Support"": {}, ""Business Email Compromise"": {}, ""Identity Theft"": {}, ""Employment"": {}, ""Confidence/Romance"": {}, ""Government Impersonation"": {}, ""Credit Card/Check Fraud"": {}, ""Harassment/Stalking"": {}, ""Real Estate"": {}, ""Advanced Fee"": {}, ""Crimes Against Children"": {}, ""Lottery/Sweepstakes/Inheritance"": {}, ""Data Breach"": {}, ""Ransomware"": {""ransomware"": 8, ""ransom"": 5}, ""Overpayment"": {}, ""IPR*/Copyright&Counterfeit"": {}, ""Threats of Violence"": {}, ""SIM Swap"": {}, ""Botnet"": {}, ""Malware"": {""malware"": 5, ""virus"": 1}, ""Cryptocurrency"": {}}","Increase in PYSA Ransomware Targeting  Education Institutions    Summary    FBI reporting has indicated a recent increase in PYSA ransomware  targeting education institutions in 12 US states and the United  Kingdom. PYSA, also known as Mespinoza, is a malware capable of  exfiltrating data and encrypting users’ critical files and data stored on  their systems. These actors use PYSA  to exfiltrate data from victims prior to encrypting victim’s systems to  use as leverage in eliciting ransom payments. TLP:WHITE  TLP:WHITE    Technical Details  Since March 2020, the FBI has become aware of PYSA ransomware attacks against US and foreign  government entities, educational institutions, private companies, and the healthcare sector by  unidentified cyber actors. PYSA typically gains unauthorized access to victim networks by  compromising Remote Desktop Protocol (RDP) credentials and/or through phishing emails. The cyber actors execute commands to deactivate antivirus capabilities on the victim  network prior to deploying the ransomware. In previous incidents, cyber actors exfiltrated employment records that contained personally  identifiable information (PII), payroll tax information, and other data that could be used to extort  victims to pay a ransom. Upon malware execution, a detailed ransom message is generated and displayed on the victim’s  login or lock screen. The ransom message contains information on how to contact the actors via  email, displays frequently asked questions (FAQs), and offers to decrypt the affected files. If the  ransom is not met, the actors warn that the information will be uploaded and monetized on the  darknet. Additionally, the malware is dropped in a user folder, such as  C:\Users\%username%\Downloads\. Observed instances of the malware showed a filename of  svchost.exe, which is most likely an effort by the cyber actors to trick victims and disguise the                                                              1 They cyber actors used the Advanced Port Scanner and Advanced IP Scanner by FAMATECH, which is an open source tool that  allows users to find open network computers and discover the versions of programs on those ports. TLP:WHITE  TLP:WHITE    ransomware as the generic Windows host process name. It  may also embolden adversaries to target additional organizations, encourage other criminal actors  to engage in the distribution of ransomware, and/or fund illicit activities. Doing so provides the FBI with  critical information needed to prevent future attacks by identifying and tracking ransomware  attackers and holding them accountable under U.S.  Install and regularly update anti-virus and anti-malware software on all hosts. Provide users with training on information security  principles and techniques as well as overall emerging cybersecurity risks and vulnerabilities  (i.e., ransomware and phishing scams)."
Malicious Actors Almost Certainly Will Leverage Synthetic Content for Cyber and Foreign Influence Operations,2021-03-10,1,"{""Phishing/Spoofing"": 3, ""Business Email Compromise"": 3}","{""Phishing/Spoofing"": {""spearphishing"": 3}, ""Extortion"": {}, ""Personal Data Breach"": {}, ""Non-Payment/Non-Delivery"": {}, ""Investment"": {}, ""Tech Support"": {}, ""Business Email Compromise"": {""business email"": 1, ""bec"": 2}, ""Identity Theft"": {}, ""Employment"": {}, ""Confidence/Romance"": {}, ""Government Impersonation"": {}, ""Credit Card/Check Fraud"": {}, ""Harassment/Stalking"": {}, ""Real Estate"": {}, ""Advanced Fee"": {}, ""Crimes Against Children"": {}, ""Lottery/Sweepstakes/Inheritance"": {}, ""Data Breach"": {}, ""Ransomware"": {}, ""Overpayment"": {}, ""IPR*/Copyright&Counterfeit"": {}, ""Threats of Violence"": {}, ""SIM Swap"": {}, ""Botnet"": {}, ""Malware"": {}, ""Cryptocurrency"": {}}","Foreign actors are currently using synthetic content in their influence  campaigns, and the FBI anticipates it will be increasingly used by  foreign and criminal cyber actors for spearphishing and social  engineering in an evolution of cyber operational tradecraft. TLP:WHITE     TLP:WHITE  We anticipate malicious cyber actors will use these techniques broadly across their cyber  operations—likely as an extension of existing spearphishing and social engineering campaigns,  but with more severe and widespread impact due to the sophistication level of the synthetic  media used. • Malicious cyber actors may use synthetic content to create highly believable  spearphishing messages or engage in sophisticated social engineering attacks, according  to a late 2020 joint research report.8    Synthetic content may also be used in a newly defined cyber attack vector referred to as  Business Identity Compromise (BIC). BIC will represent an evolution in Business Email  Compromise (BEC) tradecraft by leveraging advanced techniques and new tools. Whereas BEC  primarily includes the compromise of corporate email accounts to conduct fraudulent financial  activities, BIC will involve the use of content generation and manipulation tools to develop  synthetic corporate personas or to create a sophisticated emulation of an existing employee."
Compromise of Microsoft Exchange Server,2021-03-10,1,"{""Ransomware"": 1, ""Malware"": 1}","{""Phishing/Spoofing"": {}, ""Extortion"": {}, ""Personal Data Breach"": {}, ""Non-Payment/Non-Delivery"": {}, ""Investment"": {}, ""Tech Support"": {}, ""Business Email Compromise"": {}, ""Identity Theft"": {}, ""Employment"": {}, ""Confidence/Romance"": {}, ""Government Impersonation"": {}, ""Credit Card/Check Fraud"": {}, ""Harassment/Stalking"": {}, ""Real Estate"": {}, ""Advanced Fee"": {}, ""Crimes Against Children"": {}, ""Lottery/Sweepstakes/Inheritance"": {}, ""Data Breach"": {}, ""Ransomware"": {""ransom"": 1}, ""Overpayment"": {}, ""IPR*/Copyright&Counterfeit"": {}, ""Threats of Violence"": {}, ""SIM Swap"": {}, ""Botnet"": {}, ""Malware"": {""virus"": 1}, ""Cryptocurrency"": {}}","FBI and CISA assess that adversaries will continue  to exploit this vulnerability to compromise networks and steal information, encrypt data for ransom, or  even execute a destructive attack. Antivirus/Antimalware  [M1049]  Anti-virus can be used to automatically quarantine suspicious files."
Telephony Denial of Service Attacks Can Disrupt Emergency Call Center Operations,2021-02-17,1,"{""Botnet"": 2, ""Phishing/Spoofing"": 1, ""Harassment/Stalking"": 1, ""Extortion"": 1}","{""Phishing/Spoofing"": {""spoofed"": 1}, ""Extortion"": {""extort"": 1}, ""Personal Data Breach"": {}, ""Non-Payment/Non-Delivery"": {}, ""Investment"": {}, ""Tech Support"": {}, ""Business Email Compromise"": {}, ""Identity Theft"": {}, ""Employment"": {}, ""Confidence/Romance"": {}, ""Government Impersonation"": {}, ""Credit Card/Check Fraud"": {}, ""Harassment/Stalking"": {""harassment"": 1}, ""Real Estate"": {}, ""Advanced Fee"": {}, ""Crimes Against Children"": {}, ""Lottery/Sweepstakes/Inheritance"": {}, ""Data Breach"": {}, ""Ransomware"": {}, ""Overpayment"": {}, ""IPR*/Copyright&Counterfeit"": {}, ""Threats of Violence"": {}, ""SIM Swap"": {}, ""Botnet"": {""telephony denial of service"": 2}, ""Malware"": {}, ""Cryptocurrency"": {}}","Telephony Denial of Service Attacks Can  Disrupt Emergency Call Center Operations  Summary  The Federal Bureau of Investigation is issuing this PIN to provide  awareness regarding Telephony Denial of Service (TDoS) attacks. Numbers and call attributes can be easily spoofed, making it difficult to  differentiate legitimate calls from malicious ones. TDoS Actors’ Motives  TDoS attacks can be rooted in hacktivism, financial gain or harassment. Malicious actors may initiate a TDoS  attack in order to extort municipalities for financial gain."
Compromise of U.S. Water Treatment Facility,2021-02-12,1,"{""Phishing/Spoofing"": 1, ""Malware"": 2, ""Tech Support"": 1}","{""Phishing/Spoofing"": {""phishing"": 1}, ""Extortion"": {}, ""Personal Data Breach"": {}, ""Non-Payment/Non-Delivery"": {}, ""Investment"": {}, ""Tech Support"": {""technical support"": 1}, ""Business Email Compromise"": {}, ""Identity Theft"": {}, ""Employment"": {}, ""Confidence/Romance"": {}, ""Government Impersonation"": {}, ""Credit Card/Check Fraud"": {}, ""Harassment/Stalking"": {}, ""Real Estate"": {}, ""Advanced Fee"": {}, ""Crimes Against Children"": {}, ""Lottery/Sweepstakes/Inheritance"": {}, ""Data Breach"": {}, ""Ransomware"": {}, ""Overpayment"": {}, ""IPR*/Copyright&Counterfeit"": {}, ""Threats of Violence"": {}, ""SIM Swap"": {}, ""Botnet"": {}, ""Malware"": {""trojans"": 1, ""virus"": 1}, ""Cryptocurrency"": {}}","TeamViewer, a desktop sharing software, is a legitimate popular tool that has been exploited by cyber  actors engaged in targeted social engineering attacks, as well as large scale, indiscriminate phishing  campaigns. Beyond its legitimate uses, when proper security measures aren’t followed, remote access tools may  be used to exercise remote control over computer systems and drop files onto victim computers,  making it functionally similar to Remote Access Trojans (RATs). Windows 7 End of Life  On January 14, 2020, Microsoft ended support for the Windows 7 operating system, which includes  security updates and technical support unless certain customers purchased an Extended Security  Update (ESU) plan. •  Ensure anti-virus, spam filters, and firewalls are up to date, properly configured and secure."
Cyber Criminals Exploit Network Access and Privilege Escalation,2021-01-15,1,"{""Phishing/Spoofing"": 3}","{""Phishing/Spoofing"": {""phishing"": 2, ""phish"": 1}, ""Extortion"": {}, ""Personal Data Breach"": {}, ""Non-Payment/Non-Delivery"": {}, ""Investment"": {}, ""Tech Support"": {}, ""Business Email Compromise"": {}, ""Identity Theft"": {}, ""Employment"": {}, ""Confidence/Romance"": {}, ""Government Impersonation"": {}, ""Credit Card/Check Fraud"": {}, ""Harassment/Stalking"": {}, ""Real Estate"": {}, ""Advanced Fee"": {}, ""Crimes Against Children"": {}, ""Lottery/Sweepstakes/Inheritance"": {}, ""Data Breach"": {}, ""Ransomware"": {}, ""Overpayment"": {}, ""IPR*/Copyright&Counterfeit"": {}, ""Threats of Violence"": {}, ""SIM Swap"": {}, ""Botnet"": {}, ""Malware"": {}, ""Cryptocurrency"": {}}","Vishing attacks are voice phishing, which occurs during a phone call to users of VoIP platforms. During the phone calls, employees were tricked into logging into a phishing webpage in order to  capture the employee’s username and password. The cyber criminals used a chatroom messaging service to contact and phish  this employee’s login credentials."
"Egregor Ransomware Targets Businesses Worldwide, Attempting to Extort Businesses by Publicly Releasing Exfiltrated Data",2021-01-08,1,"{""Extortion"": 1, ""Ransomware"": 20, ""Phishing/Spoofing"": 1, ""Malware"": 2}","{""Phishing/Spoofing"": {""phishing"": 1}, ""Extortion"": {""extort"": 1}, ""Personal Data Breach"": {}, ""Non-Payment/Non-Delivery"": {}, ""Investment"": {}, ""Tech Support"": {}, ""Business Email Compromise"": {}, ""Identity Theft"": {}, ""Employment"": {}, ""Confidence/Romance"": {}, ""Government Impersonation"": {}, ""Credit Card/Check Fraud"": {}, ""Harassment/Stalking"": {}, ""Real Estate"": {}, ""Advanced Fee"": {}, ""Crimes Against Children"": {}, ""Lottery/Sweepstakes/Inheritance"": {}, ""Data Breach"": {}, ""Ransomware"": {""ransomware"": 13, ""ransom"": 7}, ""Overpayment"": {}, ""IPR*/Copyright&Counterfeit"": {}, ""Threats of Violence"": {}, ""SIM Swap"": {}, ""Botnet"": {}, ""Malware"": {""virus"": 1, ""malware"": 1}, ""Cryptocurrency"": {}}","Egregor Ransomware Targets Businesses  Worldwide, Attempting to Extort Businesses  by Publicly Releasing Exfiltrated Data     Summary    The FBI first observed Egregor ransomware in September 2020. To  date, the threat actors behind this ransomware variant claim to have  compromised over 150 victims worldwide. The ransomware leaves a ransom note on  machines instructing the victim to communicate with the threat actors  via an online chat. Egregor actors often utilize the print function on  victim machines to print ransom notes. The threat actors then demand  a ransom payment for the return of exfiltrated files and decryption of  the network. TLP: WHITE    TLP: WHITE  Threat Overview    The FBI assesses Egregor ransomware is operating as a Ransomware as a Service Model. In this model,  multiple different individuals play a part in conducting a single intrusion and ransomware event. Egregor ransomware utilizes multiple mechanisms to compromise business networks, including targeting  business network and employee personal accounts that share access with business networks or devices. Egregor ransomware may use phishing emails with malicious attachments to gain access to network  accounts. Once Egregor gains access to the network, Egregor ransomware affiliates use common pen testing and  exploit tools like Cobalt Strike, Qakbot/Qbot, Advanced IP Scanner, and AdFind to escalate privileges and  move laterally across a network, and tools like Rclone (sometimes renamed or hidden as svchost) and 7zip  to exfiltrate data. The FBI does not encourage paying a ransom to criminal actors. Paying a ransom emboldens adversaries to  target additional organizations, encourages other criminal actors to engage in the distribution of  ransomware, and/or may fund illicit activities. Paying the ransom also does not guarantee that a victim’s  files will be recovered. Regardless of whether you or your organization have decided to pay the ransom, the FBI urges you to  report ransomware incidents to your local FBI field office. Doing so provides the FBI with the critical  information they need to prevent future attacks by identifying and tracking ransomware attackers and  holding them accountable under US law.  Install and regularly update anti-virus or anti-malware software on all hosts."
Criminal Actors Use Business Email Compromise to Steal Large Shipments of Food Products and Ingredients,2022-12-16,4,"{""Business Email Compromise"": 13, ""Phishing/Spoofing"": 10, ""IPR*/Copyright&Counterfeit"": 1}","{""Phishing/Spoofing"": {""spoof"": 1, ""phishing"": 5, ""spoofed"": 1, ""spear-phishing"": 1, ""spoofing"": 2}, ""Extortion"": {}, ""Personal Data Breach"": {}, ""Non-Payment/Non-Delivery"": {}, ""Investment"": {}, ""Tech Support"": {}, ""Business Email Compromise"": {""business email"": 1, ""business email compromise"": 1, ""bec"": 11}, ""Identity Theft"": {}, ""Employment"": {}, ""Confidence/Romance"": {}, ""Government Impersonation"": {}, ""Credit Card/Check Fraud"": {}, ""Harassment/Stalking"": {}, ""Real Estate"": {}, ""Advanced Fee"": {}, ""Crimes Against Children"": {}, ""Lottery/Sweepstakes/Inheritance"": {}, ""Data Breach"": {}, ""Ransomware"": {}, ""Overpayment"": {}, ""IPR*/Copyright&Counterfeit"": {""counterfeit"": 1}, ""Threats of Violence"": {}, ""SIM Swap"": {}, ""Botnet"": {}, ""Malware"": {}, ""Cryptocurrency"": {}}","TLP: CLEAR   TLP:CLEAR Co-Authored by:  Product ID: AA22-340A December 15, 2022 Criminal Actors Use Business Email  Compromise to Steal Large Shipments of Food  Products and Ingredients  SUMMARY  The Federal Bureau of Investigation (FBI), the Food  and Drug Administration Office of Criminal  Investigations (FDA OCI), and the US Department of  Agriculture (USDA) are releasing this joint  Cybersecurity Advisory (CSA) to advise the Food &  Agriculture sector about recently observed incidents of  criminal actors using business email compromise (BEC)  to steal shipments of food products and ingredients  valued at hundreds of thousands of dollars. While BEC is most commonly used to steal money, in  cases like this criminals spoof emails and domains to  impersonate employees of legitimate companies to  order food products. Counterfeit goods of lesser quality can damage a company’s reputation. BEC is one of the most financially damaging online crimes. This CSA provides mitigation  Immediate Actions Businesses Can  Take Now to Protect Against Product  Theft and BEC Schemes:    Train employees on how to identify  fraudulent email addresses and  domains.   Implement user training and  phishing exercises to raise  awareness about the risks of  suspicious links and attachments. Food & Agriculture Sector BEC Incidents  In recent incidents, criminal actors have targeted physical goods rather than wire transfers using BEC  tactics. Recent BEC incidents targeting the Food & Agriculture sector include:    In August 2022, a US sugar supplier received a request through their web portal for a full  truckload of sugar to be purchased on credit. The spoofed food company email used the name of the president and the company’s actual  physical address. Mitigation recommendations to prevent,  detect, and respond to BEC-enabled product theft schemes include:     Independently verify contact information provided by new vendors or customers through  reputable online sources like associations or business directories.   Educate employees about BEC scams, including preventative strategies such as how to  identify phishing emails and how to respond to suspected compromises. The FBI has BEC  resources here.   Implement a user training program with phishing exercises to raise and maintain awareness  among users about risks of visiting malicious websites or opening malicious attachments. Reinforce the appropriate user response to phishing and spear-phishing emails. Recommendations for information technology administrators to help prevent BEC-enabled product  theft schemes and to prevent the company’s email system from being used in a scam include:    Enable anti-phishing and anti-spoofing security features that block malicious email.   Configure Sender Policy Framework, DomainKeys Identified Mail, and Domain-based  Message Authentication Reporting and Conformance to prevent spoofing and validate email."
#StopRansomware: Cuba Ransomware,2022-12-01,4,"{""Ransomware"": 63, ""Malware"": 2, ""Phishing/Spoofing"": 6, ""Extortion"": 1, ""Cryptocurrency"": 1, ""IPR*/Copyright&Counterfeit"": 1}","{""Phishing/Spoofing"": {""phishing"": 5, ""spoofing"": 1}, ""Extortion"": {""extort"": 1}, ""Personal Data Breach"": {}, ""Non-Payment/Non-Delivery"": {}, ""Investment"": {}, ""Tech Support"": {}, ""Business Email Compromise"": {}, ""Identity Theft"": {}, ""Employment"": {}, ""Confidence/Romance"": {}, ""Government Impersonation"": {}, ""Credit Card/Check Fraud"": {}, ""Harassment/Stalking"": {}, ""Real Estate"": {}, ""Advanced Fee"": {}, ""Crimes Against Children"": {}, ""Lottery/Sweepstakes/Inheritance"": {}, ""Data Breach"": {}, ""Ransomware"": {""ransomware"": 58, ""ransoms"": 1, ""ransom"": 4}, ""Overpayment"": {}, ""IPR*/Copyright&Counterfeit"": {""trademark"": 1}, ""Threats of Violence"": {}, ""SIM Swap"": {}, ""Botnet"": {}, ""Malware"": {""trojan"": 1, ""trojans"": 1}, ""Cryptocurrency"": {""bitcoin"": 1}}","TLP:CLEAR  Product ID: AA22-335A December 1, 2022 TLP:CLEAR #StopRansomware: Cuba Ransomware   SUMMARY  Note: This joint Cybersecurity Advisory (CSA) is part of an  ongoing #StopRansomware effort to publish advisories for  network defenders that detail various ransomware variants  and ransomware threat actors. These #StopRansomware  advisories include recently and historically observed tactics,  techniques, and procedures (TTPs) and indicators of  compromise (IOCs) to help organizations protect against  ransomware. (End of Update.)  The FBI and the Cybersecurity and Infrastructure Security Agency (CISA) are releasing this joint CSA  to disseminate known Cuba ransomware IOCs and TTPs associated with Cuba ransomware actors  identified through FBI investigations, third-party reporting, and open-source reporting. This advisory  updates the December 2021 FBI Flash: Indicators of Compromise Associated with Cuba  Ransomware. Note: While this ransomware is known by industry as “Cuba ransomware,” there is no indication  Cuba ransomware actors have any connection or affiliation with the Republic of Cuba. entities compromised by  Cuba ransomware has doubled, with ransoms demanded and paid on the increase. This year, Cuba ransomware actors have added to their TTPs, and third-party and open-source  reports have identified a possible link between Cuba ransomware actors, RomCom Remote Access  Trojan (RAT) actors, and Industrial Spy ransomware actors. FBI and CISA encourage organizations to implement the recommendations in the Mitigations section  of this CSA to reduce the likelihood and impact of Cuba ransomware and other ransomware  operations. Actions to take today to mitigate  cyber threats from ransomware:  •  Prioritize remediating known  exploited vulnerabilities. •  Train users to recognize and  report phishing attempts. •  Enable and enforce phishing- resistant multifactor  authentication. (End of Update.)  TECHNICAL DETAILS  Overview  Since the December 2021 release of FBI Flash: Indicators of Compromise Associated with Cuba  Ransomware, FBI has observed Cuba ransomware actors continuing to target U.S. As of August 2022, FBI has  identified that Cuba ransomware actors have:  •  Compromised 101 entities, 65 in the United States and 36 outside the United States. Dollars (USD) and received 60 million USD in ransom payments. Cuba Ransomware Actors’ Tactics, Techniques, and Procedures  As previously reported by FBI, Cuba ransomware actors have leveraged the following techniques to  gain initial access into dozens of entities in multiple critical infrastructure sectors:  •  Known vulnerabilities in commercial software [T1190]   •  Phishing campaigns [T1566]  •  Compromised credentials [T1078]  •  Legitimate remote desktop protocol (RDP) tools [T1563.002]   After gaining initial access, the actors distributed Cuba ransomware on compromised systems  through Hancitor—a loader known for dropping or executing stealers, such as Remote Access  Trojans (RATs) and other types of ransomware, onto victims’ networks. Since spring 2022, Cuba ransomware actors have modified their TTPs and tools to interact with  compromised networks and extort payments from victims.[1],[2]  Cuba ransomware actors have exploited known vulnerabilities and weaknesses and have used tools  to elevate privileges on compromised systems. According to Palo Alto Networks Unit 42,[2] Cuba  ransomware actors have:  •  Exploited CVE-2022-24521 in the Windows Common Log File System (CLFS) driver to steal  system tokens and elevate privileges. According to Palo Alto Networks Unit 42, Cuba ransomware actors use tools to evade detection while  moving laterally through compromised environments before executing Cuba ransomware. According to  third-party reporting, suspected Cuba ransomware actors compromised a foreign healthcare  company. The threat actors deployed Industrial Spy ransomware, which shares distinct  similarities in configuration to Cuba ransomware. Before deploying the ransomware, the actors  moved laterally using Impacket and deployed the RomCom RAT and Meterpreter Reverse  Shell HTTP/HTTPS proxy via a C2 server [T1090]. Note: For IOCs as of early November 2021, see FBI Flash: Indicators of Compromise Associated  with Cuba Ransomware. Note: For details on TTPs  listed in the table, see FBI Flash Indicators of Compromise Associated with Cuba Ransomware. Table 7: Cuba Ransomware Actors ATT&CK Techniques for Enterprise  Resource Development  Technique Title  ID  Use  Compromise Infrastructure:  Domains  T1584.001  Cuba ransomware actors use  compromised networks to conduct their  operations. Initial Access  Technique Title  ID  Use  Valid Accounts  T1078  Cuba ransomware actors have been  known to use compromised credentials to  get into a victim’s network. External Remote Services  T1133  Cuba ransomware actors may leverage  external-facing remote services to gain  initial access to a victim’s network. Exploit Public-Facing Application  T1190  Cuba ransomware actors are known to  exploit vulnerabilities in public-facing  systems. Phishing  T1566  Cuba ransomware actors have sent  phishing emails to obtain initial access to  systems. Execution  Technique Title  ID  Use  Command and Scripting  Interpreter: PowerShell  T1059.001  Cuba ransomware actors have used  PowerShell to escalate privileges. Software Deployment Tools  T1072  Cuba ransomware actors use Hancitor as  a tool to spread malicious files throughout  a victim’s network. Lateral Movement  Technique Title  ID  Use  Remote Services Session: RDP  Hijacking  T1563.002  Cuba ransomware actors used RDP  sessions to move laterally. Credential Access  Technique Title  ID  Use  Credential Dumping: LSASS  Memory  T1003.001  Cuba ransomware actors use LSASS  memory to retrieve stored compromised  credentials. Steal or Forge Kerberos Tickets:  Kerberoasting  T1558.003  Cuba ransomware actors used the  Kerberoasting technique to identify service  accounts linked to active directory.[2]  Command and Control  Technique Title  ID  Use  Proxy: Manipulate Command and  Control Communications  T1090  Industrial Spy ransomware actors use  HTTP/HTTPS proxy via a C2 server to  direct traffic to avoid direct connection. •  Segment networks to prevent the spread of ransomware. Network segmentation can help  prevent the spread of ransomware by controlling traffic flows between—and access to— various subnetworks and by restricting adversary lateral movement. •  Identify, detect, and investigate abnormal activity and potential traversal of the  indicated ransomware with a networking monitoring tool. To aid in detecting the  ransomware, implement a tool that logs and reports all network traffic, including lateral  movement activity on a network. •  Resource to mitigate a ransomware attack: CISA-Multi-State Information Sharing and Analysis  Center (MS-ISAC) Joint Ransomware Guide. •  No-cost Cyber Hygiene Services and Ransomware Readiness Assessment. REPORTING  FBI is seeking any information that can be shared, to include boundary logs showing communication  to and from foreign IP addresses, a sample ransom note, communications with ransomware actors,  Bitcoin wallet information, decryptor files, and/or a benign sample of an encrypted file. FBI and CISA do not encourage paying ransom as payment does not guarantee victim files will be  recovered. Furthermore, payment may also embolden adversaries to target additional organizations,  encourage other criminal actors to engage in the distribution of ransomware, and/or fund illicit  activities. Regardless of whether you or your organization have decided to pay the ransom, FBI and  CISA urge you to promptly report ransomware incidents immediately. Any reference  to specific commercial products, processes, or services by service mark, trademark, manufacturer, or  otherwise, does not constitute or imply endorsement, recommendation, or favoring by FBI or CISA. REFERENCES  [1] Palo Alto Networks: Tropical Scorpius  [2] Palo Alto Networks: Novel News on Cuba Ransomware - Greetings From Tropical Scorpius  [3] BlackBerry: Unattributed RomCom Threat Actor Spoofing Popular Apps Now Hits Ukrainian  Militaries  [4] BlackBerry: RomCom Threat Actor Abuses KeePass and SolarWinds to Target Ukraine and  Potentially the United Kingdom"
"Iranian Government-Sponsored APT Actors Compromise Federal Network, Deploy Crypto Miner, Credential Harvester",2022-11-21,4,"{""Cryptocurrency"": 4, ""Malware"": 7}","{""Phishing/Spoofing"": {}, ""Extortion"": {}, ""Personal Data Breach"": {}, ""Non-Payment/Non-Delivery"": {}, ""Investment"": {}, ""Tech Support"": {}, ""Business Email Compromise"": {}, ""Identity Theft"": {}, ""Employment"": {}, ""Confidence/Romance"": {}, ""Government Impersonation"": {}, ""Credit Card/Check Fraud"": {}, ""Harassment/Stalking"": {}, ""Real Estate"": {}, ""Advanced Fee"": {}, ""Crimes Against Children"": {}, ""Lottery/Sweepstakes/Inheritance"": {}, ""Data Breach"": {}, ""Ransomware"": {}, ""Overpayment"": {}, ""IPR*/Copyright&Counterfeit"": {}, ""Threats of Violence"": {}, ""SIM Swap"": {}, ""Botnet"": {}, ""Malware"": {""virus"": 2, ""malware"": 5}, ""Cryptocurrency"": {""crypto"": 3, ""cryptocurrency"": 1}}","Product ID: AA22-320A November 16, 2022 TLP:CLEAR Co-Authored by:  Iranian Government-Sponsored APT Actors  Compromise Federal Network, Deploy Crypto  Miner, Credential Harvester  SUMMARY  From mid-June through mid-July 2022, CISA conducted an incident response engagement at a  Federal Civilian Executive Branch (FCEB) organization where CISA observed suspected advanced  persistent threat (APT) activity. In the course of incident response activities, CISA determined that  cyber threat actors exploited the Log4Shell vulnerability in an unpatched VMware Horizon server,  installed XMRig crypto mining software, moved laterally to the domain controller (DC), compromised  credentials, and then implanted Ngrok reverse proxies on several hosts to maintain persistence. From mid-June through mid-July 2022, CISA conducted an onsite incident response engagement and  determined that the organization was compromised as early as February 2022, by likely Iranian  government-sponsored APT actors who installed XMRig crypto mining software. file.zip contained XMRig cryptocurrency mining software and associated configuration files. Additionally, the threat actor was observed attempting to dump the Local Security Authority  Subsystem Service (LSASS) process [T1003.001] with task manager but this was stopped by  additional anti-virus the FCEB organization had installed. Mitigation: Employ anti-malware to  automatically detect and quarantine  malicious scripts [M1049]. Create Account:  Local Account  T1136.001  The actors’ malware  can create local user  accounts. The tool allowlisted the  entire c:\drive,  enabling the actors to  bypass virus scans for  tools they downloaded  to the c:\drive. System Network  Configuration  Discovery: Internet  Connection  Discovery  T1016.001  The actors’ malware  tests for internet  connectivity by pinging  8.8.8.8. Ingress Tool  Transfer  T1105  The actors downloaded  malware and multiple  tools to the network,  including PsExec,  Mimikatz, and Ngrok."
#StopRansomware: Hive Ransomware,2022-11-17,4,"{""Ransomware"": 36, ""Phishing/Spoofing"": 3, ""Malware"": 3, ""Cryptocurrency"": 1, ""IPR*/Copyright&Counterfeit"": 1}","{""Phishing/Spoofing"": {""phishing"": 3}, ""Extortion"": {}, ""Personal Data Breach"": {}, ""Non-Payment/Non-Delivery"": {}, ""Investment"": {}, ""Tech Support"": {}, ""Business Email Compromise"": {}, ""Identity Theft"": {}, ""Employment"": {}, ""Confidence/Romance"": {}, ""Government Impersonation"": {}, ""Credit Card/Check Fraud"": {}, ""Harassment/Stalking"": {}, ""Real Estate"": {}, ""Advanced Fee"": {}, ""Crimes Against Children"": {}, ""Lottery/Sweepstakes/Inheritance"": {}, ""Data Breach"": {}, ""Ransomware"": {""ransomware"": 29, ""ransom"": 7}, ""Overpayment"": {}, ""IPR*/Copyright&Counterfeit"": {""trademark"": 1}, ""Threats of Violence"": {}, ""SIM Swap"": {}, ""Botnet"": {}, ""Malware"": {""virus"": 1, ""malware"": 2}, ""Cryptocurrency"": {""bitcoin"": 1}}","TLP: CLEAR  Product ID: AA22-321A November 17, 2022 Co-Authored by:  #StopRansomware: Hive Ransomware  SUMMARY  Note: This joint Cybersecurity Advisory (CSA) is part of  an  ongoing  #StopRansomware  effort  to  publish  advisories for network defenders that detail various  ransomware variants and ransomware threat actors. These #StopRansomware advisories include recently  and historically observed tactics, techniques, and  procedures (TTPs) and indicators of compromise (IOCs)  to help organizations protect against ransomware. FBI, CISA, and HHS encourage organizations to implement the recommendations in the Mitigations  section of this CSA to reduce the likelihood and impact of ransomware incidents. Victims of  ransomware operations should report the incident to their local FBI field office or CISA. Hive     Actions to Take Today to Mitigate         Cyber Threats from Ransomware:    Prioritize remediating known  exploited vulnerabilities. From June 2021  through at least November 2022, threat actors have used Hive ransomware to target a wide range of  businesses and critical infrastructure sectors, including Government Facilities, Communications,  Critical Manufacturing, Information Technology, and especially Healthcare and Public Health (HPH). Hive actors have also gained initial access to victim networks by distributing phishing emails with  malicious attachments [T1566.001] and by exploiting the following vulnerabilities against Microsoft  Exchange servers [T1190]:  •  CVE-2021-31207 - Microsoft Exchange Server Security Feature Bypass Vulnerability  •  CVE-2021-34473 - Microsoft Exchange Server Remote Code Execution Vulnerability  •  CVE-2021-34523 - Microsoft Exchange Server Privilege Escalation Vulnerability  After gaining access, Hive ransomware attempts to evade detention by executing processes to:  •  Identify processes related to backups, antivirus/anti-spyware, and file copying and then  terminating those processes to facilitate file encryption [T1562]. Prior to encryption, Hive ransomware removes virus definitions and disables all portions of Windows  Defender and other common antivirus programs in the system registry [T1112]. In addition to its capabilities against the Microsoft Windows operating system, Hive  ransomware has known variants for Linux, VMware ESXi, and FreeBSD. The ransom note, HOW_TO_DECRYPT.txt is dropped into  each affected directory and states the *.key file cannot be modified, renamed, or deleted, otherwise  the encrypted files cannot be recovered [T1486]. The ransom note contains a “sales department”  .onion link accessible through a TOR browser, enabling victim organizations to contact the actors  through a live chat panel to discuss payment for their files. Hive actors negotiate ransom demands in U.S. Hive actors demand  payment in Bitcoin. Hive actors have been known to reinfect—with either Hive ransomware or another ransomware  variant—the networks of victim organizations who have restored their network without making a  ransom payment. Indicators of Compromise  Threat actors have leveraged the following IOCs during Hive ransomware compromises. MITIGATIONS  FBI, CISA, and HHS recommend organizations, particularly in the HPH sector, implement the  following to limit potential adversarial use of common system and network discovery techniques and  to reduce the risk of compromise by Hive ransomware:  •  Verify Hive actors no longer have access to the network. •  Require phishing-resistant MFA for as many services as possible—particularly for webmail,  VPNs, accounts that access critical systems, and privileged accounts that manage backups. o The Cybersecurity and Infrastructure Security Agency-Multi-State Information Sharing  & Analysis Center Joint Ransomware Guide covers additional best practices and ways  to prevent, protect, and respond to a ransomware attack. Government’s official one-stop location for resources  to tackle ransomware more effectively. If your organization is impacted by a ransomware incident, FBI, CISA, and HHS recommend the  following actions. Power-off and segregate any other computers or devices  that share a network with the infected computer(s) that have not been fully encrypted by  ransomware. If possible, scan  your backup data with an antivirus program to check that it is free of malware. In addition, FBI, CISA, and HHS urge all organizations to apply the following recommendations to  prepare for, mitigate/prevent, and respond to ransomware incidents. •  Require phishing-resistant multifactor authentication for all services to the extent  possible, particularly for webmail, virtual private networks, and accounts that access critical  systems. Protective Controls and Architecture  •  Segment networks to prevent the spread of ransomware. Network segmentation can help  prevent the spread of ransomware by controlling traffic flows between—and access to— various subnetworks and by restricting adversary lateral movement. To aid in detecting the  ransomware, implement a tool that logs and reports all network traffic, including lateral  movement activity on a network. Threat actors use SMB to propagate malware across organizations. •  Resource to mitigate a ransomware attack: CISA-Multi-State Information Sharing and Analysis  Center (MS-ISAC) Joint Ransomware Guide. •  No-cost cyber hygiene services: Cyber Hygiene Services and Ransomware Readiness  Assessment. INFORMATION REQUESTED  The FBI, CISA, and HHS do not encourage paying a ransom to criminal actors. Paying a ransom may  embolden adversaries to target additional organizations, encourage other criminal actors to engage in  the distribution of ransomware, and/or fund illicit activities. Paying the ransom also does not  guarantee that a victim’s files will be recovered. Doing so provides  investigators with the critical information they need to track ransomware attackers, hold them  accountable under US law, and prevent future attacks. Any  reference to specific commercial products, processes, or services by service mark, trademark,  manufacturer, or otherwise, does not constitute or imply endorsement, recommendation, or favoring  by FBI, CISA, or HHS."
Hacktivists Use of DDoS Activity Causes Minor Impacts,2022-11-04,4,"{""Botnet"": 11}","{""Phishing/Spoofing"": {}, ""Extortion"": {}, ""Personal Data Breach"": {}, ""Non-Payment/Non-Delivery"": {}, ""Investment"": {}, ""Tech Support"": {}, ""Business Email Compromise"": {}, ""Identity Theft"": {}, ""Employment"": {}, ""Confidence/Romance"": {}, ""Government Impersonation"": {}, ""Credit Card/Check Fraud"": {}, ""Harassment/Stalking"": {}, ""Real Estate"": {}, ""Advanced Fee"": {}, ""Crimes Against Children"": {}, ""Lottery/Sweepstakes/Inheritance"": {}, ""Data Breach"": {}, ""Ransomware"": {}, ""Overpayment"": {}, ""IPR*/Copyright&Counterfeit"": {}, ""Threats of Violence"": {}, ""SIM Swap"": {}, ""Botnet"": {""ddos"": 10, ""denial of service"": 1}, ""Malware"": {}, ""Cryptocurrency"": {}}","Coinciding with the Russian invasion of Ukraine, the FBI is aware of Pro-Russian  hacktivist groups employing DDoS attacks to target critical infrastructure companies with  limited success. DDoS attacks of                                                             1 Distributed denial-of-service (DDoS) is an unsophisticated cyber-attack frequently carried out when a cyber- criminal actor sends multiple requests to the target website or server, overloading the server with traffic and  temporarily disabling legitimate requests for access. As a result, the  psychological impact of DDoS attacks is often greater than the disruption of service. Hacktivists often select targets perceived to have a greater perceived impact rather than an  actual disruption of operations:    DDoS attacks require little technical knowledge and hacktivists may leverage a wide  range of open source DDoS services and tools to disrupt public facing websites.  High-profile targets including financial institutions, health and medical facilities,  emergency services, airports, and government facilities are common targets of DDoS  attacks. Recommendations  DDoS attacks are of varying lengths of time and can be identified by:   Unusually slow network performance (opening files or accessing websites). To mitigate a DDoS attack:   Enroll in a Denial of Service protection service that detects abnormal traffic flows and  redirects traffic away from the network.  During and after a DDoS attack, monitor other network assets for any additional  anomalous or suspicious activity that could indicate a secondary attack."
#StopRansomware: Daixin Team,2022-10-21,4,"{""Ransomware"": 34, ""Extortion"": 3, ""Phishing/Spoofing"": 9, ""Threats of Violence"": 1, ""Malware"": 3, ""Data Breach"": 4, ""IPR*/Copyright&Counterfeit"": 1}","{""Phishing/Spoofing"": {""phishing"": 7, ""spearphishing"": 2}, ""Extortion"": {""extortion"": 3}, ""Personal Data Breach"": {}, ""Non-Payment/Non-Delivery"": {}, ""Investment"": {}, ""Tech Support"": {}, ""Business Email Compromise"": {}, ""Identity Theft"": {}, ""Employment"": {}, ""Confidence/Romance"": {}, ""Government Impersonation"": {}, ""Credit Card/Check Fraud"": {}, ""Harassment/Stalking"": {}, ""Real Estate"": {}, ""Advanced Fee"": {}, ""Crimes Against Children"": {}, ""Lottery/Sweepstakes/Inheritance"": {}, ""Data Breach"": {""data breach"": 2, ""data breaches"": 2}, ""Ransomware"": {""ransomware"": 30, ""ransom"": 3, ""ransoms"": 1}, ""Overpayment"": {}, ""IPR*/Copyright&Counterfeit"": {""trademark"": 1}, ""Threats of Violence"": {""threatened"": 1}, ""SIM Swap"": {}, ""Botnet"": {}, ""Malware"": {""malware"": 3}, ""Cryptocurrency"": {}}","TLP: WHITE Product ID: AA22-294A October 21, 2022 TLP:WHITE Co-Authored by:  #StopRansomware: Daixin Team  SUMMARY  Note: This joint Cybersecurity Advisory (CSA) is part of an ongoing #StopRansomware effort to  publish advisories for network defenders that detail various ransomware variants and ransomware  threat actors. These #StopRansomware advisories include recently and historically observed tactics,  techniques, and procedures (TTPs) and indicators of compromise (IOCs) to help organizations  protect against ransomware. businesses,  predominantly in the Healthcare and Public Health (HPH)  Sector, with ransomware and data extortion operations. Cybercrime actors routinely target HPH Sector organizations with ransomware:  •  As of October 2022, per FBI Internet Crime Complaint Center (IC3) data, specifically victim  reports across all 16 critical infrastructure sectors, the HPH Sector accounts for 25 percent of  ransomware complaints. Actions to take today to mitigate  cyber threats from ransomware:   • Install updates for operating  systems, software, and firmware as  soon as they are released. • Require phishing-resistant MFA for  as many services as possible. • Train users to recognize and report  phishing attempts. The Daixin Team is a ransomware and data extortion group that has targeted the HPH Sector with  ransomware and data extortion operations since at least June 2022. Since then, Daixin Team  cybercrime actors have caused ransomware incidents at multiple HPH Sector organizations where  they have:  •  Deployed ransomware to encrypt servers responsible for healthcare services—including  electronic health records services, diagnostics services, imaging services, and intranet  services, and/or  •  Exfiltrated personal identifiable information (PII) and patient health information (PHI) and  threatened to release the information if a ransom is not paid. The actors are believed to have acquired the VPN credentials through the use of a phishing  email with a malicious attachment [T1598.002]. The actors have then used SSH to  connect to accessible ESXi servers and deploy ransomware [T1486] on those servers. According to third-party reporting, the Daixin Team’s ransomware is based on leaked Babuk Locker  source code. This third-party reporting as well as FBI analysis show that the ransomware targets  ESXi servers and encrypts files located in /vmfs/volumes/ with the following extensions: .vmdk,  .vmem, .vswp, .vmsd, .vmx, and .vmsn. A ransom note is also written to /vmfs/volumes/. Figure 3 and Figure 4  include examples of ransom notes. Table 1: Daixin Actors’ ATT&CK Techniques for Enterprise  Reconnaissance  Technique Title  ID  Use  Phishing for Information:  Spearphishing Attachment  T1598.002  Daixin actors have acquired the VPN  credentials (later used for initial access) by  a phishing email with a malicious  attachment. •  Require phishing-resistant MFA for as many services as possible—particularly for webmail,  VPNs, accounts that access critical systems, and privileged accounts that manage backups. Implementing  HIPAA security measures can prevent the introduction of malware on the system. Preparing for Ransomware  •  Maintain offline (i.e., physically disconnected) backups of data, and regularly test backup and  restoration. These practices safeguard an organization’s continuity of operations or at least  minimize potential downtime from a ransomware incident and protect against data losses. •  Create, maintain, and exercise a basic cyber incident response plan and associated  communications plan that includes response procedures for a ransomware incident. o Organizations should also ensure their incident response and communications plans  include response and notification procedures for data breach incidents. ▪  Refer to applicable state data breach laws and consult legal counsel when  necessary. o See CISA-Multi-State Information Sharing and Analysis Center (MS-ISAC) Joint  Ransomware Guide and CISA Fact Sheet, Protecting Sensitive and Personal  Information from Ransomware-Caused Data Breaches, for information on creating a  ransomware response checklist and planning and responding to ransomware-caused  data breaches. Mitigating and Preventing Ransomware  •  Restrict Server Message Block (SMB) Protocol within the network to only access servers that  are necessary and remove or disable outdated versions of SMB (i.e., SMB version 1). Threat  actors use SMB to propagate malware across organizations. Reinforce the appropriate user response to phishing and  spearphishing emails. Responding to Ransomware Incidents  If a ransomware incident occurs at your organization:  •  Follow your organization’s Ransomware Response Checklist (see Preparing for Ransomware  section). If possible, scan backup data with an antivirus program to check that it is free  of malware. Note: FBI, CISA, and HHS strongly discourage paying ransoms as doing so does not guarantee files  and records will be recovered. Furthermore, payment may also embolden adversaries to target  additional organizations, encourage other criminal actors to engage in the distribution of ransomware,  and/or fund illicit activities. •  Resource to mitigate a ransomware attack: CISA-Multi-State Information Sharing and Analysis  Center (MS-ISAC) Joint Ransomware Guide. •  No-cost cyber hygiene services: Cyber Hygiene Services and Ransomware Readiness  Assessment. Any  reference to specific commercial products, processes, or services by service mark, trademark,  manufacturer, or otherwise, does not constitute or imply endorsement, recommendation, or favoring  by FBI, CISA, or HHS."
Iranian Cyber Group Emennet Pasargad Conducting Hack-and-Leak Operations Using False-Flag Personas,2022-10-20,4,"{""Malware"": 2, ""Threats of Violence"": 2}","{""Phishing/Spoofing"": {}, ""Extortion"": {}, ""Personal Data Breach"": {}, ""Non-Payment/Non-Delivery"": {}, ""Investment"": {}, ""Tech Support"": {}, ""Business Email Compromise"": {}, ""Identity Theft"": {}, ""Employment"": {}, ""Confidence/Romance"": {}, ""Government Impersonation"": {}, ""Credit Card/Check Fraud"": {}, ""Harassment/Stalking"": {}, ""Real Estate"": {}, ""Advanced Fee"": {}, ""Crimes Against Children"": {}, ""Lottery/Sweepstakes/Inheritance"": {}, ""Data Breach"": {}, ""Ransomware"": {}, ""Overpayment"": {}, ""IPR*/Copyright&Counterfeit"": {}, ""Threats of Violence"": {""harm"": 1, ""threatening"": 1}, ""SIM Swap"": {}, ""Botnet"": {}, ""Malware"": {""malware"": 2}, ""Cryptocurrency"": {}}","According to FBI information, since at least 2020,  Emennet targeted entities primarily in Israel with cyber-enabled information operations that  included an initial intrusion, theft and subsequent leak of data, followed by amplification  through social media and online forums, and in some cases the deployment of destructive  encryption malware. In addition to Emennet’s hack-and-leak operations, these actors have used website  defacements and destructive encryption malware to cause further harm to victims’ networks. The FBI recommends the following mitigation efforts:    If a member of your organization receives messages threatening the release of stolen PII  or other data, please contact your local FBI office."
Top CVEs Actively Exploited By People's Republic of China State-Sponsored Cyber Actors,2022-10-06,4,"{""IPR*/Copyright&Counterfeit"": 13, ""Phishing/Spoofing"": 1, ""Botnet"": 1, ""Tech Support"": 1}","{""Phishing/Spoofing"": {""phishing"": 1}, ""Extortion"": {}, ""Personal Data Breach"": {}, ""Non-Payment/Non-Delivery"": {}, ""Investment"": {}, ""Tech Support"": {""technical support"": 1}, ""Business Email Compromise"": {}, ""Identity Theft"": {}, ""Employment"": {}, ""Confidence/Romance"": {}, ""Government Impersonation"": {}, ""Credit Card/Check Fraud"": {}, ""Harassment/Stalking"": {}, ""Real Estate"": {}, ""Advanced Fee"": {}, ""Crimes Against Children"": {}, ""Lottery/Sweepstakes/Inheritance"": {}, ""Data Breach"": {}, ""Ransomware"": {}, ""Overpayment"": {}, ""IPR*/Copyright&Counterfeit"": {""intellectual property"": 2, ""trademark"": 10, ""trademarks"": 1}, ""Threats of Violence"": {}, ""SIM Swap"": {}, ""Botnet"": {""denial of service"": 1}, ""Malware"": {}, ""Cryptocurrency"": {}}","and allied networks as well as software and  hardware companies to steal intellectual property and develop access into sensitive  networks. and allied networks as well as  software and hardware companies to steal intellectual property and develop access into  sensitive networks.   Utilize phishing-resistant multi-factor authentication whenever possible. Trademark recognition  Active Directory, Microsoft® Exchange, Office 365, Office, Outlook, OWA, Powershell, Windows, and Windows NT®  are registered trademarks of Microsoft Corporation. • Apache® and Apache Log4j are trademark of Apache Software  Foundation. • Pulse Connect Secure is a registered trademark of Ivanti. • GitLab is a registered trademark of the  GitLab Inc. • F5 Big-IP is a registered trademark of F5 Inc. • VMWar4 VCenter, VMWare NSX and VM are  registered trademark of VMware, Inc. • Citrix® ADC is a registered trademark of Citrix Systems, Inc. • Cisco®  Hyperflex is a registered trademark of Cisco Systems, Inc. • Hikvision is a registered trademark of Hikvision Digital  Technology Co. • Sitecore XP is a trademark of Sitecore USA, Inc. If successfully exploited, these vulnerabilities could allow an adversary to obtain  access to sensitive information, bypass security restrictions, cause a denial of service conditions,  and/or perform unauthorized actions on the affected Exchange server, which could aid in further  malicious activity. Note: Software versions which have reached End of Technical Support (EoTS) are not  evaluated."
Iranian State Actors Conduct Cyber Operations Against the Government of Albania,2022-09-21,3,"{""Ransomware"": 6, ""Malware"": 6, ""Phishing/Spoofing"": 3}","{""Phishing/Spoofing"": {""spear-phishing"": 2, ""phishing"": 1}, ""Extortion"": {}, ""Personal Data Breach"": {}, ""Non-Payment/Non-Delivery"": {}, ""Investment"": {}, ""Tech Support"": {}, ""Business Email Compromise"": {}, ""Identity Theft"": {}, ""Employment"": {}, ""Confidence/Romance"": {}, ""Government Impersonation"": {}, ""Credit Card/Check Fraud"": {}, ""Harassment/Stalking"": {}, ""Real Estate"": {}, ""Advanced Fee"": {}, ""Crimes Against Children"": {}, ""Lottery/Sweepstakes/Inheritance"": {}, ""Data Breach"": {}, ""Ransomware"": {""ransomware"": 4, ""ransom"": 2}, ""Overpayment"": {}, ""IPR*/Copyright&Counterfeit"": {}, ""Threats of Violence"": {}, ""SIM Swap"": {}, ""Botnet"": {}, ""Malware"": {""malware"": 4, ""virus"": 2}, ""Cryptocurrency"": {}}","An FBI investigation indicates Iranian state cyber actors acquired initial access to the victim’s network  approximately 14 months before launching the destructive cyber attack, which included a  ransomware-style file encryptor and disk wiping malware. In July 2022, the  actors launched ransomware on the networks, leaving an anti-Mujahideen E-Khalq (MEK) message  on desktops. When network defenders identified and began to respond to the ransomware activity,  the cyber actors deployed a version of ZeroCleare destructive malware. In September 2022, Iranian cyber actors launched another wave of cyber attacks against the  Government of Albania, using similar TTPs and malware as the cyber attacks in July. File Cryptor (ransomware-style file encryptor)  Timeframe: Approximately 14 months after initial compromise. As deployed,  GoXML.exe encrypted all files (except those having extensions .exe, .dll, .sys, .lnk, or .lck) on the  target system, leaving behind a ransom note titled How_To_Unlock_MyFiles.txt in each folder  impacted. MITIGATIONS    Ensure anti-virus and anti-malware software is enabled and signature definitions are updated  regularly and in a timely manner. Well-maintained anti-virus software may prevent use of  commonly deployed cyber attacker tools that are delivered via spear-phishing. Reputation services can be used to detect or prevent low-reputation  email addresses, files, URLs, and IP addresses used in spear-phishing attacks. o Enforcing phishing-resistant multifactor authentication (MFA) for all users and VPN  connections. This is appended to the  end of the ransom note."
"Cyber Criminals Targeting Healthcare Payment Processors, Costing Victims Millions in Losses",2022-09-14,3,"{""Phishing/Spoofing"": 7, ""Credit Card/Check Fraud"": 1, ""Malware"": 4}","{""Phishing/Spoofing"": {""phishing"": 5, ""spoof"": 1, ""spoofing"": 1}, ""Extortion"": {}, ""Personal Data Breach"": {}, ""Non-Payment/Non-Delivery"": {}, ""Investment"": {}, ""Tech Support"": {}, ""Business Email Compromise"": {}, ""Identity Theft"": {}, ""Employment"": {}, ""Confidence/Romance"": {}, ""Government Impersonation"": {}, ""Credit Card/Check Fraud"": {""ach"": 1}, ""Harassment/Stalking"": {}, ""Real Estate"": {}, ""Advanced Fee"": {}, ""Crimes Against Children"": {}, ""Lottery/Sweepstakes/Inheritance"": {}, ""Data Breach"": {}, ""Ransomware"": {}, ""Overpayment"": {}, ""IPR*/Copyright&Counterfeit"": {}, ""Threats of Violence"": {}, ""SIM Swap"": {}, ""Botnet"": {}, ""Malware"": {""virus"": 2, ""malware"": 2}, ""Cryptocurrency"": {}}","Recent reporting indicates  cyber criminals will continue targeting healthcare payment processors through a variety of  techniques, such as phishing campaigns and social engineering, to spoof support centers and  obtain user access.  In April 2022, a healthcare company with more than 175 medical providers discovered  an unauthorized cyber criminal posing as an employee had changed Automated Clearing  House (ACH) instructions of one of their payment processing vendors to direct payments  to the cyber criminal rather than the intended providers. The cyber criminals  used a combination of publicly available PII and phishing schemes to gain access to  customer accounts.  Phishing emails, specifically targeting financial departments of healthcare payment  processors.  Ensure anti-virus and anti-malware is enabled and security protocols are updated  regularly and in a timely manner. Well-maintained anti-virus and anti-malware software  may prevent commonly used attacker tools.  Implement training for employees on how to identify and report phishing, social  engineering, and spoofing attempts. As budget constraints allow, consider options in  authentication or barrier layers to decrease or eliminate the viability of phishing."
Iranian Islamic Revolutionary Guard Corps-Affiliated Cyber Actors Exploiting Vulnerabilities for Data Extortion and Disk Encryption for Ransom Operations,2022-09-14,3,"{""Extortion"": 8, ""Ransomware"": 20, ""Cryptocurrency"": 1, ""Malware"": 3, ""IPR*/Copyright&Counterfeit"": 1}","{""Phishing/Spoofing"": {}, ""Extortion"": {""extortion"": 8}, ""Personal Data Breach"": {}, ""Non-Payment/Non-Delivery"": {}, ""Investment"": {}, ""Tech Support"": {}, ""Business Email Compromise"": {}, ""Identity Theft"": {}, ""Employment"": {}, ""Confidence/Romance"": {}, ""Government Impersonation"": {}, ""Credit Card/Check Fraud"": {}, ""Harassment/Stalking"": {}, ""Real Estate"": {}, ""Advanced Fee"": {}, ""Crimes Against Children"": {}, ""Lottery/Sweepstakes/Inheritance"": {}, ""Data Breach"": {}, ""Ransomware"": {""ransom"": 13, ""ransomware"": 6, ""ransoms"": 1}, ""Overpayment"": {}, ""IPR*/Copyright&Counterfeit"": {""trademark"": 1}, ""Threats of Violence"": {}, ""SIM Swap"": {}, ""Botnet"": {}, ""Malware"": {""malware"": 3}, ""Cryptocurrency"": {""crypto"": 1}}","TLP:WHITE Co-authored by:  TLP: WHITE Product ID: AA22-257A September 14, 2022 Iranian Islamic Revolutionary Guard Corps-Affiliated  Cyber Actors Exploiting Vulnerabilities for Data Extortion  and Disk Encryption for Ransom Operations   This joint Cybersecurity Advisory (CSA) is the result of an  analytic effort among the Federal Bureau of Investigation  (FBI), the Cybersecurity and Infrastructure Security Agency  (CISA), the National Security Agency (NSA), U.S. Hereafter, this advisory refers to all the coauthors of this advisory as ""the authoring  agencies.""  This advisory updates joint CSA Iranian Government-Sponsored APT Cyber Actors Exploiting  Microsoft Exchange and Fortinet Vulnerabilities in Furtherance of Malicious Activities, which provides  information on these Iranian government-sponsored APT actors exploiting known Fortinet and  Actions to take today to protect  against ransom operations:  •  Keep systems and software  updated and prioritize  remediating known exploited  vulnerabilities. The IRGC-affiliated actors have used this access for follow-on activity, including disk  encryption and data extortion, to support ransom operations. The  APT actors can leverage this access for further malicious activities, including deployment of tools to  support ransom and extortion operations, and data exfiltration. The IRGC-affiliated actors have used their access for ransom operations, including disk encryption  and extortion efforts. Depending on the perceived value, the  actors may encrypt data for ransom and/or exfiltrate data. The actors may sell the data or use the  exfiltrated data in extortion operations or “double extortion” ransom operations where a threat actor  uses a combination of encryption and data theft to pressure targeted entities to pay ransom demands. The actors used their access to move laterally within  the network, encrypt network devices with BitLocker, and hold the decryption keys for ransom. The actors used their access to move  laterally within the network, encrypt network devices with BitLocker, and hold the decryption  keys for ransom. municipal government, move laterally within the network, establish  persistent access, initiate crypto-mining operations, and conduct additional malicious activity. The following IOCs are associated with data  exfiltration from targeted entity networks:   •  C:\Windows\Temp\sassl[.]pmd  •  C:\Windows\Temp\ssasl[.]zip   •  C:\Users\DefaultAccount\AppData\Local\Temp\lsass[.]dmp   •  C:\Users\DefaultAccount\AppData\Local\Temp\lsass[.]zip     Impact [TA0040]  The IRGC-affiliated actors forced BitLocker activation on host networks to encrypt data [T1486] and  held the decryption keys for ransom. The corresponding ransom notes were sent to the targeted  entity, left on the targeted entity network as a .txt file or printed on the targeted entity’s networked  printer(s). These practices safeguard an organization’s continuity of  operations or at least minimize potential downtime from a ransomware or other destructive  data incident and protect against data losses. •  Create, maintain, and exercise a basic cyber incident response plan that includes response  procedures for a ransom incident. Use Antivirus Programs  •  Install and regularly update antivirus and anti-malware software on all hosts. RESPONDING TO RANSOMWARE OR EXTORTION INCIDENTS  If a ransomware or extortion incident occurs at your organization:  •  Follow the Ransomware Response Checklist on page 11 of the CISA-Multi-State Information  Sharing and Analysis Center (MS-ISAC) Joint Ransomware Guide. If possible, scan backup data with an antivirus program to check that it is free  of malware. Note: The authoring agencies strongly discourage paying ransoms as doing so does not guarantee  files and records will be recovered and may pose sanctions risks. centralized, whole-of-government  webpage providing ransomware resources and alerts. Any reference to specific commercial products, processes, or  services by service mark, trademark, manufacturer, or otherwise, does not constitute or imply  endorsement, recommendation, or favoring. Table 2: Observed Tactics and Techniques  Tactic  Technique  Resource Development ]TA0042]    Obtain Capabilities: Malware [T1588.001]  Obtain Capabilities: Tool [T1588.002]  Initial Access [TA0001]  Exploit Public-Facing Application [T1190]  Execution [TA0002]  Scheduled Task/Job: Scheduled Task [T1053.005]  Persistence [TA0003]  Create Account: Local Account [T1136.001]  Create Account: Domain Account [T1136.002]  Privilege Escalation [TA0004]    Credential Access [TA0006]    Collection [TA0009]  Archive Collected Data: Archive via Utility [T1560.001]  Exfiltration [TA0010]    Impact [TA0040]  Data Encrypted for Impact [T1486]"
Unpatched and Outdated Medical Devices Provide Cyber Attack Opportunities,2022-09-12,3,"{""Threats of Violence"": 2, ""Phishing/Spoofing"": 2}","{""Phishing/Spoofing"": {""phishing"": 1, ""spoofing"": 1}, ""Extortion"": {}, ""Personal Data Breach"": {}, ""Non-Payment/Non-Delivery"": {}, ""Investment"": {}, ""Tech Support"": {}, ""Business Email Compromise"": {}, ""Identity Theft"": {}, ""Employment"": {}, ""Confidence/Romance"": {}, ""Government Impersonation"": {}, ""Credit Card/Check Fraud"": {}, ""Harassment/Stalking"": {}, ""Real Estate"": {}, ""Advanced Fee"": {}, ""Crimes Against Children"": {}, ""Lottery/Sweepstakes/Inheritance"": {}, ""Data Breach"": {}, ""Ransomware"": {}, ""Overpayment"": {}, ""IPR*/Copyright&Counterfeit"": {}, ""Threats of Violence"": {""pain"": 1, ""harm"": 1}, ""SIM Swap"": {}, ""Botnet"": {}, ""Malware"": {}, ""Cryptocurrency"": {}}"," According to a report in mid-2022 conducted by a healthcare cybersecurity analyst,  medical devices that are susceptible to cyber attacks include insulin pumps, intracardiac  defibrillators, mobile cardiac telemetry, pacemakers, and intrathecal pain pumps. TLP:WHITE  TLP:WHITE   Training to Help Mitigate Risk Associated with Employees   o Implement required training for employees on how to identify and report  potential threats:    Insider threats related to employees seeking to cause harm to the  network or steal information.  Attacks targeting employees including phishing, social engineering, and  spoofing attempts to compromise their accounts or credentials."
#StopRansomware: Zeppelin Ransomware,2022-08-11,3,"{""Ransomware"": 28, ""Malware"": 2, ""Cryptocurrency"": 2, ""Phishing/Spoofing"": 4, ""IPR*/Copyright&Counterfeit"": 1}","{""Phishing/Spoofing"": {""phishing"": 4}, ""Extortion"": {}, ""Personal Data Breach"": {}, ""Non-Payment/Non-Delivery"": {}, ""Investment"": {}, ""Tech Support"": {}, ""Business Email Compromise"": {}, ""Identity Theft"": {}, ""Employment"": {}, ""Confidence/Romance"": {}, ""Government Impersonation"": {}, ""Credit Card/Check Fraud"": {}, ""Harassment/Stalking"": {}, ""Real Estate"": {}, ""Advanced Fee"": {}, ""Crimes Against Children"": {}, ""Lottery/Sweepstakes/Inheritance"": {}, ""Data Breach"": {}, ""Ransomware"": {""ransomware"": 23, ""ransom"": 5}, ""Overpayment"": {}, ""IPR*/Copyright&Counterfeit"": {""trademark"": 1}, ""Threats of Violence"": {}, ""SIM Swap"": {}, ""Botnet"": {}, ""Malware"": {""malware"": 2}, ""Cryptocurrency"": {""bitcoin"": 2}}","TLP: WHITE Product ID: AA22-223A August 11, 2022 TLP:WHITE  #StopRansomware: Zeppelin Ransomware  SUMMARY  Note: this joint Cybersecurity Advisory (CSA) is part of an  ongoing #StopRansomware effort to publish advisories for  network defenders that detail various ransomware variants  and ransomware threat actors. These #StopRansomware  advisories include recently and historically observed tactics,  techniques, and procedures (TTPs) and indicators of  compromise (IOCs) to help organizations protect against  ransomware. The Federal Bureau of Investigation (FBI) and the Cybersecurity and Infrastructure Security Agency  (CISA) are releasing this joint CSA to disseminate known Zeppelin ransomware IOCs and TTPs  associated with ransomware variants identified through FBI investigations as recently as 21 June 2022. The FBI and CISA encourage organizations to implement the recommendations in the Mitigations  section of this CSA to reduce the likelihood and impact of ransomware incidents. Zeppelin ransomware is a derivative of the Delphi-based Vega malware family and functions as a  Ransomware as a Service (RaaS). From 2019 through at least June 2022, actors have used this  malware to target a wide range of businesses and critical infrastructure organizations, including  defense contractors, educational institutions, manufacturers, technology companies, and especially  organizations in the healthcare and medical industries. Zeppelin actors have been known to request  ransom payments in Bitcoin, with initial amounts ranging from several thousand dollars to over a  million dollars. Actions to take today to mitigate  cyber threats from ransomware:   • Prioritize remediating known exploited vulnerabilities. • Train users to recognize and report phishing attempts. Prior to deploying Zeppelin  ransomware, actors spend one to two weeks mapping or enumerating the victim network to identify  data enclaves, including cloud storage and network backups [TA0007]. Zeppelin actors can deploy  Zeppelin ransomware as a .dll or .exe file or contained within a PowerShell loader. [1]   Prior to encryption, Zeppelin actors exfiltrate [TA0010] sensitive company data files to sell or publish  in the event the victim refuses to pay the ransom. Once the ransomware is executed, a randomized  nine-digit hexadecimal number is appended to each encrypted file as a file extension, e.g.,  file.txt.txt.C59-E0C-929 [T1486]. A note file with a ransom note is left on compromised  systems, frequently on the desktop (see figure 1 below). Exploit  Public-Facing Application  T1190  Zeppelin actors exploit  vulnerabilities in an internet- facing systems to gain access  to systems  Phishing  T1566  Zeppelin actors have used  phishing and spear phishing to  gain access to victims'  networks. DETECTION   Click the attachment in this .pdf for the YARA signature: YARA Signature  MITIGATIONS  The FBI and CISA recommend network defenders apply the following mitigations to limit  potential adversarial use of common system and network discovery techniques and to reduce the  risk of compromise by Zeppelin ransomware:   Implement a recovery plan to maintain and retain multiple copies of sensitive or proprietary  data and servers in a physically separate, segmented, and secure location (i.e., hard drive,  storage device, the cloud).   Segment networks to prevent the spread of ransomware. Network segmentation can help  prevent the spread of ransomware by controlling traffic flows between—and access to— various subnetworks and by restricting adversary lateral movement.   Identify, detect, and investigate abnormal activity and potential traversal of the  indicated ransomware with a networking monitoring tool. To aid in detecting the  ransomware, implement a tool that logs and reports all network traffic, including lateral  movement activity on a network.   Resource to mitigate a ransomware attack: CISA-Multi-State Information Sharing and Analysis  Center (MS-ISAC) Joint Ransomware Guide.   No-cost cyber hygiene services: Cyber Hygiene Services and Ransomware Readiness  Assessment. REPORTING  The FBI is seeking any information that can be shared, to include boundary logs showing  communication to and from foreign IP addresses, a sample ransom note, communications with  Zeppelin actors, Bitcoin wallet information, decryptor files, and/or a benign sample of an encrypted  file. The FBI and CISA do not encourage paying ransom as payment does not guarantee victim files  will be recovered. Furthermore, payment may also embolden adversaries to target additional  organizations, encourage other criminal actors to engage in the distribution of ransomware, and/or  fund illicit activities. Any  reference to specific commercial products, processes, or services by service mark, trademark,  manufacturer, or otherwise, does not constitute or imply endorsement, recommendation, or favoring  by CISA or the FBI. REFERENCES  [1] What is Zeppelin Ransomware?"
Proxies and Configurations Used for Credential Stuffing Attacks on Online Customer Accounts,2022-08-11,3,"{""Data Breach"": 1}","{""Phishing/Spoofing"": {}, ""Extortion"": {}, ""Personal Data Breach"": {}, ""Non-Payment/Non-Delivery"": {}, ""Investment"": {}, ""Tech Support"": {}, ""Business Email Compromise"": {}, ""Identity Theft"": {}, ""Employment"": {}, ""Confidence/Romance"": {}, ""Government Impersonation"": {}, ""Credit Card/Check Fraud"": {}, ""Harassment/Stalking"": {}, ""Real Estate"": {}, ""Advanced Fee"": {}, ""Crimes Against Children"": {}, ""Lottery/Sweepstakes/Inheritance"": {}, ""Data Breach"": {""data breaches"": 1}, ""Ransomware"": {}, ""Overpayment"": {}, ""IPR*/Copyright&Counterfeit"": {}, ""Threats of Violence"": {}, ""SIM Swap"": {}, ""Botnet"": {}, ""Malware"": {}, ""Cryptocurrency"": {}}", Educate users to avoid choosing passwords that have appeared in data breaches.
Cyber Criminals Create Fraudulent Cryptocurrency Investment Applications to Defraud US Investors,2022-07-18,3,"{""Investment"": 17, ""Cryptocurrency"": 12, ""Threats of Violence"": 1}","{""Phishing/Spoofing"": {}, ""Extortion"": {}, ""Personal Data Breach"": {}, ""Non-Payment/Non-Delivery"": {}, ""Investment"": {""investors"": 6, ""investment"": 8, ""investments"": 2, ""investing"": 1}, ""Tech Support"": {}, ""Business Email Compromise"": {}, ""Identity Theft"": {}, ""Employment"": {}, ""Confidence/Romance"": {}, ""Government Impersonation"": {}, ""Credit Card/Check Fraud"": {}, ""Harassment/Stalking"": {}, ""Real Estate"": {}, ""Advanced Fee"": {}, ""Crimes Against Children"": {}, ""Lottery/Sweepstakes/Inheritance"": {}, ""Data Breach"": {}, ""Ransomware"": {}, ""Overpayment"": {}, ""IPR*/Copyright&Counterfeit"": {}, ""Threats of Violence"": {""harm"": 1}, ""SIM Swap"": {}, ""Botnet"": {}, ""Malware"": {}, ""Cryptocurrency"": {""cryptocurrency"": 12}}","The FBI has  observed cyber criminals contacting US investors, fraudulently claiming to offer legitimate  cryptocurrency investment services, and convincing investors to download fraudulent mobile  apps, which the cyber criminals have used with increasing success over time to defraud the  investors of their cryptocurrency. The FBI encourages financial  institutions and their customers who suspect they have been defrauded through fake  cryptocurrency investment apps to contact the FBI via the Internet Crime Complaint Center or  their local FBI field office. TLP:WHITE  TLP:WHITE    Threat  Cyber criminals are creating fraudulent cryptocurrency investment apps to exploit legitimate  cryptocurrency investments, defrauding US investors and causing reputational harm to US  investment firms. Innovative financial institutions offer mobile apps to enhance user experience  and increase legitimate investment. Cyber criminals seek to take advantage of the increased  interest in mobile banking and cryptocurrency investing. The FBI has observed cyber criminals  using the names, logos, and other identifying information of legitimate USBUSs, including  creating fake websites with this information, as part of their ruse to gain investors. Financial  institutions should warn their customers about this activity and inform customers as to whether  they offer cryptocurrency services. The cyber criminals convinced victims to download an app that used the  name and logo of an actual US financial institution and deposit cryptocurrency into  wallets associated with the victims’ accounts on the app. When 13 of the 28 victims  attempted to withdraw funds from the app, they received an email stating they had to  pay taxes on their investments before making withdrawals. The  cyber criminals convinced the victims to download the YiBit app and deposit  cryptocurrency into wallets associated with the victims’ YiBit accounts.  Between 1 November and 26 November 2021, cyber criminals operating under the  company name Supayos, AKA Supay2, defrauded two victims by instructing them to  download the Supay app and make multiple cryptocurrency deposits into wallets  associated with their Supay accounts. 1 YiBit was a former legitimate cryptocurrency exchange that appeared to close in 2018.  Inform customers as to whether the financial institution offers cryptocurrency  investment services or other related services and methods to identify legitimate  communications from the institution to customers. The FBI recommends investors take the following precautions:   Be wary of unsolicited requests to download investment applications, especially from  individuals you have not met in person or whose identity you have not verified. Take  steps to verify an individual’s identity before providing them with personal information  or relying on their investment advice."
North Korean State-Sponsored Cyber Actors Use Maui Ransomware to Target the Healthcare and Public Health Sector,2022-07-06,3,"{""Ransomware"": 38, ""Malware"": 4, ""Data Breach"": 4, ""Phishing/Spoofing"": 3, ""Cryptocurrency"": 1}","{""Phishing/Spoofing"": {""phishing"": 2, ""spearphishing"": 1}, ""Extortion"": {}, ""Personal Data Breach"": {}, ""Non-Payment/Non-Delivery"": {}, ""Investment"": {}, ""Tech Support"": {}, ""Business Email Compromise"": {}, ""Identity Theft"": {}, ""Employment"": {}, ""Confidence/Romance"": {}, ""Government Impersonation"": {}, ""Credit Card/Check Fraud"": {}, ""Harassment/Stalking"": {}, ""Real Estate"": {}, ""Advanced Fee"": {}, ""Crimes Against Children"": {}, ""Lottery/Sweepstakes/Inheritance"": {}, ""Data Breach"": {""data breach"": 2, ""data breaches"": 2}, ""Ransomware"": {""ransomware"": 36, ""ransoms"": 2}, ""Overpayment"": {}, ""IPR*/Copyright&Counterfeit"": {}, ""Threats of Violence"": {}, ""SIM Swap"": {}, ""Botnet"": {}, ""Malware"": {""malware"": 4}, ""Cryptocurrency"": {""bitcoin"": 1}}","TLP: WHITE Product ID: AA22-187A July 6, 2022 TLP:WHITE Co-Authored by:  North Korean State-Sponsored Cyber Actors  Use Maui Ransomware to Target the  Healthcare and Public Health Sector   SUMMARY  The Federal Bureau of Investigation (FBI), Cybersecurity and Infrastructure Security Agency (CISA),  and the Department of the Treasury (Treasury) are releasing this joint Cybersecurity Advisory (CSA)  to provide information on Maui ransomware, which has been used by North Korean state-sponsored  cyber actors since at least May 2021 to target Healthcare and Public Health (HPH) Sector  organizations. This joint CSA provides information—including tactics, techniques, and procedures (TTPs) and  indicators of compromise (IOCs)—on Maui ransomware obtained from FBI incident response  activities and industry analysis of a Maui sample. The FBI, CISA, and Treasury urge HPH Sector  organizations as well as other critical infrastructure organizations to apply the recommendations in the  Mitigations section of this CSA to reduce the likelihood of compromise from ransomware operations. Victims of Maui ransomware should report the incident to their local FBI field office or CISA. The FBI, CISA, and Treasury highly discourage paying ransoms as doing so does not guarantee files  and records will be recovered and may pose sanctions risks. Note: in September 2021, Treasury  issued an updated advisory highlighting the sanctions risks associated with ransomware payments  and the proactive steps companies can take to mitigate such risks. entities to adopt and improve cybersecurity practices and report ransomware  attacks to, and fully cooperate with, law enforcement. The updated advisory states that when affected  parties take these proactive steps, Treasury’s Office of Foreign Assets Control (OFAC) would be  more likely to resolve apparent sanctions violations involving ransomware attacks with a non-public  enforcement response. TECHNICAL DETAILS  Since May 2021, the FBI has observed and responded to multiple Maui ransomware incidents at HPH  Sector organizations. North Korean state-sponsored cyber actors used Maui ransomware in these  incidents to encrypt servers responsible for healthcare services—including electronic health records  services, diagnostics services, imaging services, and intranet services. Maui Ransomware  Maui ransomware (maui.exe) is an encryption binary. According to industry analysis of a sample of  Maui (SHA256: 5b7ecf7e9d0715f1122baf4ce745c5fcd769dee48150616753fec4d6da16e99e)— provided in Stairwell Threat Report: Maui Ransomware—the ransomware appears to be designed for  manual execution [TA0002] by a remote actor. The remote actor uses command-line interface  [T1059.008] to interact with the malware and to identify files to encrypt. See Stairwell Threat Report: Maui Ransomware for additional information on Maui ransomware,  including YARA rules and a key extractor. Implementing  HIPAA security measures can prevent the introduction of malware on the system. In addition, the FBI, CISA, and Treasury urge all organizations, including HPH Sector organizations,  to apply the following recommendations to prepare for, mitigate/prevent, and respond to ransomware  incidents. Preparing for Ransomware  •  Maintain offline (i.e., physically disconnected) backups of data, and regularly test  backup and restoration. These practices safeguard an organization’s continuity of  operations or at least minimize potential downtime from a ransomware incident and protect  against data losses. o Organizations should also ensure their incident response and communications plans  include response and notification procedures for data breach incidents. ▪  Refer to the National Conference of State Legislatures: Security Breach  Notification Laws for information on each state’s data breach laws. o See CISA-Multi-State Information Sharing and Analysis Center (MS-ISAC) Joint  Ransomware Guide and CISA Fact Sheet Protecting Sensitive and Personal  Information from Ransomware-Caused Data Breaches for information on creating a  ransomware response checklist and planning and responding to ransomware-caused  data breaches. Mitigating and Preventing Ransomware  •  Install updates for operating systems, software, and firmware as soon as they are  released. Threat actors use SMB to propagate malware across organizations. •  Implement user training program and phishing exercises to raise awareness among users  about the risks of visiting suspicious websites, clicking on suspicious links, and opening  suspicious attachments. Reinforce the appropriate user response to phishing and  spearphishing emails. Responding to Ransomware Incidents  If a ransomware incident occurs at your organization:  •  Follow your organization’s Ransomware Response Checklist (see Preparing for Ransomware  section). If possible, scan backup data with an antivirus program to check that it is free  of malware. REQUEST FOR INFORMATION  The FBI is seeking any information that can be shared, to include boundary logs showing  communication to and from foreign IP addresses, bitcoin wallet information, the decryptor file, and/or  benign samples of encrypted files. As stated above, the FBI discourages paying ransoms. Payment  does not guarantee files will be recovered and may embolden adversaries to target additional  organizations, encourage other criminal actors to engage in the distribution of ransomware, and/or  fund illicit activities. Government  with critical information needed to prevent future attacks by identifying and tracking ransomware  actors and holding them accountable under U.S. whole-of-government webpage providing  ransomware resources and alerts. •  CISA’s Ransomware Readiness Assessment is a no-cost self-assessment based on a tiered  set of practices to help organizations better assess how well they are equipped to defend and  recover from a ransomware incident. •  A guide that helps organizations mitigate a ransomware attack and provides a Ransomware  Response Checklists: CISA-Multi-State Information Sharing and Analysis Center (MS-ISAC)  Joint Ransomware Guide  •  The U.S."
#StopRansomware: MedusaLocker,2022-06-30,2,"{""Ransomware"": 19, ""Cryptocurrency"": 1, ""Phishing/Spoofing"": 6}","{""Phishing/Spoofing"": {""phishing"": 5, ""spearphishing"": 1}, ""Extortion"": {}, ""Personal Data Breach"": {}, ""Non-Payment/Non-Delivery"": {}, ""Investment"": {}, ""Tech Support"": {}, ""Business Email Compromise"": {}, ""Identity Theft"": {}, ""Employment"": {}, ""Confidence/Romance"": {}, ""Government Impersonation"": {}, ""Credit Card/Check Fraud"": {}, ""Harassment/Stalking"": {}, ""Real Estate"": {}, ""Advanced Fee"": {}, ""Crimes Against Children"": {}, ""Lottery/Sweepstakes/Inheritance"": {}, ""Data Breach"": {}, ""Ransomware"": {""ransomware"": 14, ""ransom"": 5}, ""Overpayment"": {}, ""IPR*/Copyright&Counterfeit"": {}, ""Threats of Violence"": {}, ""SIM Swap"": {}, ""Botnet"": {}, ""Malware"": {}, ""Cryptocurrency"": {""bitcoin"": 1}}","TLP:WHITE  Product ID: AA22-181A June 30, 2022 TLP:WHITE Co-Authored by:  #StopRansomware: MedusaLocker   SUMMARY  Note: this joint Cybersecurity Advisory (CSA) is part of  an ongoing #StopRansomware effort to publish  advisories for network defenders that detail various  ransomware variants and ransomware threat actors. These #StopRansomware advisories include recently  and historically observed tactics, techniques, and  procedures (TTPs) and indicators of compromise (IOCs)  to help organizations protect against ransomware. The Federal Bureau of Investigation (FBI), the Cybersecurity and Infrastructure Security Agency  (CISA), the Department of the Treasury, and the Financial Crimes Enforcement Network (FinCEN)  are releasing this CSA to provide information on MedusaLocker ransomware. The MedusaLocker actors encrypt the victim’s data and leave a  ransom note with communication instructions in every folder containing an encrypted file. The note  directs victims to provide ransomware payments to a specific Bitcoin wallet address. MedusaLocker  appears to operate as a Ransomware-as-a-Service (RaaS) model based on the observed split of  ransom payments. Typical RaaS models involve the ransomware developer and various affiliates that  deploy the ransomware on victim systems. MedusaLocker ransomware payments appear to be  consistently split between the affiliate, who receives 55 to 60 percent of the ransom, and the  developer, who receives the remainder. Actions to take today to mitigate  cyber threats from ransomware:  •  Prioritize remediating known  exploited vulnerabilities. •  Train users to recognize and  report phishing attempts. Actors also frequently use email phishing  and spam email campaigns—directly attaching the ransomware to the email—as initial intrusion  vectors [T1566]. MedusaLocker ransomware uses a batch file to execute PowerShell script invoke- ReflectivePEInjection [T1059.001]. •  Establishes persistence by copying an executable (svhost.exe or svhostt.exe) to the  %APPDATA%\Roaming directory and scheduling a task to run the ransomware every 15  minutes. MedusaLocker actors place a ransom note into every folder containing a file with the victim's  encrypted data. The size of  MedusaLocker ransom demands appears to vary depending on the victim’s financial status as  perceived by the actors. Phishing  T1566  MedusaLocker actors used phishing and  spearphishing to obtain access to victims’  networks. Regularly provide users with training on  information security principles and techniques as well as overall emerging cybersecurity risks  and vulnerabilities, such as ransomware and phishing scams."
Karakurt Data Extortion Group,2022-06-01,2,"{""Extortion"": 5, ""Harassment/Stalking"": 2, ""Ransomware"": 19, ""Phishing/Spoofing"": 7, ""Business Email Compromise"": 2, ""Cryptocurrency"": 1}","{""Phishing/Spoofing"": {""phishing"": 5, ""spearphishing"": 2}, ""Extortion"": {""extortion"": 5}, ""Personal Data Breach"": {}, ""Non-Payment/Non-Delivery"": {}, ""Investment"": {}, ""Tech Support"": {}, ""Business Email Compromise"": {""business email"": 1, ""compromised email"": 1}, ""Identity Theft"": {}, ""Employment"": {}, ""Confidence/Romance"": {}, ""Government Impersonation"": {}, ""Credit Card/Check Fraud"": {}, ""Harassment/Stalking"": {""harassing"": 1, ""harassment"": 1}, ""Real Estate"": {}, ""Advanced Fee"": {}, ""Crimes Against Children"": {}, ""Lottery/Sweepstakes/Inheritance"": {}, ""Data Breach"": {}, ""Ransomware"": {""ransoms"": 1, ""ransomware"": 11, ""ransom"": 7}, ""Overpayment"": {}, ""IPR*/Copyright&Counterfeit"": {}, ""Threats of Violence"": {}, ""SIM Swap"": {}, ""Botnet"": {}, ""Malware"": {}, ""Cryptocurrency"": {""bitcoin"": 1}}","TLP:WHITE  Product ID: AA22-152A June 1, 2022 TLP: WHITE Co-Authored by:  Karakurt Data Extortion Group   SUMMARY  The Federal Bureau of Investigation (FBI), the  Cybersecurity and Infrastructure Security Agency  (CISA), the Department of the Treasury (Treasury),  and the Financial Crimes Enforcement Network  (FinCEN) are releasing this joint Cybersecurity  Advisory (CSA) to provide information on the  Karakurt data extortion group, also known as the  Karakurt Team and Karakurt Lair. Karakurt actors have contacted victims’ employees, business partners, and clients  [T1591.002] with harassing emails and phone calls to pressure the victims to cooperate. Upon payment of  ransoms, Karakurt actors have provided some form of proof of deletion of files and, occasionally, a  brief statement explaining how the initial intrusion occurred. Actions to take today to mitigate cyber  threats from ransomware:  •  Prioritize patching known  exploited vulnerabilities. •  Train users to recognize and  report phishing attempts. Intrusion brokers then sell access to these compromised computer systems to other  cybercriminal actors, such as those engaged in ransomware, business email  compromise, corporate and government espionage, etc. Extortion  Following the exfiltration of data, Karakurt actors present the victim with ransom notes by way of  “readme.txt” files, via emails sent to victim employees over the compromised email networks, and  emails sent to victim employees from external email accounts. The ransom notes reveal the victim  has been hacked by the “Karakurt Team” and threaten public release or auction of the stolen data. Karakurt victims have reported extensive harassment campaigns by Karakurt actors in which  employees, business partners, and clients receive numerous emails and phone calls warning the  recipients to encourage the victims to negotiate with the actors to prevent the dissemination of victim  data. Upon reaching an  agreement on the price of the stolen data with the victims, Karakurt actors provided a Bitcoin  address—usually a new, previously unused address—to which ransom payments could be made. Upon receiving the ransom, Karakurt actors provide some form of alleged proof of deletion of the  stolen files, such as a screen recording of the files being deleted, a deletion log, or credentials for a  victim to log into a storage server and delete the files themselves. Although Karakurt’s primary extortion leverage is a promise to delete stolen data and keep the  incident confidential, some victims reported Karakurt actors did not maintain the confidentiality of  victim information after a ransom was paid. government strongly discourage the  payment of any ransom to Karakurt threat actors, or any cyber criminals promising to delete stolen  files in exchange for payments. In some cases, Karakurt actors have conducted extortion against victims previously attacked by other  ransomware variants. Karakurt actors have also targeted victims at the same time these victims were  under attack by other ransomware actors. In such cases, victims received ransom notes from multiple  ransomware variants simultaneously, suggesting Karakurt actors purchased access to a  compromised system that was also sold to another ransomware actor. Phishing  T1566  Karakurt actors have used phishing  and spearphishing to obtain access to  victims' networks. Phishing – Spearphishing  Attachment  T1566.001  Karakurt actors have sent malicious  macros as email attachments to gain  initial access. Regularly provide users with training on  information security principles and techniques as well as overall emerging cybersecurity risks  and vulnerabilities (i.e., ransomware and phishing scams). government’s  one-stop location for resources to tackle ransomware more effectively. •  CISA’s Ransomware Readiness Assessment is a no-cost self-assessment based on a tiered  set of practices to help organizations better assess how well they are equipped to defend and  recover from a ransomware incident. •  CISA offers a range of no-cost cyber hygiene services to help critical infrastructure  organizations assess, identify, and reduce their exposure to threats, including ransomware."
Compromised US Academic Credentials Identified Across Various Public and Dark Web Forums,2022-05-26,2,"{""Phishing/Spoofing"": 5, ""Ransomware"": 1, ""Credit Card/Check Fraud"": 1, ""Cryptocurrency"": 1, ""Malware"": 2}","{""Phishing/Spoofing"": {""spear-phishing"": 1, ""phishing"": 4}, ""Extortion"": {}, ""Personal Data Breach"": {}, ""Non-Payment/Non-Delivery"": {}, ""Investment"": {}, ""Tech Support"": {}, ""Business Email Compromise"": {}, ""Identity Theft"": {}, ""Employment"": {}, ""Confidence/Romance"": {}, ""Government Impersonation"": {}, ""Credit Card/Check Fraud"": {""credit card"": 1}, ""Harassment/Stalking"": {}, ""Real Estate"": {}, ""Advanced Fee"": {}, ""Crimes Against Children"": {}, ""Lottery/Sweepstakes/Inheritance"": {}, ""Data Breach"": {}, ""Ransomware"": {""ransomware"": 1}, ""Overpayment"": {}, ""IPR*/Copyright&Counterfeit"": {}, ""Threats of Violence"": {}, ""SIM Swap"": {}, ""Botnet"": {}, ""Malware"": {""malware"": 2}, ""Cryptocurrency"": {""bitcoin"": 1}}","Credential harvesting against  an organization is often a byproduct of spear-phishing, ransomware, or other cyber intrusion  tactics. For example, in 2017, cyber criminals targeted universities to hack .edu accounts by  cloning university login pages and embedding a credential harvester link in phishing emails. Such tactics have continued to prevail and ramped up with COVID-themed  phishing attacks to steal university login credentials, according to security researchers from a  US-based company in December 2021. If attackers are successful in  compromising a victim account, they may attempt to drain the account of stored value,  leverage or re-sell credit card numbers and other personally identifiable information, submit  fraudulent transactions, exploit for other criminal activity against the account holder, or use for  subsequent attacks against affiliated organizations. The seller listed approximately 2,000  unique usernames with accompanying passwords and asked for donations be made to  an identified bitcoin wallet.  Implement user training programs and phishing exercises for students and faculty to  raise awareness about the risks of visiting suspicious websites, clicking on suspicious  links, and opening suspicious attachments.  Require multi-factor authentication (MFA), preferably using phishing-resistant  authenticators, for as many services as possible - particularly for accounts that access  critical systems, webmail, virtual private networks (VPN), and privileged accounts that  manage backups.  Segment networks to help prevent unauthorized access by malicious actors or the spread  of malware. Threat actors use SMB to propagate malware across organizations."
Cyber Actors Scrape Credit Card Data from US Business' Online Checkout Page and Maintain Persistence by Injecting Malicious PHP Code,2022-05-16,2,"{""Phishing/Spoofing"": 1, ""Credit Card/Check Fraud"": 2, ""Malware"": 1}","{""Phishing/Spoofing"": {""spoofed"": 1}, ""Extortion"": {}, ""Personal Data Breach"": {}, ""Non-Payment/Non-Delivery"": {}, ""Investment"": {}, ""Tech Support"": {}, ""Business Email Compromise"": {}, ""Identity Theft"": {}, ""Employment"": {}, ""Confidence/Romance"": {}, ""Government Impersonation"": {}, ""Credit Card/Check Fraud"": {""credit card"": 2}, ""Harassment/Stalking"": {}, ""Real Estate"": {}, ""Advanced Fee"": {}, ""Crimes Against Children"": {}, ""Lottery/Sweepstakes/Inheritance"": {}, ""Data Breach"": {}, ""Ransomware"": {}, ""Overpayment"": {}, ""IPR*/Copyright&Counterfeit"": {}, ""Threats of Violence"": {}, ""SIM Swap"": {}, ""Botnet"": {}, ""Malware"": {""malware"": 1}, ""Cryptocurrency"": {}}","TLP:WHITE  TLP:WHITE  16 May 2022  MC-000170-MW  Cyber Actors Scrape Credit Card Data from US Business’  Online Checkout Page and Maintain Persistence by  Injecting Malicious PHP Code    Summary  As of January 2022, unidentified cyber actors unlawfully scraped credit card data from a US  business by injecting malicious PHP Hypertext Preprocessor (PHP) code into the business’ online  checkout page and sending the scraped data to an actor-controlled server that spoofed a  legitimate card processing server. Indicators  The following Internet Protocol (IP) addresses and Uniform Resource Locators (URLs) were used  during vulnerability exploitation and/or data exfiltration:  IP Addresses  Uniform Resource Locators (URLs)   80.249.207.19  N/A  80.82.64.211  N/A  80.249.206.197  N/A    The following malware tools were used during the captioned intrusion:  Filename  pas.php  MD5:  73B4EF0EDA0BF07EF4DC1C543F668018  SHA256:  Ac28e5f136e9307d965466f77cf0845dc4cf08a701323ab4fbc66d91b28cfab9  SHA1:  6f81a02b802d17e9dc7fc846eb1ce8f14e10b813  File Size:  15.68 KB (16059 bytes)  File Type:  Unknown  Note:  P.A.S."
Ransomware Attacks on Agricultural Cooperatives Potentially Timed to Critical Seasons,2022-04-20,2,"{""Ransomware"": 18, ""Malware"": 2}","{""Phishing/Spoofing"": {}, ""Extortion"": {}, ""Personal Data Breach"": {}, ""Non-Payment/Non-Delivery"": {}, ""Investment"": {}, ""Tech Support"": {}, ""Business Email Compromise"": {}, ""Identity Theft"": {}, ""Employment"": {}, ""Confidence/Romance"": {}, ""Government Impersonation"": {}, ""Credit Card/Check Fraud"": {}, ""Harassment/Stalking"": {}, ""Real Estate"": {}, ""Advanced Fee"": {}, ""Crimes Against Children"": {}, ""Lottery/Sweepstakes/Inheritance"": {}, ""Data Breach"": {}, ""Ransomware"": {""ransomware"": 18}, ""Overpayment"": {}, ""IPR*/Copyright&Counterfeit"": {}, ""Threats of Violence"": {}, ""SIM Swap"": {}, ""Botnet"": {}, ""Malware"": {""virus"": 1, ""malware"": 1}, ""Cryptocurrency"": {}}","The FBI noted ransomware attacks during these seasons  against six grain cooperatives during the fall 2021 harvest and two attacks in early 2022 that  could impact the planting season by disrupting the supply of seeds and fertilizer. Although ransomware attacks against the  entire farm-to-table spectrum of the FA sector occur on a regular basis, the number of cyber  attacks against agricultural cooperatives during key seasons is notable. According to a February 2022 Joint Cybersecurity Advisory1 authored by cybersecurity  authorities in the United States, Australia, and the United Kingdom, ransomware tactics and  techniques continued to evolve in 2021. Sophisticated, high-impact ransomware incidents                                                             1 Product ID: AA22-040A, 2021 Trends Show Increased Globalized Threat [TLP:WHITE]       TLP:WHITE  TLP:WHITE  against critical infrastructure organizations increased globally. The FBI, the Cybersecurity and  Infrastructure Security Agency (CISA), and the National Security Agency (NSA) observed  incidents involving ransomware against 14 of the 16 U.S. Threat  Since 2021, multiple agricultural cooperatives have been impacted by a variety of ransomware  variants.  In March 2022, a multi-state grain company suffered a Lockbit 2.0 ransomware attack.  In February 2022, a company providing feed milling and other agricultural services  reported two instances in which an unauthorized actor gained access to some of its  systems and may have attempted to initiate a ransomware attack.  Between 15 September and 6 October 2021, six grain cooperatives experienced  ransomware attacks. A variety of ransomware variants were used, including Conti,  BlackMatter, Suncrypt, Sodinokibi, and BlackByte.  In July 2021, a business management software company found malicious activity on its  network, which was later identified as HelloKitty/Five Hands ransomware. The ransomware attack on the company led  to secondary ransomware infections on a number of its clients, which included several  agricultural cooperatives. The following steps can be implemented to mitigate the threat and  protect against ransomware attacks.  Install and regularly update anti-virus and anti-malware software on all hosts. whole-of-government webpage providing ransomware  resources and alerts. CISA’s Ransomware Readiness Assessment (RRA) is a no-cost self-assessment based on a tiered  set of practices to help organizations better assess how well they are equipped to defend and  recover from a ransomware incident. CISA offers a range of no-cost cyber hygiene services to help critical infrastructure organizations  assess, identify, and reduce their exposure to threats, including ransomware."
TraderTraitor: North Korean State-Sponsored APT Targets Blockchain Companies,2022-04-18,2,"{""Cryptocurrency"": 27, ""Investment"": 1, ""Malware"": 11, ""Phishing/Spoofing"": 5, ""Crimes Against Children"": 1, ""Data Breach"": 1}","{""Phishing/Spoofing"": {""phishing"": 2, ""spearphishing"": 3}, ""Extortion"": {}, ""Personal Data Breach"": {}, ""Non-Payment/Non-Delivery"": {}, ""Investment"": {""investing"": 1}, ""Tech Support"": {}, ""Business Email Compromise"": {}, ""Identity Theft"": {}, ""Employment"": {}, ""Confidence/Romance"": {}, ""Government Impersonation"": {}, ""Credit Card/Check Fraud"": {}, ""Harassment/Stalking"": {}, ""Real Estate"": {}, ""Advanced Fee"": {}, ""Crimes Against Children"": {""child"": 1}, ""Lottery/Sweepstakes/Inheritance"": {}, ""Data Breach"": {""data exposure"": 1}, ""Ransomware"": {}, ""Overpayment"": {}, ""IPR*/Copyright&Counterfeit"": {}, ""Threats of Violence"": {}, ""SIM Swap"": {}, ""Botnet"": {}, ""Malware"": {""malware"": 10, ""trojan"": 1}, ""Cryptocurrency"": {""cryptocurrency"": 26, ""cryptocurrencies"": 1}}","Treasury Department (Treasury) are issuing  this joint Cybersecurity Advisory (CSA) to highlight the  cyber threat associated with cryptocurrency thefts and  tactics used by a North Korean state-sponsored advanced  persistent threat (APT) group since at least 2020. government has observed North Korean cyber actors targeting a variety of organizations in  the blockchain technology and cryptocurrency industry, including cryptocurrency exchanges,  decentralized finance (DeFi) protocols, play-to-earn cryptocurrency video games, cryptocurrency  trading companies, venture capital funds investing in cryptocurrency, and individual holders of large  amounts of cryptocurrency or valuable non-fungible tokens (NFTs). The activity described in this  advisory involves social engineering of victims using a variety of communication platforms to  encourage individuals to download trojanized cryptocurrency applications on Windows or macOS  operating systems. The cyber actors then use the applications to gain access to the victim’s  computer, propagate malware across the victim’s network environment, and steal private keys or  Actions to take today to mitigate  cyber threats to cryptocurrency:  •  Patch all systems. •  Train users to recognize and  report phishing attempts. government previously published an advisory about North Korean state-sponsored cyber  actors using AppleJeus malware to steal cryptocurrency: AppleJeus: Analysis of North Korea’s  Cryptocurrency Malware. government has also previously published advisories about North  Korean state-sponsored cyber actors stealing money from banks using custom malware:   •  HIDDEN COBRA – FASTCash Campaign  •  FASTCash 2.0: North Korea’s BeagleBoyz Robbing Banks  This advisory provides information on tactics, techniques, and procedures (TTPs) and indicators of  compromise (IOCs) to stakeholders in the blockchain technology and cryptocurrency industry to help  them identify and mitigate cyber threats against cryptocurrency. government has identified a group of North Korean state-sponsored malicious cyber actors  using tactics similar to the previously identified Lazarus Group (see AppleJeus: Analysis of North  Korea’s Cryptocurrency Malware). The Lazarus Group used AppleJeus trojanized cryptocurrency  applications targeting individuals and companies—including cryptocurrency exchanges and financial  services companies—through the dissemination of cryptocurrency trading applications that were  modified to include malware that facilitates theft of cryptocurrency. As of April 2022, North Korea’s  Lazarus Group actors have targeted various firms, entities, and exchanges in the blockchain and  cryptocurrency industry using spearphishing campaigns and malware to steal cryptocurrency. These  actors will likely continue exploiting vulnerabilities of cryptocurrency technology firms, gaming  companies, and exchanges to generate and launder funds to support the North Korean regime. Tactics, Techniques and Procedures  Intrusions begin with a large number of spearphishing messages sent to employees of cryptocurrency  companies—often working in system administration or software development/IT operations  (DevOps)—on a variety of communication platforms. The messages often mimic a recruitment effort  and offer high-paying jobs to entice the recipients to download malware-laced cryptocurrency  applications, which the U.S. The malicious  applications are derived from a variety of open-source projects and purport to be cryptocurrency  trading or price prediction tools. The decrypted data is written as a file to the system’s temporary directory, as provided by the  os.tmpdir() method of Node.js, and executed using the child_process.exec() method of  Node.js, which spawns a shell as a child process of the current Electron application. Observed payloads include updated macOS and Windows variants of Manuscrypt, a custom remote  access trojan (RAT), that collects system information and has the ability to execute arbitrary  commands and download additional payloads (see North Korean Remote Access Tool:  COPPERHEDGE). Created: February 7, 2022  Expires: February 7, 2023  60b3cfe2ec3100caf4afde734cfd5147f78acf58ab17d4480196831db4aa5f18  Tags: dropper macos  Name: DAFOM-1.0.0.dmg  Size: 87.91 MB (92182575 bytes)  MD5: c2ea5011a91cd59d0396eb4fa8da7d21  SHA-1: b2d9ca7b6d1bbbe4864ea11dfca343b7e15597d8  SHA-256: 60b3cfe2ec3100caf4afde734cfd5147f78acf58ab17d4480196831db4aa5f18  ssdeep:  1572864:LGLBnolF9kPEiKOabR2QEs1B1/LuUQrbecE6Xwijkca/pzpfaLtIP:LGVnoT9kPZK9tVEwBxW becR5Faxzpf0M  TokenAIS  TokenAIS purports to help “build a portfolio of AI-based trading” for cryptocurrencies. government recommends implementing mitigations to protect critical  infrastructure organizations as well as financial sector organizations in the blockchain technology and  cryptocurrency industry. ●  Educate users on social engineering on social media and spearphishing. A cybersecurity aware workforce  is one of the best defenses against social engineering techniques like phishing. An additional malware scanning interface  product can be integrated to combine potentially malicious payloads and send the  payload to the primary antivirus product. To  reduce the risk of introducing exposed hosts to critical networks, organizations should ensure  mobile devices have installed security suites to detect and mitigate malware. Implement baseline rule sets, such as NSA’s Limiting Location Data Exposure guidance, to  block execution of unauthorized or malicious programs. ●  Be aware of third-party downloads—especially cryptocurrency applications."
Ransomware Attacks Straining Local US Governments and Public Services,2022-03-30,1,"{""Ransomware"": 26, ""Personal Data Breach"": 1, ""Phishing/Spoofing"": 4, ""Extortion"": 1, ""Malware"": 2}","{""Phishing/Spoofing"": {""phishing"": 3, ""spearphishing"": 1}, ""Extortion"": {""extortion"": 1}, ""Personal Data Breach"": {""personal data"": 1}, ""Non-Payment/Non-Delivery"": {}, ""Investment"": {}, ""Tech Support"": {}, ""Business Email Compromise"": {}, ""Identity Theft"": {}, ""Employment"": {}, ""Confidence/Romance"": {}, ""Government Impersonation"": {}, ""Credit Card/Check Fraud"": {}, ""Harassment/Stalking"": {}, ""Real Estate"": {}, ""Advanced Fee"": {}, ""Crimes Against Children"": {}, ""Lottery/Sweepstakes/Inheritance"": {}, ""Data Breach"": {}, ""Ransomware"": {""ransomware"": 20, ""ransoms"": 3, ""ransom"": 3}, ""Overpayment"": {}, ""IPR*/Copyright&Counterfeit"": {}, ""Threats of Violence"": {}, ""SIM Swap"": {}, ""Botnet"": {}, ""Malware"": {""malware"": 2}, ""Cryptocurrency"": {}}","Ransomware attacks against local government  entities and the subsequent impacts are especially significant due to the public’s dependency on  critical utilities, emergency services, educational facilities, and other services overseen by local  governments, making them attractive targets for cyber criminals. “The State of Ransomware in Government 2021” survey of 30 countries, conducted through an   TLP:WHITE      TLP:WHITE  independent research group commissioned by a UK-based company, found rectifying a ransomware  attack on a local government often included financial liabilities related to operational downtime,  people time, device costs, network costs, lost opportunity, and, in some cases, paid ransoms. Further, the survey found local governments were the least able to prevent encryption and recover  from backups, and had the second highest rate of paying the ransom compared to other critical  infrastructure sectors. According to a US-based media source reporting on state and local  government matters, underfunded public sector organizations’ understaffed and outdated systems  often put them in the position to pay ransoms simply to get the data back. Recent reporting indicates ransomware incidents against local governments resulted in  disruptions to public and health services, emergency and safety operations, and the  compromise of personal data.  In January 2022, a US county took computer systems offline, closed public offices, and ran  emergency response operations using “backup contingencies” after a ransomware attack  impacted local government operations.  In September 2021, cyber actors infected a US county network with ransomware, resulting  in the closure of the county courthouse and the theft of a substantial amount of county data  (to include personal information on residents, employees, and vendors). The actors posted  the data on the Dark web when the county refused to pay the ransom.  In May 2021, cyber actors infected local US county government systems with PayOrGrief  ransomware, making some servers inaccessible and limiting operations.  In January 2021, cyber actors infected local US county government systems with  ransomware that compromised jail and courthouse computers in addition to election,  assessment, financial, zoning, law enforcement, jail management, dispatch, and other files. The  ransomware note stated files would be deleted after two weeks if the ransom was not paid. Ransomware tactics have and will continue to evolve as noted in the February 2022 Joint  Cybersecurity Advisory (CSA) by government agencies in the United States, Australia, and the United   TLP:WHITE      TLP:WHITE  Kingdom.1 The top three initial infection vectors in 2021 were phishing emails, remote desktop  protocol exploitation, and software vulnerability exploitation. In 2021, actors expanded their targeting tactics and widened the  scope of victimization potential by implementing service-for-hire business models, sharing victim  information among actor groups, diversifying extortion strategies, and attacking upstream/  downstream accesses and data sources such as cloud infrastructure, managed service providers,  and software supply chains. In the next year, local US government agencies almost certainly will continue to experience  ransomware attacks, particularly as malware deployment and targeting tactics evolve, further  endangering public health and safety, and resulting in significant financial liabilities. Recommendations  The FBI does not encourage paying ransoms. It may also embolden adversaries to target additional organizations, encourage  other criminal actors to engage in the distribution of ransomware, and/or fund illicit activities. Doing so provides the FBI with critical information needed to prevent future attacks by  identifying and tracking ransomware attackers and holding them accountable under US law,  when possible. The FBI encourages local government agencies to proactively initiate contingency planning, to  the degree possible, for operational continuity in the event of a ransomware attack and  systems are inaccessible.  Implement a user training program and phishing exercises to raise awareness among  users about the risks of visiting suspicious websites, clicking on suspicious links, and  opening suspicious attachments. Reinforce the appropriate user response to phishing  and spearphishing emails. Threat actors use SMB to propagate malware across  organizations. The security modules may prevent the operating system from  making arbitrary connections, which is an effective mitigation strategy against  ransomware, as well as against remote code execution (RCE). Network segmentation can help prevent the spread of ransomware  by controlling traffic flows between—and access to—various subnetworks and by  restricting adversary lateral movement. Deploying mutual Transport Layer Security (mTLS)  can prevent eavesdropping on communications, which, in turn, can prevent cyber threat  actors from gaining insights needed to advance a ransomware attack.  Identify, detect, and investigate abnormal activity and potential traversal of the  indicated ransomware with a network-monitoring tool. To aid in detecting the  ransomware, use tools that log and report all network traffic, including lateral  movement on a network. Artificial intelligence (AI)-enabled network intrusion detection systems  (NIDS) are also able to detect and block many anomalous behaviors associated with  early stages of ransomware deployment."
Cyber Actors Target US Election Officials with Invoice-Themed Phishing Campaign to Harvest Credentials,2022-03-29,1,"{""Phishing/Spoofing"": 12, ""Business Email Compromise"": 1}","{""Phishing/Spoofing"": {""phishing"": 9, ""spear-phishing"": 1, ""spoofing"": 1, ""spoofed"": 1}, ""Extortion"": {}, ""Personal Data Breach"": {}, ""Non-Payment/Non-Delivery"": {}, ""Investment"": {}, ""Tech Support"": {}, ""Business Email Compromise"": {""compromised email"": 1}, ""Identity Theft"": {}, ""Employment"": {}, ""Confidence/Romance"": {}, ""Government Impersonation"": {}, ""Credit Card/Check Fraud"": {}, ""Harassment/Stalking"": {}, ""Real Estate"": {}, ""Advanced Fee"": {}, ""Crimes Against Children"": {}, ""Lottery/Sweepstakes/Inheritance"": {}, ""Data Breach"": {}, ""Ransomware"": {}, ""Overpayment"": {}, ""IPR*/Copyright&Counterfeit"": {}, ""Threats of Violence"": {}, ""SIM Swap"": {}, ""Botnet"": {}, ""Malware"": {}, ""Cryptocurrency"": {}}","As of October 2021, US election officials in at least nine states received invoice-themed  phishing emails containing links to websites intended to steal login credentials. These emails  shared similar attachment files, used compromised email addresses, and were sent close in  time, suggesting a concerted effort to target US election officials. Threat  The FBI judges cyber actors will likely continue or increase their targeting of US election officials  with phishing campaigns in the lead-up to the 2022 US midterm elections. This assessment is  based on reports of phishing attacks that occurred in October 2021 and had the characteristics  of a coordinated, ongoing effort to target US election officials.  On 5 October 2021, unidentified cyber actors targeted US election officials in at least  nine states, and representatives of the National Association of Secretaries of State, with  phishing emails. One of the email addresses sending the phishing emails was a  compromised US government official’s email account.  On 18 October 2021, cyber actors used two email addresses, purportedly from US  businesses, to send phishing emails to county election employees.  On 19 October 2021, cyber actors used an email address, purportedly from a US  business, to send a phishing email containing fake invoices to an election official.  Educate employees on how to identify phishing, spear-phishing, social engineering, and  spoofing attempts.  Mark external emails with a banner denoting the email is from an external source to  assist users in detecting spoofed emails.  Enable strong spam filters to prevent phishing emails from reaching end users."
"Tactics, Techniques, and Procedures of Indicted State-Sponsored Russian Cyber Actors Targeting the Energy Sector",2022-03-25,1,"{""Malware"": 22, ""Phishing/Spoofing"": 12, ""Botnet"": 1}","{""Phishing/Spoofing"": {""spearphishing"": 11, ""phishing"": 1}, ""Extortion"": {}, ""Personal Data Breach"": {}, ""Non-Payment/Non-Delivery"": {}, ""Investment"": {}, ""Tech Support"": {}, ""Business Email Compromise"": {}, ""Identity Theft"": {}, ""Employment"": {}, ""Confidence/Romance"": {}, ""Government Impersonation"": {}, ""Credit Card/Check Fraud"": {}, ""Harassment/Stalking"": {}, ""Real Estate"": {}, ""Advanced Fee"": {}, ""Crimes Against Children"": {}, ""Lottery/Sweepstakes/Inheritance"": {}, ""Data Breach"": {}, ""Ransomware"": {}, ""Overpayment"": {}, ""IPR*/Copyright&Counterfeit"": {}, ""Threats of Violence"": {}, ""SIM Swap"": {}, ""Botnet"": {""denial of service"": 1}, ""Malware"": {""malware"": 21, ""trojan"": 1}, ""Cryptocurrency"": {}}","and international Energy Sector  networks, deployed ICS-focused malware, and collected and exfiltrated enterprise and ICS- related data. o One of the indicted FSB officers was involved in campaign activity that involved  deploying Havex malware to victim networks. •  Compromise of Middle East-based Energy Sector organization with TRITON Malware,  2017: Russian cyber actors with ties to the TsNIIKhM gained access to and leveraged  TRITON (also known as HatMan) malware to manipulate a foreign oil refinery’s ICS  controllers. o The indicted TsNIIKhM cyber actor was a co-conspirator in the deployment of the  TRITON malware in 2017. The threat actor gained remote access to  and deployed malware designed to collect ICS-related  information on compromised Energy Sector networks, and  exfiltrated enterprise and ICS data. Beginning in 2013 and continuing through 2014, the threat actor leveraged Havex malware on Energy  Sector networks. The threat actor gained access to these victim networks via spearphishing emails,  redirects to compromised websites, and malicious versions of legitimate software updates on multiple  ICS vendor websites. The new software updates contained installations of Havex malware, which  infected systems of users who downloaded the compromised updates. Havex is a remote access Trojan (RAT) that communicates with a command and control (C2) server. Havex allowed the actor to install additional malware and  extract data, including system information, lists of files and installed programs, e-mail address books,  and virtual private network (VPN) configuration files. Note: for additional information on Havex, see to CISA ICS Advisory ICS Focused  Malware and CISA ICS Alert ICS Focused Malware (Update A). The threat actor  used the compromised third-party infrastructure to conduct spearphishing, watering hole, and supply  chain attacks to harvest Energy Sector credentials and to pivot to Energy Sector enterprise networks. Refer to Appendix A for TTPs of Havex malware and TTPs used by the actor in the 2016 to 2018  targeting of U.S. TsNIIKhM actors used TRITON malware on the ICS controllers, which  resulted in the refinery shutting down for several days. TRITON is a custom-built, sophisticated, multi-stage malware affecting Schneider Electric’s Triconex  Tricon, a safety programmable logic controller (PLC) (also referred to as a safety instrumented  system [SIS]), which monitors industrial processes to prevent hazardous conditions. TRITON malware affects Triconex Tricon PLCs by modifying in-memory firmware to add additional  programming. TRITON malware has multiple components, including a custom Python script, four Python modules,  and malicious shellcode that contains an injector and a payload. For detailed information on  TRITON’s components, refer to CISA Malware Analysis Report (MAR): HatMan: Safety System  Targeted Malware (Update B). Use of a compromised  device could introduce malware. Table 2: ICS Domain Tactics and Techniques for Havex [3]  Tactic  Technique  Use  Initial Access  Spearphishing Attachment [T0865]    Havex is distributed through a Trojanized installer attached to emails. Inhibit  Response  Function  Denial of Service [T0814]  Havex has caused multiple common OPC platforms to intermittently  crash. Energy Sector: Observed MITRE ATT&CK Enterprise Tactics and Techniques  Tactic  Technique  Threat Actor Activity  Detections/Mitigations  Reconnaissance  [TA0043]  Gather Victim Identity  Information: Credentials  [T1589.001]  The threat actor harvested credentials  of third-party commercial organizations  by sending spearphishing emails that  contained a PDF attachment. The threat actor harvested credentials  of Energy Sector targets by sending  spearphishing emails with a malicious  Microsoft Word document or links to the  watering holes created on compromised  third-party websites. Note: this activity also applies to:   ● Tactic: Reconnaissance  [TA0043], Technique: Phishing  for Information [T1598]:  ○ Spearphishing  Attachment [T1598.002]  ○ Spearphishing Link  [T1598.003]  an adversary to reduce the risk of  successful spearphishing, social  engineering, and other techniques that  involve user interaction. Prevent  intentional and unintentional download  of malware or rootkits, and users from  accessing infected or malicious  websites. Forced Authentication  [T1187]  Microsoft Word attachments sent via  spearphishing emails leveraged  legitimate Microsoft Office functions for  retrieving a document from a remote  server over Server Message Block  (SMB) using Transmission Control  Protocol ports 445 or 139. User Training: train users to be aware  of access or manipulation attempts by  an adversary to reduce the risk of  successful spearphishing, social  engineering, and other techniques that  involve user interaction. This allows the malware to change the running firmware."
TRITON Malware Remains Threat to Global Critical Infrastructure Industrial Control Systems (ICS),2022-03-25,1,"{""Malware"": 20, ""Ransomware"": 2}","{""Phishing/Spoofing"": {}, ""Extortion"": {}, ""Personal Data Breach"": {}, ""Non-Payment/Non-Delivery"": {}, ""Investment"": {}, ""Tech Support"": {}, ""Business Email Compromise"": {}, ""Identity Theft"": {}, ""Employment"": {}, ""Confidence/Romance"": {}, ""Government Impersonation"": {}, ""Credit Card/Check Fraud"": {}, ""Harassment/Stalking"": {}, ""Real Estate"": {}, ""Advanced Fee"": {}, ""Crimes Against Children"": {}, ""Lottery/Sweepstakes/Inheritance"": {}, ""Data Breach"": {}, ""Ransomware"": {""ransomware"": 2}, ""Overpayment"": {}, ""IPR*/Copyright&Counterfeit"": {}, ""Threats of Violence"": {}, ""SIM Swap"": {}, ""Botnet"": {}, ""Malware"": {""malware"": 20}, ""Cryptocurrency"": {}}","TRITON was malware designed to cause physical safety systems to cease operating or to  operate in an unsafe manner. TRITON malware targeted the Schneider Electric Triconex safety instrumented system (SIS),  which is used to initiate safe shutdown procedures in the event of an emergency. TRITON  malware affected Triconex Tricon safety controllers by modifying in-memory firmware to add  additional programming, potentially leading to damage of a facility, system downtime, and  even loss of life should the SIS fail to initiate safe shutdown procedures. Threat  In June and again in August 2017, TRITON malware (also known as TRISIS and HatMan) was  used against a Middle East–based petrochemical facility’s safety controllers. The US  Government has publicly attributed TRITON malware to TsNIIKhM, a Russian government- controlled research institution that supports the Russian armed forces with advanced research,  weapons, and cyber capabilities. TRITON malware was designed to target a specific SIS controller model, with a specific firmware  version, running a small range of specific versioned firmware, and used in critical infrastructure  facilities to initiate immediate shutdown procedures in the event of an emergency. For more  information on affected equipment and TRITON malware, see CISA ICS Advisory Schneider  Electric Triconex Tricon (Update B) and CISA Malware Analysis Report (MAR) HatMan - Safety  System Targeted Malware (Update B). In the 2017 attack, the actor gained initial access and then moved laterally through the  information technology (IT) and operational technology (OT) networks onto the safety system  and installed TRITON malware. The facility automatically  entered a safe state after several of the Triconex ICS safety controllers detected an anomaly,  caused by software bugs in the TRITON malware. The subsequent investigation of the shutdown  revealed the attacker’s presence and the malware itself. The facility’s automatic shutdown and  detection of malware prevented the cyberattack from reaching its full capabilities. TRITON malware’s design gave the attackers complete remote control of the SIS, providing  them the capability to cause significant physical damage and loss of life if the plant were to  enter an unsafe state, according to investigations and analysis that followed the event. Russian cyber actors have previously conspired to deploy malware and take other disruptive  actions for the strategic benefit of Russia through unauthorized access to victim computers and  ICS. These cyberattacks used some of the world’s most destructive malware to date, including     TLP:WHITE      TLP:WHITE KillDisk and Industroyer, which each caused blackouts in Ukraine in 2015 and 2016,  respectively. Russian cyber actors have also deployed non-disruptive malware, such as Havex,  which enables the actors to return to compromised and otherwise vulnerable ICS devices for  future espionage purposes. For additional information on the TRITON malware attack, see the FBI PIN titled Unattributed  Cyber Actors Exploiting Internet-connected ICS/SCADA Systems, PIN 20180614-001. Based on the attack framework and malware used in the original TRITON incident, a similar  attack could be designed against other SIS. Critical Infrastructure   CISA ICS Advisory Schneider Electric Triconex Tricon (Update B)   CISA MAR HatMan - Safety System Targeted Malware (Update B)    NSA and CISA Joint Cybersecurity Advisory NSA and CISA Recommend Immediate  Actions to Reduce Exposure Across all Operational Technologies and Control Systems   CISA’s Fact Sheet Rising Ransomware Threats to Operational Technology Assets. Although tailored to ransomware, the Fact Sheet provides applicable guidance for  critical infrastructure entities to reduce cyber threats to their OT assets."
"Russian State-Sponsored Cyber Actors Gain Network Access by Exploiting Default Multifactor Authentication Protocols and ""PrintNightmare"" Vulnerability",2022-03-16,1,"{""Malware"": 4, ""Phishing/Spoofing"": 1}","{""Phishing/Spoofing"": {""spearphishing"": 1}, ""Extortion"": {}, ""Personal Data Breach"": {}, ""Non-Payment/Non-Delivery"": {}, ""Investment"": {}, ""Tech Support"": {}, ""Business Email Compromise"": {}, ""Identity Theft"": {}, ""Employment"": {}, ""Confidence/Romance"": {}, ""Government Impersonation"": {}, ""Credit Card/Check Fraud"": {}, ""Harassment/Stalking"": {}, ""Real Estate"": {}, ""Advanced Fee"": {}, ""Crimes Against Children"": {}, ""Lottery/Sweepstakes/Inheritance"": {}, ""Data Breach"": {}, ""Ransomware"": {}, ""Overpayment"": {}, ""IPR*/Copyright&Counterfeit"": {}, ""Threats of Violence"": {}, ""SIM Swap"": {}, ""Botnet"": {}, ""Malware"": {""virus"": 2, ""malware"": 2}, ""Cryptocurrency"": {}}","•  Automatically update anti-virus and anti-malware solutions and conduct regular virus and  malware scans. To help prevent targeted social engineering and  spearphishing scams, ensure that employees and stakeholders are aware of potential cyber  threats and delivery methods."
RagnarLocker Ransomware Indicators of Compromise,2022-03-07,1,"{""Ransomware"": 19, ""Malware"": 1}","{""Phishing/Spoofing"": {}, ""Extortion"": {}, ""Personal Data Breach"": {}, ""Non-Payment/Non-Delivery"": {}, ""Investment"": {}, ""Tech Support"": {}, ""Business Email Compromise"": {}, ""Identity Theft"": {}, ""Employment"": {}, ""Confidence/Romance"": {}, ""Government Impersonation"": {}, ""Credit Card/Check Fraud"": {}, ""Harassment/Stalking"": {}, ""Real Estate"": {}, ""Advanced Fee"": {}, ""Crimes Against Children"": {}, ""Lottery/Sweepstakes/Inheritance"": {}, ""Data Breach"": {}, ""Ransomware"": {""ransomware"": 13, ""ransom"": 6}, ""Overpayment"": {}, ""IPR*/Copyright&Counterfeit"": {}, ""Threats of Violence"": {}, ""SIM Swap"": {}, ""Botnet"": {}, ""Malware"": {""malware"": 1}, ""Cryptocurrency"": {}}","TLP:WHITE  TLP:WHITE  7 MARCH 2022  CU-000163-MW  RagnarLocker Ransomware Indicators of Compromise     Summary  The FBI first became aware of RagnarLocker in April 2020 and subsequently produced a FLASH  to disseminate known indicators of compromise (IOCs) at that time. As of January 2022, the FBI has  identified at least 52 entities across 10 critical infrastructure sectors affected by RagnarLocker  ransomware, including entities in the critical manufacturing, energy, financial services,  government, and information technology sectors. RagnarLocker ransomware actors work as  part of a ransomware family1, frequently changing obfuscation techniques to avoid detection  and prevention. 1 Ransomware family is a group of binaries associated to several ransomware variants or actor groups. The actors, identifying themselves as “RAGNAR_LOCKER,” leave a  .txt ransom note, with instructions on how to pay the ransom and decrypt the data. The ransomware assigns a  drive letter to any volumes not assigned a logical drive letter and makes them accessible. Taking this approach allows  the computer to continue to operate “normally” while the malware encrypts files with known  and unknown extensions containing data of value to the victim. Paying a ransom may embolden  adversaries to target additional organizations, encourage other criminal actors to engage in the  distribution of ransomware, or fund illicit activities. Paying the ransom also does not guarantee  a victim’s files will be recovered. Regardless of whether you or your organization decides to pay the  ransom, the FBI urges you to report ransomware incidents to your local field office. Doing so  provides investigators and analysts with the critical information they need to track ransomware  attackers, hold them accountable under US law, and prevent future attacks. The FBI may seek the following information:  SHORT TERM ITEMS   Copy of the ransom note (screen shot/picture/text file). CISA’s Ransomware Readiness Assessment (RRA) is a no-cost self-assessment based on a tiered  set of practices to help organizations better assess how well they are equipped to defend and  recover from a ransomware incident. CISA offers a range of no-cost cyber hygiene services to help critical infrastructure organizations  assess, identify, and reduce their exposure to threats, including ransomware."
Iranian Government-Sponsored Actors Conduct Cyber Operations Against Global Government and Commercial Networks,2022-02-24,1,"{""Ransomware"": 2, ""Phishing/Spoofing"": 18, ""Malware"": 27, ""IPR*/Copyright&Counterfeit"": 1}","{""Phishing/Spoofing"": {""phishing"": 6, ""spearphishing"": 12}, ""Extortion"": {}, ""Personal Data Breach"": {}, ""Non-Payment/Non-Delivery"": {}, ""Investment"": {}, ""Tech Support"": {}, ""Business Email Compromise"": {}, ""Identity Theft"": {}, ""Employment"": {}, ""Confidence/Romance"": {}, ""Government Impersonation"": {}, ""Credit Card/Check Fraud"": {}, ""Harassment/Stalking"": {}, ""Real Estate"": {}, ""Advanced Fee"": {}, ""Crimes Against Children"": {}, ""Lottery/Sweepstakes/Inheritance"": {}, ""Data Breach"": {}, ""Ransomware"": {""ransomware"": 2}, ""Overpayment"": {}, ""IPR*/Copyright&Counterfeit"": {""trademark"": 1}, ""Threats of Violence"": {}, ""SIM Swap"": {}, ""Botnet"": {}, ""Malware"": {""malware"": 26, ""virus"": 1}, ""Cryptocurrency"": {}}","MuddyWater actors are known to exploit publicly reported vulnerabilities and use open-source tools  and strategies to gain access to sensitive data on victims’ systems and deploy ransomware. •  Train users to recognize and  report phishing attempts. FBI, CISA, CNMF, and NCSC-UK have observed  MuddyWater actors recently using various malware—variants of PowGoop, Small Sieve, Canopy  (also known as Starwhale), Mori, and POWERSTATS—along with other tools as part of their  malicious activity. •  Malware Analysis Report – MAR-10369127.r1.v1: MuddyWater  •  IOCs – AA22-055A.stix and MAR-10369127.r1.v1.stix  •  CISA's webpage – Iran Cyber Threat Overview and Advisories   •  NCSC-UK MAR: Small Sieve  •  CNMF's press release – Iranian intel cyber suite of malware uses open source tools    TECHNICAL DETAILS  FBI, CISA, CNMF, and NCSC-UK have observed the Iranian government-sponsored MuddyWater  APT group employing spearphishing, exploiting publicly known vulnerabilities, and leveraging multiple  open-source tools to gain access to sensitive government and commercial networks. As part of its spearphishing campaign, MuddyWater attempts to coax their targeted victim into  downloading ZIP files, containing either an Excel file with a malicious macro that communicates with  the actor’s C2 server or a PDF file that drops a malicious file to the victim’s network [T1566.001,  T1204.002]. MuddyWater actors also use techniques such as side-loading DLLs [T1574.002] to trick  legitimate programs into running malware and obfuscating PowerShell scripts [T1059.001] to hide C2  functions [T1027] (see the PowGoop section for more information). Additionally, the group uses multiple malware sets—including PowGoop, Small Sieve,  Canopy/Starwhale, Mori, and POWERSTATS—for loading malware, backdoor access, persistence  [TA0003], and exfiltration [TA0010]. See below for descriptions of some of these malware sets,  including newer tools or variants to the group’s suite. Additionally, see Malware Analysis Report MAR- 10369127.r1.v1: MuddyWater for further details. See Appendix B for further analysis of Small Sieve malware. Canopy  MuddyWater also uses Canopy/Starwhale malware, likely distributed via spearphishing emails with  targeted attachments [T1566.001]. Note: the  cybersecurity agencies of the United Kingdom and the United States attribute these malware samples  to MuddyWater with high confidence. CNMF has posted samples further detailing the different parts of MuddyWater’s new suite of tools—  along with JavaScript files used to establish connections back to malicious infrastructure—to the  malware aggregation tool and repository, Virus Total. Table 1: MuddyWater ATT&CK Techniques [2]  Technique Title  ID  Use  Reconnaissance  Gather Victim Identity  Information: Email Addresses  T1589.002 MuddyWater has specifically targeted government agency  employees with spearphishing emails. Initial Access  Phishing: Spearphishing  Attachment  T1566.001 MuddyWater has compromised third parties and used  compromised accounts to send spearphishing emails with  targeted attachments. Phishing: Spearphishing Link  T1566.002 MuddyWater has sent targeted spearphishing emails with  malicious links. Execution  Windows Management  Instrumentation  T1047  MuddyWater has used malware that leveraged Windows  Management Instrumentation for execution and querying  host information. User Execution: Malicious Link  T1204.001 MuddyWater has distributed URLs in phishing emails that  link to lure documents. User Execution: Malicious File  T1204.002 MuddyWater has attempted to get users to enable macros  and launch malicious Microsoft Word documents delivered  via spearphishing emails. Inter-Process  Communication: Component  Object Model  T1559.001 MuddyWater has used malware that has the capability to  execute malicious code via COM, DCOM, and Outlook. Inter-Process  Communication: Dynamic  Data Exchange  T1559.002 MuddyWater has used malware that can execute  PowerShell scripts via Dynamic Data Exchange. Signed Binary Proxy  Execution: Rundll32  T1218.011 MuddyWater has used malware that leveraged  rundll32.exe in a Registry Run key to execute a .dll. Discovery  System Network Configuration  Discovery  T1016  MuddyWater has used malware to collect the victim’s IP  address and domain name. System Owner/User Discovery  T1033  MuddyWater has used malware that can collect the  victim’s username. Process Discovery  T1057    MuddyWater has used malware to obtain a list of running  processes on the system. System Information Discovery  T1082  MuddyWater has used malware that can collect the  victim’s OS version and machine name. File and Directory Discovery  T1083  MuddyWater has used malware that checked if the  ProgramData folder had folders or files with the keywords  ""Kasper,"" ""Panda,"" or ""ESET.""  Account Discovery: Domain  Account  T1087.002 MuddyWater has used cmd.exe net user/domain to  enumerate domain users. Collection  Screen Capture  T1113  MuddyWater has used malware that can capture  screenshots of the victim’s machine. Ingress Tool Transfer  T1105  MuddyWater has used malware that can upload additional  files to the victim’s machine. Users who browse the internet, use email, and  execute code with administrator privileges make for excellent spearphishing targets because their  system—once infected—enables attackers to move laterally across the network, gain additional  accesses, and access highly sensitive information. Phishing Protection  •  Enable antivirus and anti-malware software and update signature definitions in a timely  manner. Well-maintained antivirus software may prevent use of commonly deployed attacker  tools that are delivered via spearphishing. •  Train users through awareness and simulations to recognize and report phishing and  social engineering attempts. Reputation services can be used to detect or prevent low-reputation email  addresses, files, URLs, and IP addresses used in spearphishing attacks. •  CISA offers a range of no-cost cyber hygiene services to help critical infrastructure  organizations assess, identify, and reduce their exposure to threats, including ransomware. REFERENCES  [1] CNMF Article: Iranian Intel Cyber Suite of Malware Uses Open Source Tools  [2] MITRE ATT&CK: MuddyWater   CAVEATS  The information you have accessed or received is being provided “as is” for informational purposes  only. Any reference to specific commercial products, processes, or services by  service mark, trademark, manufacturer, or otherwise, does not constitute or imply their endorsement,  recommendation, or favoring by the FBI, CISA, CNMF, or NSA. Commands must be  prefixed with /com[Bot ID] in order  to be processed by the malware."
New Sandworm malware Cyclops Blink replaces VPNFilter,2022-02-23,1,"{""Malware"": 18, ""Botnet"": 1, ""Phishing/Spoofing"": 2, ""IPR*/Copyright&Counterfeit"": 1}","{""Phishing/Spoofing"": {""phishing"": 2}, ""Extortion"": {}, ""Personal Data Breach"": {}, ""Non-Payment/Non-Delivery"": {}, ""Investment"": {}, ""Tech Support"": {}, ""Business Email Compromise"": {}, ""Identity Theft"": {}, ""Employment"": {}, ""Confidence/Romance"": {}, ""Government Impersonation"": {}, ""Credit Card/Check Fraud"": {}, ""Harassment/Stalking"": {}, ""Real Estate"": {}, ""Advanced Fee"": {}, ""Crimes Against Children"": {}, ""Lottery/Sweepstakes/Inheritance"": {}, ""Data Breach"": {}, ""Ransomware"": {}, ""Overpayment"": {}, ""IPR*/Copyright&Counterfeit"": {""trademark"": 1}, ""Threats of Violence"": {}, ""SIM Swap"": {}, ""Botnet"": {""botnet"": 1}, ""Malware"": {""malware"": 18}, ""Cryptocurrency"": {}}","New Sandworm malware  Cyclops Blink replaces  VPNFilter       Version 1.0      23 February 2022  © Crown Copyright 2022               New Sandworm malware Cyclops Blink  replaces VPNFilter   The Sandworm actor, which the UK and US have previously attributed to  the Russian GRU, has replaced the exposed VPNFilter malware with a new  more advanced framework. Background   The UK National Cyber Security Centre (NCSC), the Cybersecurity and Infrastructure  Security Agency (CISA), the National Security Agency (NSA) and the Federal Bureau  of Investigation (FBI) in the US have identified that the actor known as Sandworm or  Voodoo Bear is using a new malware, referred to here as Cyclops Blink. The malicious cyber activity below has  previously been attributed to Sandworm:    • The BlackEnergy disruption of Ukrainian electricity in 2015  • Industroyer in 2016  • NotPetya in 2017  • Attacks against the Winter Olympics and Paralympics in 20181  • A series of disruptive attacks against Georgia in 20192    Cyclops Blink appears to be a replacement framework for the VPNFilter malware  exposed in 2018, which exploited network devices, primarily small office/home office  (SOHO) routers and network attached storage (NAS) devices. An NCSC malware analysis report on Cyclops Blink is also  available and can be read in parallel. It also provides mitigation measures to help organisations that may be affected by this  malware. VPNFilter   The malware was first exposed in 2018  A series of articles published by Cisco Talos in 20181 describes VPNFilter and its  modules in detail. In May 2018 Cisco Talos published the blog that exposed VPNFilter, and the US  Department of Justice linked the activity2 to Sandworm and announced its disruption  of the botnet. Cyclops Blink  Active since 2019  The NCSC, CISA, FBI and NSA, along with industry partners, have now identified a  large-scale modular malware framework which is affecting network devices. The actor has so far primarily deployed Cyclops Blink to WatchGuard devices,1 but it  is likely that Sandworm would be capable of compiling the malware for other  architectures and firmware. Malware overview   The malware itself is sophisticated and modular with basic core functionality to beacon  (T1132.002) device information back to a server and enable files to be downloaded  and executed. There is also functionality to add new modules while the malware is  running, which allows Sandworm to implement additional capability as required. The NCSC has published a malware analysis report on Cyclops Blink which provides  more detail about the malware. Affected organisations should therefore take steps to remove the malware. Indicators of compromise  Please refer to the accompanying Cyclops Blink malware analysis report for indicators  of compromise which may help detect this activity. Organisations are advised to follow the mitigation advice in this advisory and to refer  to indicators of compromise (not exhaustive) in the Cyclops Blink malware analysis  report to detect possible activity on networks. Tell staff how to report suspected  phishing emails, and ensure they feel confident to do so. Never punish users for clicking phishing links or opening  attachments. Reference herein to any specific commercial  products, process, or service by trade name, trademark, manufacturer,  or otherwise, does not constitute or imply its endorsement,  recommendation, or favoring by the United States Government, and this  guidance shall not be used for advertising or product endorsement  purposes."
Russian State-Sponsored Cyber Actors Target Cleared Defense Contractor Networks to Obtain Sensitive U.S. Defense Information and Technology,2022-02-17,1,"{""Phishing/Spoofing"": 11, ""Malware"": 7, ""IPR*/Copyright&Counterfeit"": 1}","{""Phishing/Spoofing"": {""spearphishing"": 9, ""phishing"": 2}, ""Extortion"": {}, ""Personal Data Breach"": {}, ""Non-Payment/Non-Delivery"": {}, ""Investment"": {}, ""Tech Support"": {}, ""Business Email Compromise"": {}, ""Identity Theft"": {}, ""Employment"": {}, ""Confidence/Romance"": {}, ""Government Impersonation"": {}, ""Credit Card/Check Fraud"": {}, ""Harassment/Stalking"": {}, ""Real Estate"": {}, ""Advanced Fee"": {}, ""Crimes Against Children"": {}, ""Lottery/Sweepstakes/Inheritance"": {}, ""Data Breach"": {}, ""Ransomware"": {}, ""Overpayment"": {}, ""IPR*/Copyright&Counterfeit"": {""trademark"": 1}, ""Threats of Violence"": {}, ""SIM Swap"": {}, ""Botnet"": {}, ""Malware"": {""malware"": 4, ""virus"": 3}, ""Cryptocurrency"": {}}","Historically, Russian state-sponsored cyber actors have used common but effective tactics to gain  access to target networks, including spearphishing, credential harvesting, brute force/password spray  techniques, and known vulnerability exploitation against accounts and networks with weak security. The actors often maintain persistence by using legitimate credentials and a variety of  malware when exfiltrating emails and data. Initial Access   Russian state-sponsored cyber actors use brute force methods, spearphishing, harvested credentials,  and known vulnerabilities to gain initial access to CDC networks. •  Threat actors send spearphishing emails with links to malicious domains [T1566.002] and use  publicly available URL shortening services to mask the link [T1027]. Embedding shortened  URLs instead of actor-controlled malicious domains is an obfuscation technique meant to  bypass virus and spam scanning tools. Although  the actors have used a variety of malware to maintain persistence, the FBI, NSA, and CISA have also  observed intrusions that did not rely on malware or other persistence mechanisms. Initial Access [TA0001]  External Remote Services  [T1133]  Threat actors continue to research  vulnerabilities in Fortinet’s FortiGate  VPN devices, conducting brute force  attacks and leveraging CVE-2018-13379  to gain credentials to access victim  networks.2  Initial Access [TA0001]  Privilege Escalation  [TA0004]    Valid Accounts [T1078]  Exploit Public-Facing  Application [T1190]  Threat actors used credentials in  conjunction with known vulnerabilities on  public-facing applications, such as  virtual private networks (VPNs)—CVE- 2020-0688 and CVE-2020-17144—to  escalate privileges and gain remote  code execution (RCE) on the exposed  applications.3  Initial Access [TA0001]  Defense Evasion  [TA0005]  Phishing: Spearphishing  Link [T1566.002]  Obfuscated Files or  Information [T1027]  Threat actors sent spearphishing emails  using publicly available URL shortening  services. Embedding shortened URLs  instead of the actor-controlled malicious  domain is an obfuscation technique  meant to bypass virus and spam  scanning tools. Employ Antivirus Programs   •  Ensure that antivirus applications are installed on all organizations’ computers and are  configured to prevent spyware, adware, and malware as part of the operating system security  baseline. •  Keep virus definitions up to date. To help prevent targeted social engineering and  spearphishing scams, ensure that employees and stakeholders are aware of potential cyber  threats and how they are delivered. Any reference to specific commercial products, processes, or services by service  mark, trademark, manufacturer, or otherwise, does not constitute or imply their endorsement,  recommendation, or favoring by the FBI, NSA, or CISA. For example, the adversary may obtain and abuse credentials of existing accounts as a  means of gaining Initial Access, Persistence, Privilege Escalation, or Defense Evasion [T1078].18  These specific actors obtained and abused credentials of domain [T1078.002] and cloud accounts  [T1078.004].19 The actors also used external remote services to gain access to systems [T1133].20  The adversary took advantage of weaknesses in internet-facing servers and conducted SQL injection  attacks against organizations' external websites [T1190].21 Finally, they sent spearphishing emails  with a malicious link in an attempt to gain access [T1566.002].22  ID  Name  Description  T1078  Valid Accounts  Adversaries may obtain and abuse credentials of existing  accounts as a means of gaining Initial Access. T1566.002  Phishing:  Spearphishing Link  Adversaries may send spearphishing emails with a  malicious link in an attempt to gain access to victim  systems."
Indicators of Compromise Associated with BlackByte Ransomware,2022-02-11,1,"{""Ransomware"": 16}","{""Phishing/Spoofing"": {}, ""Extortion"": {}, ""Personal Data Breach"": {}, ""Non-Payment/Non-Delivery"": {}, ""Investment"": {}, ""Tech Support"": {}, ""Business Email Compromise"": {}, ""Identity Theft"": {}, ""Employment"": {}, ""Confidence/Romance"": {}, ""Government Impersonation"": {}, ""Credit Card/Check Fraud"": {}, ""Harassment/Stalking"": {}, ""Real Estate"": {}, ""Advanced Fee"": {}, ""Crimes Against Children"": {}, ""Lottery/Sweepstakes/Inheritance"": {}, ""Data Breach"": {}, ""Ransomware"": {""ransomware"": 12, ""ransom"": 4}, ""Overpayment"": {}, ""IPR*/Copyright&Counterfeit"": {}, ""Threats of Violence"": {}, ""SIM Swap"": {}, ""Botnet"": {}, ""Malware"": {}, ""Cryptocurrency"": {}}","TLP: WHITE Product ID: CU-000163-MW  February 11, 2022 TLP:WHITE Co-Authored by:  Indicators of Compromise Associated with  BlackByte Ransomware  SUMMARY  This joint Cybersecurity Advisory was developed by the Federal Bureau of Investigation (FBI)  and the U.S. Secret Service (USSS) to provide information on BlackByte ransomware. As of  November 2021, BlackByte ransomware had compromised multiple US and foreign  businesses, including entities in at least three US critical infrastructure sectors (government  facilities, financial, and food & agriculture). BlackByte is a Ransomware as a Service (RaaS)  group that encrypts files on compromised Windows host systems, including physical and  virtual servers. TECHNICAL DETAILS  The BlackByte executable leaves a ransom note in all directories where encryption occurs. The ransom note includes the .onion site that contains instructions for paying the ransom and  receiving a decryption key. In some instances, BlackByte ransomware actors have only  partially encrypted files. Previous versions of BlackByte ransomware downloaded a .png file from IP addresses  185.93.6.31 and 45.9.148.114 prior to encryption. BlackByte ransomware runs executables  from c:\windows\system32\ and C:\Windows\. %AppData%\BlackByteRestore.txt  This file is the ransom note that is left in every folder where files are encrypted. %HOMEPATH%\complex.exe  This file is the ransomware executable. This command appears to launch the ransomware.  CISA’s Ransomware Readiness Assessment (RRA) is a no-cost self-assessment  based on a tiered set of practices to help organizations better assess how well they  are equipped to defend and recover from a ransomware incident.   CISA offers a range of no-cost cyber hygiene services to help critical infrastructure  organizations assess, identify, and reduce their exposure to threats, including  ransomware."
2021 Trends Show Increased Globalized Threat of Ransomware,2022-02-09,1,"{""Ransomware"": 69, ""Phishing/Spoofing"": 6, ""Extortion"": 4, ""Threats of Violence"": 1, ""Malware"": 2, ""IPR*/Copyright&Counterfeit"": 1}","{""Phishing/Spoofing"": {""phishing"": 5, ""spearphishing"": 1}, ""Extortion"": {""extorting"": 1, ""extortion"": 2, ""extort"": 1}, ""Personal Data Breach"": {}, ""Non-Payment/Non-Delivery"": {}, ""Investment"": {}, ""Tech Support"": {}, ""Business Email Compromise"": {}, ""Identity Theft"": {}, ""Employment"": {}, ""Confidence/Romance"": {}, ""Government Impersonation"": {}, ""Credit Card/Check Fraud"": {}, ""Harassment/Stalking"": {}, ""Real Estate"": {}, ""Advanced Fee"": {}, ""Crimes Against Children"": {}, ""Lottery/Sweepstakes/Inheritance"": {}, ""Data Breach"": {}, ""Ransomware"": {""ransomware"": 62, ""ransom"": 7}, ""Overpayment"": {}, ""IPR*/Copyright&Counterfeit"": {""trademark"": 1}, ""Threats of Violence"": {""threatening"": 1}, ""SIM Swap"": {}, ""Botnet"": {}, ""Malware"": {""malware"": 2}, ""Cryptocurrency"": {}}","TLP: WHITE   TLP:WHITE Co-Authored by:  Product ID: AA22-040A February 9, 2022 2021 Trends Show Increased Globalized Threat  of Ransomware   SUMMARY  In 2021, cybersecurity authorities in the United  States,[1][2][3] Australia,[4] and the United  Kingdom[5] observed an increase in sophisticated,  high-impact ransomware incidents against critical  infrastructure organizations globally. The Federal  Bureau of Investigation (FBI), the Cybersecurity and  Infrastructure Security Agency (CISA), and the  National Security Agency (NSA) observed incidents  involving ransomware against 14 of the 16 U.S. The Australian Cyber Security  Centre (ACSC) observed continued ransomware  targeting of Australian critical infrastructure entities,  including in the Healthcare and Medical, Financial Services and Markets, Higher Education and  Research, and Energy Sectors. The United Kingdom’s National Cyber Security Centre (NCSC-UK)  recognizes ransomware as the biggest cyber threat facing the United Kingdom. Education is one of  the top UK sectors targeted by ransomware actors, but the NCSC-UK has also seen attacks targeting  businesses, charities, the legal profession, and public services in the Local Government and Health  Sectors. Immediate Actions You Can Take Now to  Protect Against Ransomware:  •  Update your operating system and  software. •  Implement user training and phishing  exercises to raise awareness about the  risks of suspicious links and  attachments. This joint Cybersecurity Advisory—authored by cybersecurity authorities in the United States,  Australia, and the United Kingdom—provides observed behaviors and trends as well as mitigation  recommendations to help network defenders reduce their risk of compromise by ransomware. TECHNICAL DETAILS  Cybersecurity authorities in the United States, Australia, and the United Kingdom observed the  following behaviors and trends among cyber criminals in 2021:  •  Gaining access to networks via phishing, stolen Remote Desktop Protocols (RDP)  credentials or brute force, and exploiting vulnerabilities. Phishing emails, RDP  exploitation, and exploitation of software vulnerabilities remained the top three initial infection  vectors for ransomware incidents in 2021. Once a ransomware threat actor has gained code  execution on a device or network access, they can deploy ransomware. The market for ransomware became increasingly  “professional” in 2021, and the criminal business model of ransomware is now well  established. In addition to their increased use of ransomware-as-a-service (RaaS),  ransomware threat actors employed independent services to negotiate payments, assist  victims with making payments, and arbitrate payment disputes between themselves and other  cyber criminals. NCSC-UK observed that some ransomware threat actors offered their victims  the services of a 24/7 help center to expedite ransom payment and restoration of encrypted  systems or data. Note: cybersecurity authorities in the United States, Australia, and the United Kingdom assess  that if the ransomware criminal business model continues to yield financial returns for  ransomware actors, ransomware incidents will become more frequent. Every time a ransom is  paid, it confirms the viability and financial attractiveness of the ransomware criminal business  model. Eurasian ransomware groups have shared victim information  with each other, diversifying the threat to targeted organizations. For example, after  announcing its shutdown, the BlackMatter ransomware group transferred its existing victims to  infrastructure owned by another group, known as Lockbit 2.0. o In the first half of 2021, cybersecurity authorities in the United States and Australia  observed ransomware threat actors targeting “big game” organizations—i.e., perceived  high-value organizations and/or those that provide critical services—in several high- profile incidents. However, ransomware groups suffered disruptions from U.S. Subsequently, the FBI observed some ransomware threat  actors redirecting ransomware efforts away from “big-game” and toward mid-sized  victims to reduce scrutiny. o The ACSC observed ransomware continuing to target Australian organizations of all  sizes, including critical services and “big game,” throughout 2021. •  Diversifying approaches to extorting money. After encrypting victim networks, ransomware  threat actors increasingly used “triple extortion” by threatening to (1) publicly release stolen  sensitive information, (2) disrupt the victim’s internet access, and/or (3) inform the victim’s  partners, shareholders, or suppliers about the incident. The ACSC continued to observe  “double extortion” incidents in which a threat actor uses a combination of encryption and data  theft to pressure victims to pay ransom demands. Ransomware groups have increased their impact by:  •  Targeting the cloud. Ransomware developers targeted cloud infrastructures to exploit known  vulnerabilities in cloud applications, virtual machine software, and virtual machine  orchestration software. Ransomware threat actors also targeted cloud accounts, cloud  application programming interfaces (APIs), and data backup and storage systems to deny  access to cloud resources and encrypt data. Ransomware threat actors  have also targeted cloud service providers to encrypt large amounts of customer data. Ransomware threat actors have targeted managed  service providers (MSPs). By compromising an MSP, a ransomware threat actor could access multiple  victims through one initial compromise. Cybersecurity authorities in the United States,  Australia, and the United Kingdom assess there will be an increase in ransomware incidents  where threat actors target MSPs to reach their clients. Globally, in 2021, ransomware threat actors targeted  software supply chain entities to subsequently compromise and extort their customers. Targeting software supply chains allows ransomware threat actors to increase the scale of  their attacks by accessing multiple victims through a single initial compromise. Ransomware threat actors may view holidays and weekends— when offices are normally closed—as attractive timeframes, as there are fewer network  defenders and IT support personnel at victim organizations. For more information, see joint  FBI-CISA Cybersecurity Advisory, Ransomware Awareness for Holidays and Weekends. MITIGATIONS  Cybersecurity authorities in the United States, Australia, and the United Kingdom recommend  network defenders apply the following mitigations to reduce the likelihood and impact of ransomware  incidents:  •  Keep all operating systems and software up to date. Threat actors use SMB to propagate malware across organizations. •  Implement a user training program and phishing exercises to raise awareness among  users about the risks of visiting suspicious websites, clicking on suspicious links, and opening  suspicious attachments. Reinforce the appropriate user response to phishing and  spearphishing emails. The security modules may prevent the operating system from making  arbitrary connections, which is an effective mitigation strategy against ransomware, as well as  against remote code execution (RCE). Network segmentation can help prevent the spread of ransomware by  controlling traffic flows between—and access to—various subnetworks and by restricting  adversary lateral movement. For example, the ACSC has observed ransomware and data theft incidents in which  Australian divisions of multinational companies were impacted by ransomware incidents  affecting assets maintained and hosted by offshore divisions (outside their control). Deploying mutual Transport Layer Security (mTLS) can  prevent eavesdropping on communications, which, in turn, can prevent cyber threat actors  from gaining insights needed to advance a ransomware attack. To aid in detecting the  ransomware, leverage a tool that logs and reports all network traffic, including lateral  movement on a network. Artificial intelligence (AI)-enabled network intrusion detection systems (NIDS) are also  able to detect and block many anomalous behaviors associated with early stages of  ransomware deployment. Note: critical infrastructure organizations with industrial control systems/operational technology  networks should review joint CISA-FBI Cybersecurity Advisory DarkSide Ransomware: Best Practices  for Preventing Business Disruption from Ransomware Attacks for more recommendations, including  mitigations to reduce the risk of severe business or functional degradation should their entity fall  victim to ransomware. RESPONDING TO RANSOMWARE ATTACKS  If a ransomware incident occurs at your organization, cybersecurity authorities in the United States,  Australia, and the United Kingdom recommend organizations:  •  Follow the Ransomware Response Checklist on p. 11 of the CISA-Multi-State Information  Sharing and Analysis Center (MS-ISAC) Joint Ransomware Guide. If possible, scan backup data with an antivirus program to check that it is free  of malware. Note: cybersecurity authorities in the United States, Australia, and the United Kingdom strongly  discourage paying a ransom to criminal actors. Criminal activity is motivated by financial gain, so  paying a ransom may embolden adversaries to target additional organizations (or re-target the same  organization) or encourage cyber criminals to engage in the distribution of ransomware. Additionally, reducing the  financial gain of ransomware threat actors will help disrupt the ransomware criminal business model. In instances where a ransom paid, victim organizations often cease engagement with  authorities, who then lose visibility of the payments made. While it continues to prove challenging, the  NCSC-UK has supported UK Government efforts by identifying needed policy changes—including  measures about the cyber insurance industry and ransom payments—that could reduce the threat of  ransomware. whole-of-government webpage providing  ransomware resources and alerts. •  CISA’s Ransomware Readiness Assessment is a no-cost self-assessment based on a tiered  set of practices to help organizations better assess how well they are equipped to defend and  recover from a ransomware incident. •  CISA offers a range of no-cost cyber hygiene services to help critical infrastructure  organizations assess, identify, and reduce their exposure to threats, including ransomware. Any reference to specific commercial products, processes, or services by service  mark, trademark, manufacturer, or otherwise, does not constitute or imply endorsement,  recommendation."
Indicators of Compromise Associated with LockBit 2.0 Ransomware,2022-02-04,1,"{""Ransomware"": 18, ""Malware"": 3}","{""Phishing/Spoofing"": {}, ""Extortion"": {}, ""Personal Data Breach"": {}, ""Non-Payment/Non-Delivery"": {}, ""Investment"": {}, ""Tech Support"": {}, ""Business Email Compromise"": {}, ""Identity Theft"": {}, ""Employment"": {}, ""Confidence/Romance"": {}, ""Government Impersonation"": {}, ""Credit Card/Check Fraud"": {}, ""Harassment/Stalking"": {}, ""Real Estate"": {}, ""Advanced Fee"": {}, ""Crimes Against Children"": {}, ""Lottery/Sweepstakes/Inheritance"": {}, ""Data Breach"": {}, ""Ransomware"": {""ransomware"": 14, ""ransom"": 3, ""ransoms"": 1}, ""Overpayment"": {}, ""IPR*/Copyright&Counterfeit"": {}, ""Threats of Violence"": {}, ""SIM Swap"": {}, ""Botnet"": {}, ""Malware"": {""malware"": 3}, ""Cryptocurrency"": {}}","TLP:WHITE  TLP:WHITE  4 February 2022 CU-000162-MW Indicators of Compromise Associated with LockBit 2.0  Ransomware    Summary  LockBit 2.0 operates as an affiliate-based Ransomware-as-a-Service (RaaS) and employs a wide  variety of tactics, techniques, and procedures (TTPs), creating significant challenges for defense  and mitigation. LockBit 2.0 ransomware compromises victim networks through a variety of  techniques, including, but not limited to, purchased access, unpatched vulnerabilities, insider  access, and zero day exploits. The threat actors then use both publicly available and custom  tools to exfiltrate data followed by encryption using the Lockbit malware. The actors always  leave a ransom note in each affected directory within victim systems, which provides  instructions on how to obtain the decryption software. The ransom note also threatens to leak  exfiltrated victim data on the LockBit 2.0 leak site and demands a ransom to avoid these  actions. LockBit 2.0 also developed a  Linux-based malware which takes advantage of vulnerabilities within VMWare ESXi virtual  machines. Technical Details  LockBit 2.0 is best described as a heavily obfuscated ransomware application leveraging bitwise  operations to decode strings and load required modules to evade detection. TLP:WHITE  TLP:WHITE    Indicators  The indicators of compromise (IOCs) and malware characteristics outlined below were derived  from field analysis and the following samples are as of February 2022. The FBI does not encourage paying ransoms. It may also embolden adversaries to target additional organizations,  encourage other criminal actors to engage in the distribution of ransomware, and/or fund illicit  activities. Doing so provides the FBI with critical information needed to prevent future       TLP:WHITE  TLP:WHITE  attacks by identifying and tracking ransomware attackers and holding them accountable under  US law. Recommended Mitigations:  FBI recommends network defenders apply the following mitigations to reduce the risk of  compromise by LockBit 2.0 ransomware:   Require all accounts with password logins (e.g., service account, admin accounts, and  domain admin accounts) to have strong, unique passwords. To limit an adversary from learning the organization’s enterprise environment, limit  common system and network discovery techniques by taking the following actions:   Segment networks to prevent the spread of ransomware. Network segmentation can  help prevent the spread of ransomware by controlling traffic flows between—and  access to—various subnetworks and by restricting adversary lateral movement.  Identify, detect, and investigate abnormal activity and potential traversal of the  indicated ransomware with a networking monitoring tool. To aid in detecting the  ransomware, implement a tool that logs and reports all network traffic, including lateral  movement activity on a network. CISA’s Ransomware Readiness Assessment (RRA) is a no-cost self-assessment based on a tiered  set of practices to help organizations better assess how well they are equipped to defend and  recover from a ransomware incident. CISA offers a range of no-cost cyber hygiene services to help critical infrastructure organizations  assess, identify, and reduce their exposure to threats, including ransomware."
Potential for Malicious Cyber Activities to Disrupt the 2022 Beijing Winter Olympics and Paralympics,2022-01-31,1,"{""Phishing/Spoofing"": 6, ""Ransomware"": 6, ""Botnet"": 3, ""Malware"": 10}","{""Phishing/Spoofing"": {""phishing"": 4, ""spoofing"": 1, ""spearphishing"": 1}, ""Extortion"": {}, ""Personal Data Breach"": {}, ""Non-Payment/Non-Delivery"": {}, ""Investment"": {}, ""Tech Support"": {}, ""Business Email Compromise"": {}, ""Identity Theft"": {}, ""Employment"": {}, ""Confidence/Romance"": {}, ""Government Impersonation"": {}, ""Credit Card/Check Fraud"": {}, ""Harassment/Stalking"": {}, ""Real Estate"": {}, ""Advanced Fee"": {}, ""Crimes Against Children"": {}, ""Lottery/Sweepstakes/Inheritance"": {}, ""Data Breach"": {}, ""Ransomware"": {""ransomware"": 5, ""ransoms"": 1}, ""Overpayment"": {}, ""IPR*/Copyright&Counterfeit"": {}, ""Threats of Violence"": {}, ""SIM Swap"": {}, ""Botnet"": {""distributed denial of service"": 1, ""ddos"": 2}, ""Malware"": {""malware"": 9, ""virus"": 1}, ""Cryptocurrency"": {}}","These  activities include distributed denial of service (DDoS) attacks, ransomware, malware, social engineering,  data theft or leaks, phishing campaigns, disinformation campaigns, or insider threats, and when  successful, can block or disrupt the live broadcast of the event, steal or leak sensitive data, or impact  public or private digital infrastructure supporting the Olympics. The National Olympic Committees in some  Western countries are also advising their athletes to leave personal devices at home or use temporary                                                             1 For more information on the malware risk associated with government-mandated software, please see FBI FLASH  AC-000129-TT, disseminated on 23 July 2020, titled “Tactics, Techniques, and Procedures Associated with Malware  within Chinese Government-Mandated Tax Software.”     TLP:WHITE      TLP:WHITE  phones due to cybersecurity concerns at the Games. Adversaries could use social  engineering and phishing campaigns leading up to and during the event to implant malware to disrupt  networks broadcasting the event. Cyber actors could use ransomware or other malicious tools and  services available for purchase to execute DDoS attacks against Internet service providers and television  broadcast companies to interrupt service during the Olympics. While there were no major cyber disruptions, the most popular attack methods used  were malware, email spoofing, phishing and the use of fake websites and streaming services designed to  look like official Olympic service providers. In addition, the use of new digital infrastructure and mobile applications, such as digital wallets or  applications that track COVID testing or vaccination status, could also increase the opportunity for cyber  actors to steal personal information or install tracking tools, malicious code, or malware. During the 2018 PyeongChang Winter Olympics, Russian cyber actors conducted a destructive cyber  attack against the opening ceremony, enabled through spearphishing campaigns and malicious mobile  applications. • Automatically update antivirus and anti-malware solutions and conduct regular virus and malware  scans. Ransomware Best Practices   The FBI does not recommend paying ransoms. Payment does not guarantee files will be recovered and  may embolden malicious cyber actors to target additional organizations, encourage other criminal  actors to engage in the distribution of malware, and/or may fund illicit activities. • Create, maintain, and exercise a basic cyber incident response plan that includes procedures for  response and notification in a ransomware incident and plans for the possibility of critical systems  being inaccessible for a period of time. To help prevent targeted social engineering,  ransomware, and phishing scams, ensure that employees and stakeholders are aware of potential  cyber threats and how they are delivered."
Context and Recommendations to Protect Against Malicious Activity by Iranian Cyber Group Emennet Pasargad,2022-01-26,1,"{""Malware"": 3, ""Phishing/Spoofing"": 2, ""Botnet"": 1}","{""Phishing/Spoofing"": {""spear-phishing"": 2}, ""Extortion"": {}, ""Personal Data Breach"": {}, ""Non-Payment/Non-Delivery"": {}, ""Investment"": {}, ""Tech Support"": {}, ""Business Email Compromise"": {}, ""Identity Theft"": {}, ""Employment"": {}, ""Confidence/Romance"": {}, ""Government Impersonation"": {}, ""Credit Card/Check Fraud"": {}, ""Harassment/Stalking"": {}, ""Real Estate"": {}, ""Advanced Fee"": {}, ""Crimes Against Children"": {}, ""Lottery/Sweepstakes/Inheritance"": {}, ""Data Breach"": {}, ""Ransomware"": {}, ""Overpayment"": {}, ""IPR*/Copyright&Counterfeit"": {}, ""Threats of Violence"": {}, ""SIM Swap"": {}, ""Botnet"": {""denial of service"": 1}, ""Malware"": {""virus"": 2, ""malware"": 1}, ""Cryptocurrency"": {}}","Recommendations   Ensure anti-virus and anti-malware software is enabled and signature definitions are updated regularly  in a timely manner. Well-maintained anti-virus software may prevent use of commonly deployed  attacker tools that are delivered via spear-phishing. Reputation services can be used to detect or prevent low-reputation email addresses,  files, URLs, and IP addresses used in spear-phishing attacks. By continuously sending a specifically crafted packet to the fxp0 interface, an attacker can repetitively crash the  rpd process causing prolonged Denial of Service (DoS)."
#StopRansomware: ALPHV Blackcat,2023-12-19,4,"{""Ransomware"": 16, ""Extortion"": 2, ""Phishing/Spoofing"": 6, ""SIM Swap"": 1, ""Malware"": 2, ""IPR*/Copyright&Counterfeit"": 1}","{""Phishing/Spoofing"": {""spoofing"": 1, ""phishing"": 4, ""phished"": 1}, ""Extortion"": {""extortion"": 1, ""extort"": 1}, ""Personal Data Breach"": {}, ""Non-Payment/Non-Delivery"": {}, ""Investment"": {}, ""Tech Support"": {}, ""Business Email Compromise"": {}, ""Identity Theft"": {}, ""Employment"": {}, ""Confidence/Romance"": {}, ""Government Impersonation"": {}, ""Credit Card/Check Fraud"": {}, ""Harassment/Stalking"": {}, ""Real Estate"": {}, ""Advanced Fee"": {}, ""Crimes Against Children"": {}, ""Lottery/Sweepstakes/Inheritance"": {}, ""Data Breach"": {}, ""Ransomware"": {""ransomware"": 14, ""ransom"": 2}, ""Overpayment"": {}, ""IPR*/Copyright&Counterfeit"": {""trademark"": 1}, ""Threats of Violence"": {}, ""SIM Swap"": {""sim swap"": 1}, ""Botnet"": {}, ""Malware"": {""malware"": 1, ""viruses"": 1}, ""Cryptocurrency"": {}}","Product ID: AA23-353A December 19, 2023 Co-Authored by:  TLP:CLEAR TLP:CLEAR #StopRansomware: ALPHV Blackcat  SUMMARY  Note: This joint Cybersecurity Advisory (CSA) is part of an  ongoing #StopRansomware effort to publish advisories for  network defenders that detail various ransomware variants  and ransomware threat actors. These #StopRansomware  advisories include recently and historically observed tactics,  techniques, and procedures (TTPs) and indicators of  compromise (IOCs) to help organizations protect against  ransomware. The Federal Bureau of Investigation (FBI), the  Cybersecurity and Infrastructure Security Agency (CISA),  and the Department of Health and Human Services (HHS)  are releasing this joint CSA to disseminate known IOCs and  TTPs associated with the ALPHV Blackcat ransomware as  a service (RaaS) identified through FBI investigations as  recently as February 2024. This advisory provides updates to the FBI FLASH BlackCat/ALPHV Ransomware Indicators of  Compromise released April 19, 2022, and to this advisory released December 19, 2023. Actions to take today to mitigate  against the threat of ransomware:   Routinely take inventory of assets  and data to identify authorized  and unauthorized devices and  software. In February 2023, ALPHV Blackcat administrators announced the ALPHV Blackcat Ransomware 2.0  Sphynx update, which was rewritten to provide additional features to affiliates, such as better defense  evasion and additional tooling. ALPHV Blackcat affiliates have extensive  networks and experience with ransomware and data extortion operations. The ransomware is then deployed, and the  ransom note is embedded as a file.txt. Some ALPHV Blackcat affiliates exfiltrate data after gaining access and extort victims without  deploying ransomware. ALPHV Blackcat affiliates offer to provide unsolicited cyber remediation advice as an incentive for  payment, offering to provide victims with “vulnerability reports” and “security recommendations”  detailing how they penetrated the system and how to prevent future re-victimization upon receipt of  ransom payment. To report spoofing or phishing attempts (or to report that you’ve been a victim), file a complaint  with the FBI’s Internet Crime Complaint Center (IC3), or contact your local FBI Field Office to  report an incident. These MFA implementations are  resistant to phishing and not susceptible to push bombing or SIM swap attacks, which are  techniques known be used by ALPHV Blackcat affiliates. See CISA’s Fact Sheet  Implementing Phishing-Resistant MFA for more information. •  Identify, detect, and investigate abnormal activity and potential traversal of the  indicated ransomware with a networking monitoring tool. To aid in detecting ransomware,  implement a tool that logs and reports all network traffic [CPG 5.1][HPH CPG – Detect and  Respond to Relevant Threats and Tactics, Techniques and Procedures], including lateral  movement activity on a network. FBI, CISA, and HHS recommend  that software manufactures incorporate secure  by design principles and tactics into their  software development practices limiting the  impact of ransomware techniques, thus,  strengthening the security posture for their  customers. •  Implement user training on social engineering and phishing attacks [CPG 2.I][HPH CPG  – Basic Cybersecurity Training]. Monitoring internal mail and  messaging traffic to identify suspicious activity is essential as users may be phished from  outside the targeted network or without the knowledge of the organizational security team. Antivirus software recognizes malware and protects  your computer against it. Because attackers are continually creating new  viruses and other forms of malicious code, it is important to keep your antivirus software up to  date. •  No-cost cyber hygiene services: Cyber Hygiene Services and Ransomware Readiness  Assessment. Any reference to specific commercial entities,  products, processes, or services by service mark, trademark, manufacturer, or otherwise, does not  constitute or imply endorsement, recommendation, or favoring by FBI, CISA, and HHS."
#StopRansomware: Play Ransomware,2023-12-18,4,"{""Ransomware"": 63, ""Data Breach"": 1, ""Extortion"": 3, ""Malware"": 10, ""Cryptocurrency"": 2, ""IPR*/Copyright&Counterfeit"": 1}","{""Phishing/Spoofing"": {}, ""Extortion"": {""extortion"": 3}, ""Personal Data Breach"": {}, ""Non-Payment/Non-Delivery"": {}, ""Investment"": {}, ""Tech Support"": {}, ""Business Email Compromise"": {}, ""Identity Theft"": {}, ""Employment"": {}, ""Confidence/Romance"": {}, ""Government Impersonation"": {}, ""Credit Card/Check Fraud"": {}, ""Harassment/Stalking"": {}, ""Real Estate"": {}, ""Advanced Fee"": {}, ""Crimes Against Children"": {}, ""Lottery/Sweepstakes/Inheritance"": {}, ""Data Breach"": {""data leak"": 1}, ""Ransomware"": {""ransomware"": 57, ""ransom"": 6}, ""Overpayment"": {}, ""IPR*/Copyright&Counterfeit"": {""trademark"": 1}, ""Threats of Violence"": {}, ""SIM Swap"": {}, ""Botnet"": {}, ""Malware"": {""virus"": 6, ""malware"": 4}, ""Cryptocurrency"": {""cryptocurrency"": 1, ""bitcoin"": 1}}","TLP:CLEAR Product ID: AA23-352A December 18, 2023 Co-Authored by:  TLP:CLEAR #StopRansomware: Play Ransomware  SUMMARY  Note: This joint Cybersecurity Advisory (CSA) is part  of an ongoing #StopRansomware effort to publish  advisories for network defenders that detail various  ransomware variants and ransomware threat actors. These  #StopRansomware  advisories  include  recently  and  historically  observed  tactics,  techniques, and procedures (TTPs) and indicators of  compromise (IOCs) to help organizations protect  against ransomware. The Federal Bureau of Investigation (FBI), Cybersecurity and Infrastructure Security Agency (CISA),  and Australian Signals Directorate’s Australian Cyber Security Centre (ASD's ACSC) are releasing  this joint CSA to disseminate the Play ransomware group’s IOCs and TTPs identified through FBI  investigations as recently as October 2023. Since June 2022, the Play (also known as Playcrypt) ransomware group has impacted a wide range  of businesses and critical infrastructure in North America, South America, and Europe. As of October  2023, the FBI was aware of approximately 300 affected entities allegedly exploited by the  ransomware actors. In Australia, the first Play ransomware incident was observed in April 2023, and most recently in  November 2023. The Play ransomware group is presumed to be a closed group, designed to “guarantee the secrecy of  deals,” according to a statement on the group’s data leak website. Play ransomware actors employ a  double-extortion model, encrypting systems after exfiltrating data. Ransom notes do not include an  Actions to take today to mitigate cyber  threats from Play ransomware:  • Prioritize remediating known exploited  vulnerabilities. The FBI, CISA, and ASD’s ACSC encourage organizations to implement the recommendations in the  Mitigations section of this CSA to reduce the likelihood and impact of ransomware incidents. Initial Access  The Play ransomware group gains initial access to victim networks through the abuse of valid  accounts [T1078] and exploitation of public-facing applications [T1190], specifically through known  FortiOS (CVE-2018-13379 and CVE-2020-12812) and Microsoft Exchange (ProxyNotShell [CVE- 2022-41040 and CVE-2022-41082]) vulnerabilities. Play ransomware actors have been observed to  use external-facing services [T1133] such as Remote Desktop Protocol (RDP) and Virtual Private  Networks (VPN) for initial access. Discovery and Defense Evasion  Play ransomware actors use tools like AdFind to run Active Directory queries [TA0007] and Grixba  [1], an information-stealer, to enumerate network information [T1016] and scan for anti-virus software  [T1518.001]. Actors also use tools like GMER, IOBit, and PowerTool to disable anti-virus software  [T1562.001] and remove log files [T1070.001]. In some instances, cybersecurity researchers have  observed Play ransomware actors using PowerShell scripts to target Microsoft Defender.[2]  Lateral Movement and Execution  Play ransomware actors use command and control (C2) applications, including Cobalt Strike and  SystemBC, and tools like PsExec, to assist with lateral movement and file execution. Once  established on a network, the ransomware actors search for unsecured credentials [T1552] and use  the Mimikatz credential dumper to gain domain administrator access [T1003]. According to open  source reporting [2], to further enumerate vulnerabilities, Play ransomware actors use Windows  Privilege Escalation Awesome Scripts (WinPEAS) [T1059] to search for additional privilege escalation  paths. [3] (Note: System files are skipped during the encryption  process.) A .play extension is added to file names and a ransom note titled ReadMe[.]txt is placed  in file directory C:. Impact  The Play ransomware group uses a double-extortion model [T1657], encrypting systems after  exfiltrating data. Ransom payments are paid in cryptocurrency to wallet addresses  provided by Play actors. If a victim refuses to pay the ransom demand, the ransomware actors  threaten to publish exfiltrated data to their leak site on the Tor network ([.]onion URL). Leveraged Tools  Table 1 lists legitimate tools Play ransomware actors have repurposed for their operations. Table 1: Tools Leveraged by Play Ransomware Actors  Name  Description  AdFind  Used to query and retrieve information from Active Directory. IOBit  An anti-malware and anti-virus program for the Microsoft Windows operating  system. Play actors have accessed IOBit to disable anti-virus software. Play ransomware actors have used it to assist with  lateral movement and file execution. Table 2: Hashes Associated with Play Ransomware Actors  Hashes (SHA256)  Description  453257c3494addafb39cb6815862403e827947a1e7737eb8168cd10522465deb  Play ransomware  custom data  gathering tool  47c7cee3d76106279c4c28ad1de3c833c1ba0a2ec56b0150586c7e8480ccae57  Play ransomware  encryptor  75404543de25513b376f097ceb383e8efb9c9b95da8945fd4aa37c7b2f226212  SystemBC  malware EXE  7a42f96599df8090cf89d6e3ce4316d24c6c00e499c8557a2e09d61c00c11986  SystemBC  malware DLL  7a6df63d883bbccb315986c2cfb76570335abf84fafbefce047d126b32234af8  Play ransomware  binary  7dea671be77a2ca5772b86cf8831b02bff0567bce6a3ae023825aa40354f8aca  SystemBC  malware DLL  Name  Description  Mimikatz  Allows users to view and save authentication credentials such as Kerberos  tickets. Play ransomware actors have used it to add accounts to domain  controllers. Play ransomware actors have used it to transfer data  [T1048] from a compromised network to actor-controlled accounts. Microsoft Nltest  Used by Play ransomware actors for network discovery. Nekto / PriviCMD  Used by Play ransomware actors for privilege escalation. Table 3: Play ATT&CK Techniques for Enterprise for Initial Access  Technique Title  ID  Use  Valid Accounts  T1078  Play ransomware actors obtain and abuse  existing account credentials to gain initial access. Exploit Public Facing Application  T1190  Play ransomware actors exploit vulnerabilities in  internet-facing systems to gain access to  networks. External Remote Services  T1133  Play ransomware actors have used remote  access services, such as RDP/VPN connection  to gain initial access. Table 4: Play ATT&CK Techniques for Enterprise for Discovery  Technique Title  ID  Use  System Network Configuration  Discovery  T1016  Play ransomware actors use tools like Grixba to  identify network configurations and settings. Software Discovery: Security  Software Discovery  T1518.001  Play ransomware actors scan for anti-virus  software. Table 5: Play ATT&CK Techniques for Enterprise for Defense Evasion  Technique Title  ID  Use  Impair Defenses: Disable or  Modify Tools  T1562.001  Play ransomware actors use tools like GMER,  IOBit, and PowerTool to disable anti-virus  software. Indicator Removal: Clear  Windows Event Logs  T1070.001  Play ransomware actors delete logs or other  indicators of compromise to hide intrusion  activity. OS Credential Dumping  T1003  Play ransomware actors use tools like Mimikatz  to dump credentials. Table 7: Play ATT&CK Techniques for Enterprise for Lateral Movement  Technique Title  ID  Use  Lateral Tool Transfer  T1570  Play ransomware actors distribute executables  within the compromised environment. Table 8: Play ATT&CK Techniques for Enterprise for Command and Control  Technique Title  ID  Use  Domain Policy Modification:  Group Policy Modification  T1484.001  Play ransomware actors distribute executables  via Group Policy Objects. Table 9: Play ATT&CK Techniques for Enterprise for Collection  Technique Title  ID  Use  Archive Collected Data: Archive  via Utility   T1560.001  Play ransomware actors use tools like WinRAR  to compress files. Table 10: Play ATT&CK Techniques for Enterprise for Exfiltration  Technique Title  ID  Use  Exfiltration Over Alternative  Protocol  T1048  Play ransomware actors use file transfer tools  like WinSCP to transfer data. Table 11: Play ATT&CK Techniques for Enterprise for Impact  Technique Title  ID  Use  Data Encrypted for Impact  T1486  Play ransomware actors encrypt data on target  systems to interrupt availability to system and  network resources. Financial Theft  T1657  Play ransomware actors use a double-extortion  model for financial gain. The FBI, CISA, and ASD’s  ACSC  recommend  that  software  manufacturers incorporate secure-by- design and -default principles and tactics  into their software development practices  to limit the impact of ransomware  techniques  (such  as  threat  actors  leveraging backdoor vulnerabilities into  remote  software  systems),  thus,  strengthening the security posture for  their customers. •  Segment networks [CPG 2.F] to prevent the spread of ransomware. Network segmentation  can help prevent the spread of ransomware by controlling traffic flows between—and access  to—various subnetworks and by restricting adversary lateral movement. •  Identify, detect, and investigate abnormal activity and potential traversal of the  indicated ransomware with a networking monitoring tool. To aid in detecting the  ransomware, implement a tool that logs and reports all network traffic, including lateral  movement activity on a network [CPG 1.E]. •  Resource to mitigate a ransomware attack: #StopRansomware Guide. •  No-cost cyber hygiene services: Cyber Hygiene Services and Ransomware Readiness  Assessment. REPORTING  The FBI is seeking any information that can be shared, to include boundary logs showing  communication to and from foreign IP addresses, a sample ransom note, communications with Play  ransomware actors, Bitcoin wallet information, decryptor files, and/or a benign sample of an  encrypted file. The FBI, CISA, and ASD’s ACSC do not encourage paying ransom as payment does not guarantee  victim files will be recovered. Any reference to specific commercial entities,  products, processes, or services by service mark, trademark, manufacturer, or otherwise, does not  constitute or imply endorsement, recommendation, or favoring by CISA or the FBI. REFERENCES  [1] Symantec: Play Ransomware Group Using New Custom Data-Gathering Tools  [2] TrendMicro: Play Ransomware Spotlight  [3] SentinelLabs: Ransomware Developers Turn to Intermittent Encryption to Evade Detection"
Russian Foreign Intelligence Service (SVR) Exploiting JetBrains TeamCity CVE Globally,2023-12-13,4,"{""Phishing/Spoofing"": 2, ""Malware"": 5, ""IPR*/Copyright&Counterfeit"": 1}","{""Phishing/Spoofing"": {""spearphishing"": 1, ""phishing"": 1}, ""Extortion"": {}, ""Personal Data Breach"": {}, ""Non-Payment/Non-Delivery"": {}, ""Investment"": {}, ""Tech Support"": {}, ""Business Email Compromise"": {}, ""Identity Theft"": {}, ""Employment"": {}, ""Confidence/Romance"": {}, ""Government Impersonation"": {}, ""Credit Card/Check Fraud"": {}, ""Harassment/Stalking"": {}, ""Real Estate"": {}, ""Advanced Fee"": {}, ""Crimes Against Children"": {}, ""Lottery/Sweepstakes/Inheritance"": {}, ""Data Breach"": {}, ""Ransomware"": {}, ""Overpayment"": {}, ""IPR*/Copyright&Counterfeit"": {""trademark"": 1}, ""Threats of Violence"": {}, ""SIM Swap"": {}, ""Botnet"": {}, ""Malware"": {""malware"": 4, ""virus"": 1}, ""Cryptocurrency"": {}}","A decade ago, public reports about SVR cyber activity focused largely on the SVR’s spearphishing  operations, targeting government agencies, think tanks and policy analysis organizations, educational  institutions, and political organizations. The SVR’s use of  spear phishing operations are visible today in its ongoing Diplomatic Orbiter campaign, primarily  targeting diplomatic agencies. In July 2020, U.S., U.K., and Canadian Governments jointly published  an advisory revealing the SVR’s exploitation of CVEs to gain initial access to networks, and its  deployment of custom malware known as WellMess, WellMail, and Sorefang to target organizations  involved in COVID-19 vaccine development.c Although not listed in the 2020 advisory, the authoring  agencies can now disclose that the SVR’s WellMess campaign also targeted energy companies. To further enable obfuscation, data exchanged with malware  via OneDrive and Dropbox were hidden inside randomly generated BMP files [T1564], illustrated  below:      g Please see Appendix A for a list of commands used by the SVR to avoid detection. API keys are hardcoded into the malware. Disable or Modify Tools  T1562.001  SVR cyber actors may modify and/or  disable tools to avoid possible  detection of their malware/tools and  activities. •  Ensure host-based anti-virus/endpoint monitoring solutions are enabled and set to alert if  monitoring or reporting is disabled, or if communication is lost with a host agent for more than a  reasonable amount of time. Any reference to  specific commercial entities, products, processes, or services by service mark, trademark,  manufacturer, or otherwise, does not constitute or imply endorsement, recommendation, or favoring  by FBI, CISA, NSA, SKW, CERT Polska, and NCSC."
Karakurt Data Extortion Group,2023-12-12,4,"{""Extortion"": 5, ""Harassment/Stalking"": 2, ""Ransomware"": 19, ""Phishing/Spoofing"": 7, ""Business Email Compromise"": 2, ""Cryptocurrency"": 1}","{""Phishing/Spoofing"": {""phishing"": 5, ""spearphishing"": 2}, ""Extortion"": {""extortion"": 5}, ""Personal Data Breach"": {}, ""Non-Payment/Non-Delivery"": {}, ""Investment"": {}, ""Tech Support"": {}, ""Business Email Compromise"": {""business email"": 1, ""compromised email"": 1}, ""Identity Theft"": {}, ""Employment"": {}, ""Confidence/Romance"": {}, ""Government Impersonation"": {}, ""Credit Card/Check Fraud"": {}, ""Harassment/Stalking"": {""harassing"": 1, ""harassment"": 1}, ""Real Estate"": {}, ""Advanced Fee"": {}, ""Crimes Against Children"": {}, ""Lottery/Sweepstakes/Inheritance"": {}, ""Data Breach"": {}, ""Ransomware"": {""ransoms"": 1, ""ransomware"": 11, ""ransom"": 7}, ""Overpayment"": {}, ""IPR*/Copyright&Counterfeit"": {}, ""Threats of Violence"": {}, ""SIM Swap"": {}, ""Botnet"": {}, ""Malware"": {}, ""Cryptocurrency"": {""bitcoin"": 1}}","TLP:WHITE  Product ID: AA22-152A June 1, 2022 TLP: WHITE Co-Authored by:  Karakurt Data Extortion Group   SUMMARY  The Federal Bureau of Investigation (FBI), the  Cybersecurity and Infrastructure Security Agency  (CISA), the Department of the Treasury (Treasury),  and the Financial Crimes Enforcement Network  (FinCEN) are releasing this joint Cybersecurity  Advisory (CSA) to provide information on the  Karakurt data extortion group, also known as the  Karakurt Team and Karakurt Lair. Karakurt actors have contacted victims’ employees, business partners, and clients  [T1591.002] with harassing emails and phone calls to pressure the victims to cooperate. Upon payment of  ransoms, Karakurt actors have provided some form of proof of deletion of files and, occasionally, a  brief statement explaining how the initial intrusion occurred. Actions to take today to mitigate cyber  threats from ransomware:  •  Prioritize patching known  exploited vulnerabilities. •  Train users to recognize and  report phishing attempts. Intrusion brokers then sell access to these compromised computer systems to other  cybercriminal actors, such as those engaged in ransomware, business email  compromise, corporate and government espionage, etc. Extortion  Following the exfiltration of data, Karakurt actors present the victim with ransom notes by way of  “readme.txt” files, via emails sent to victim employees over the compromised email networks, and  emails sent to victim employees from external email accounts. The ransom notes reveal the victim  has been hacked by the “Karakurt Team” and threaten public release or auction of the stolen data. Karakurt victims have reported extensive harassment campaigns by Karakurt actors in which  employees, business partners, and clients receive numerous emails and phone calls warning the  recipients to encourage the victims to negotiate with the actors to prevent the dissemination of victim  data. Upon reaching an  agreement on the price of the stolen data with the victims, Karakurt actors provided a Bitcoin  address—usually a new, previously unused address—to which ransom payments could be made. Upon receiving the ransom, Karakurt actors provide some form of alleged proof of deletion of the  stolen files, such as a screen recording of the files being deleted, a deletion log, or credentials for a  victim to log into a storage server and delete the files themselves. Although Karakurt’s primary extortion leverage is a promise to delete stolen data and keep the  incident confidential, some victims reported Karakurt actors did not maintain the confidentiality of  victim information after a ransom was paid. government strongly discourage the  payment of any ransom to Karakurt threat actors, or any cyber criminals promising to delete stolen  files in exchange for payments. In some cases, Karakurt actors have conducted extortion against victims previously attacked by other  ransomware variants. Karakurt actors have also targeted victims at the same time these victims were  under attack by other ransomware actors. In such cases, victims received ransom notes from multiple  ransomware variants simultaneously, suggesting Karakurt actors purchased access to a  compromised system that was also sold to another ransomware actor. Phishing  T1566  Karakurt actors have used phishing  and spearphishing to obtain access to  victims' networks. Phishing – Spearphishing  Attachment  T1566.001  Karakurt actors have sent malicious  macros as email attachments to gain  initial access. Regularly provide users with training on  information security principles and techniques as well as overall emerging cybersecurity risks  and vulnerabilities (i.e., ransomware and phishing scams). government’s  one-stop location for resources to tackle ransomware more effectively. •  CISA’s Ransomware Readiness Assessment is a no-cost self-assessment based on a tiered  set of practices to help organizations better assess how well they are equipped to defend and  recover from a ransomware incident. •  CISA offers a range of no-cost cyber hygiene services to help critical infrastructure  organizations assess, identify, and reduce their exposure to threats, including ransomware."
Russian FSB Cyber Actor Star Blizzard Continues Worldwide Spear-phishing Campaigns,2023-12-08,4,"{""Phishing/Spoofing"": 20, ""Business Email Compromise"": 2}","{""Phishing/Spoofing"": {""spear-phishing"": 15, ""phishing"": 5}, ""Extortion"": {}, ""Personal Data Breach"": {}, ""Non-Payment/Non-Delivery"": {}, ""Investment"": {}, ""Tech Support"": {}, ""Business Email Compromise"": {""business email"": 1, ""compromised email"": 1}, ""Identity Theft"": {}, ""Employment"": {}, ""Confidence/Romance"": {}, ""Government Impersonation"": {}, ""Credit Card/Check Fraud"": {}, ""Harassment/Stalking"": {}, ""Real Estate"": {}, ""Advanced Fee"": {}, ""Crimes Against Children"": {}, ""Lottery/Sweepstakes/Inheritance"": {}, ""Data Breach"": {}, ""Ransomware"": {}, ""Overpayment"": {}, ""IPR*/Copyright&Counterfeit"": {}, ""Threats of Violence"": {}, ""SIM Swap"": {}, ""Botnet"": {}, ""Malware"": {}, ""Cryptocurrency"": {}}","7 December 2023   Crown Copyright 2023  Advisory  Russian FSB cyber actor Star  Blizzard continues worldwide  spear-phishing campaigns. Russian FSB cyber actor Star  Blizzard continues worldwide  spear-phishing campaigns  The Russia-based actor is targeting organisations and  individuals in the UK and other geographical areas of  interest Overview  The Russia-based actor Star Blizzard (formerly known as SEABORGIUM, also  known as Callisto Group/TA446/COLDRIVER/TAG-53/BlueCharlie) continues  to successfully use spear-phishing attacks against targeted organisations  and individuals in the UK, and other geographical areas of interest, for  information-gathering activity. This advisory raises awareness of the spear-phishing techniques Star  Blizzard uses to target individuals and organisations. Outline of the attacks  The activity is typical of spear-phishing campaigns, where an actor targets  a specific individual or group using information known to be of interest to  the targets. In a spear-phishing campaign, an actor perceives their target  to have direct access to information of interest, be an access vector to  another target, or both. Preference for personal email addresses  Star Blizzard has predominantly sent spear-phishing emails to targets’  personal email addresses, although they have also used targets’ corporate  or business email addresses. Delivery of malicious link  Once trust is established, the attacker uses typical phishing tradecraft and  shares a link [T1566.002], apparently to a document or website of interest. They have also used compromised email accounts for further  phishing activity [T1586.002]. Conclusion  Spear-phishing is an established technique used by many actors, and Star  Blizzard uses it successfully, evolving the technique to maintain their  success. In the UK you can report related suspicious activity to the NCSC  Information on effective defence against spear-phishing is included in the  ‘Mitigation’ section below. Resource  Development  T1585.0 02  Establish Accounts: Email  Accounts  Star Blizzard registers consumer  email accounts matching the names  of individuals they are impersonating  to conduct spear-phishing activity. Resource  Development  T1583.0 01  Acquire Infrastructure:  Domains  Star Blizzard registers domains to  host their phishing framework. Tactic  ID  Technique  Procedure  Resource  Development  T1586.0 02  Compromise Accounts:  Email Accounts  Star Blizzard has been observed  using compromised victim email  accounts to conduct spear-phishing  activity against contacts of the  original victim. Initial Access  T1566.0 01  Phishing: Spear-phishing  Attachment  Star Blizzard uses malicious links  embedded in email attachments to  direct victims to their credential- stealing sites. Initial Access  T1566.0 02  Phishing: Spear-phishing  Link  Star Blizzard sends spear-phishing  emails with malicious links directly to  credential-stealing sites, or to  documents hosted on a file-sharing  site, which then direct victims to  credential-stealing sites. Spear-phishing emails are tailored to avoid suspicion."
The Case for Memory Safe Roadmaps,2023-12-06,4,"{""Investment"": 8, ""Malware"": 2, ""Data Breach"": 1, ""Crimes Against Children"": 1, ""IPR*/Copyright&Counterfeit"": 1}","{""Phishing/Spoofing"": {}, ""Extortion"": {}, ""Personal Data Breach"": {}, ""Non-Payment/Non-Delivery"": {}, ""Investment"": {""investing"": 1, ""investments"": 4, ""investment"": 3}, ""Tech Support"": {}, ""Business Email Compromise"": {}, ""Identity Theft"": {}, ""Employment"": {}, ""Confidence/Romance"": {}, ""Government Impersonation"": {}, ""Credit Card/Check Fraud"": {}, ""Harassment/Stalking"": {}, ""Real Estate"": {}, ""Advanced Fee"": {}, ""Crimes Against Children"": {""child"": 1}, ""Lottery/Sweepstakes/Inheritance"": {}, ""Data Breach"": {""data leaks"": 1}, ""Ransomware"": {}, ""Overpayment"": {}, ""IPR*/Copyright&Counterfeit"": {""trademark"": 1}, ""Threats of Violence"": {}, ""SIM Swap"": {}, ""Botnet"": {}, ""Malware"": {""malware"": 2}, ""Cryptocurrency"": {}}","These vulnerabilities persist despite software manufacturers  historically expending significant resources attempting to reduce their prevalence and  impact through various methods, including analyzing, patching, publishing new code and  investing in training programs for developers. Additionally, investments  to migrate unsafe codebases to MSLs would pay long-term dividends in the form of safer  products—defraying some of the upfront cost of transitioning to MSLs. For example, a malicious actor may send a  carefully crafted payload to an application that corrupts the application’s memory, then  causing it to run malware. Alternatively, a malicious actor may send a malformed image file  that includes malware to create an interactive shell on the victim system. However, actors have also identified techniques on  the exploit side to bypass these mitigations, such as identifying data leaks and ROP. The UK government’s Digital Security by Design (DSBD)  program brought together £70m of government funding with £117m of industry co- investment to develop the technology further.32 In addition to a range of academic and  industry-supported research and development activities, the program enabled Arm to ship  its CHERI-enabled Morello prototype processor, system-on-chip (SoC), and board in January  2022. At the same time, the authoring agencies acknowledge the commercial reality that  transitioning to MSLs will involve significant investments and executive attention. Although there is an  upfront cost in migrating codebases to MSLs, these investments will improve product  reliability, quality, and—critically—customer security. The wrapping application will need to ensure all inputs cannot  exceed memory bounds within the child application. The cost to master new  programming languages and update coursework is considerable, and few professors have  spare time to make that investment in addition to fulfilling their other obligations. However, regardless of approach, the goal should be  the same: To set a public timeline with clear milestones to demonstrate to customers  that they are making urgent investments to solve this problem. Any reference to specific commercial products,  processes, or services by service mark, trademark, manufacturer, or otherwise does not  constitute or imply endorsement, recommendation, or favoring. “Digital Security by Design Driving Investment in the Automotive Sector and Embedded Systems  - Innovate UK KTN.” Innovate UK KTN (blog)."
"IRGC-Affiliated Cyber Actors Exploit PLCs in Multiple Sectors, Including U.S. Water and Wastewater Systems Facilities",2023-12-01,4,"{""Phishing/Spoofing"": 1, ""IPR*/Copyright&Counterfeit"": 1}","{""Phishing/Spoofing"": {""phishing"": 1}, ""Extortion"": {}, ""Personal Data Breach"": {}, ""Non-Payment/Non-Delivery"": {}, ""Investment"": {}, ""Tech Support"": {}, ""Business Email Compromise"": {}, ""Identity Theft"": {}, ""Employment"": {}, ""Confidence/Romance"": {}, ""Government Impersonation"": {}, ""Credit Card/Check Fraud"": {}, ""Harassment/Stalking"": {}, ""Real Estate"": {}, ""Advanced Fee"": {}, ""Crimes Against Children"": {}, ""Lottery/Sweepstakes/Inheritance"": {}, ""Data Breach"": {}, ""Ransomware"": {}, ""Overpayment"": {}, ""IPR*/Copyright&Counterfeit"": {""trademark"": 1}, ""Threats of Violence"": {}, ""SIM Swap"": {}, ""Botnet"": {}, ""Malware"": {}, ""Cryptocurrency"": {}}","  Support multifactor authentication, including via phishing-resistant methods. Any reference to specific commercial entities, products,  processes, or services by service mark, trademark, manufacturer, or otherwise, does not constitute or  imply endorsement, recommendation, or favoring by CISA and co-sealers."
Guidelines for secure AI system development,2023-11-28,4,"{""Investment"": 1, ""Threats of Violence"": 1, ""IPR*/Copyright&Counterfeit"": 1, ""Credit Card/Check Fraud"": 1}","{""Phishing/Spoofing"": {}, ""Extortion"": {}, ""Personal Data Breach"": {}, ""Non-Payment/Non-Delivery"": {}, ""Investment"": {""investment"": 1}, ""Tech Support"": {}, ""Business Email Compromise"": {}, ""Identity Theft"": {}, ""Employment"": {}, ""Confidence/Romance"": {}, ""Government Impersonation"": {}, ""Credit Card/Check Fraud"": {""credit card"": 1}, ""Harassment/Stalking"": {}, ""Real Estate"": {}, ""Advanced Fee"": {}, ""Crimes Against Children"": {}, ""Lottery/Sweepstakes/Inheritance"": {}, ""Data Breach"": {}, ""Ransomware"": {}, ""Overpayment"": {}, ""IPR*/Copyright&Counterfeit"": {""trademark"": 1}, ""Threats of Violence"": {""harm"": 1}, ""SIM Swap"": {}, ""Botnet"": {}, ""Malware"": {}, ""Cryptocurrency"": {}}","Identify, track and protect your assets You understand the value to your organisation of your AI-related assets, including models, data  (including user feedback), prompts, software, documentation, logs and assessments (including  information about potentially unsafe capabilities and failure modes), recognising where they represent  significant investment and where access to them enables an attacker. This will also help mitigate standard cyber  security attacks which aim to steal a model or harm its performance. Here defined as a person, public authority, agency or other body that develops an AI system (or that  has an AI system developed) and places that system on the market or puts it into service under its  own name or trademark 2. Google research: Machine Learning: The High Interest Credit Card of Technical Debt 13."
#StopRansomware: LockBit 3.0 Ransomware Affiliates Exploit CVE 2023-4966 Citrix Bleed Vulnerability,2023-11-21,4,"{""Ransomware"": 16, ""Malware"": 3, ""Phishing/Spoofing"": 1, ""Cryptocurrency"": 1}","{""Phishing/Spoofing"": {""phishing"": 1}, ""Extortion"": {}, ""Personal Data Breach"": {}, ""Non-Payment/Non-Delivery"": {}, ""Investment"": {}, ""Tech Support"": {}, ""Business Email Compromise"": {}, ""Identity Theft"": {}, ""Employment"": {}, ""Confidence/Romance"": {}, ""Government Impersonation"": {}, ""Credit Card/Check Fraud"": {}, ""Harassment/Stalking"": {}, ""Real Estate"": {}, ""Advanced Fee"": {}, ""Crimes Against Children"": {}, ""Lottery/Sweepstakes/Inheritance"": {}, ""Data Breach"": {}, ""Ransomware"": {""ransomware"": 14, ""ransom"": 2}, ""Overpayment"": {}, ""IPR*/Copyright&Counterfeit"": {}, ""Threats of Violence"": {}, ""SIM Swap"": {}, ""Botnet"": {}, ""Malware"": {""malware"": 3}, ""Cryptocurrency"": {""bitcoin"": 1}}","Product ID: AA23-325A November 21, 2023 Authored by:    TLP:CLEAR  TLP:CLEAR #StopRansomware: LockBit 3.0 Ransomware  Affiliates Exploit CVE 2023-4966 Citrix Bleed  Vulnerability  SUMMARY  Note: This joint Cybersecurity Advisory (CSA) is part of an ongoing #StopRansomware effort to  publish advisories for network defenders that detail various ransomware variants and ransomware  threat actors. These #StopRansomware advisories include recently and historically observed tactics,  techniques, and procedures (TTPs) and indicators of compromise (IOCs) to help organizations  protect against ransomware. The Cybersecurity and Infrastructure Security Agency (CISA), Federal Bureau of Investigation (FBI),  Multi-State Information Sharing & Analysis Center (MS-ISAC), and Australian Signals Directorate’s  Australian Cyber Security Center (ASD’s ACSC) are releasing this joint Cybersecurity Advisory (CSA)  to disseminate IOCs, TTPs, and detection methods associated with LockBit 3.0 ransomware  exploiting CVE-2023-4966, labeled Citrix Bleed, affecting Citrix NetScaler web application delivery  control (ADC) and NetScaler Gateway appliances. Observed TTPs for LockBit ransomware attacks can vary significantly in observed TTPs. This vulnerability provides  threat actors, including LockBit 3.0 ransomware affiliates, the capability to bypass MFA [T1556.006]  and hijack legitimate user sessions [T1563]. Threat Actor Activity  Malware identified in this campaign is generated beginning with the execution of a PowerShell script  (123.ps1) which concatenates two base64 strings together, converts them to bytes, and writes them  to the designated file path. Other observed activities include the use of a variety of TTPs commonly associated with ransomware  activity. For example, LockBit 3.0 affiliates have been observed using AnyDesk and Splashtop remote  management and monitoring (RMM), Batch and PowerShell scripts, the execution of HTA files using  the Windows native utility mshta.exe and other common software tools typically associated with  ransomware incidents. Once the file path is returned, the malware loads the  accompanying DLL file called a.dll into the running LSASS process. If the DLL is correctly loaded,  then the malware outputs the message ""[*]success"" in the console. o Apply phishing-resistant multifactor authentication (MFA). •  The Joint Ransomware Guide provides preparation, prevention, and mitigation best practices  as well as a ransomware response checklist. •  Cyber Hygiene Services and Ransomware Readiness Assessment provide no-cost cyber  hygiene and ransomware readiness assessment services. REPORTING  The FBI is seeking any information that can be shared, to include boundary logs showing  communication to and from foreign IP addresses, a sample ransom note, communications with  LockBit 3.0 affiliates, Bitcoin wallet information, decryptor files, and/or a benign sample of an  encrypted file. The FBI and CISA do not encourage paying ransom as payment does not guarantee  victim files will be recovered. Furthermore, payment may also embolden adversaries to target  additional organizations, encourage other criminal actors to engage in the distribution of ransomware,  and/or fund illicit activities."
Scattered Spider,2023-11-16,4,"{""Extortion"": 5, ""Ransomware"": 13, ""Phishing/Spoofing"": 17, ""Malware"": 4, ""SIM Swap"": 1, ""Cryptocurrency"": 1, ""IPR*/Copyright&Counterfeit"": 1}","{""Phishing/Spoofing"": {""phishing"": 12, ""smishing"": 4, ""spearphishing"": 1}, ""Extortion"": {""extortion"": 5}, ""Personal Data Breach"": {}, ""Non-Payment/Non-Delivery"": {}, ""Investment"": {}, ""Tech Support"": {}, ""Business Email Compromise"": {}, ""Identity Theft"": {}, ""Employment"": {}, ""Confidence/Romance"": {}, ""Government Impersonation"": {}, ""Credit Card/Check Fraud"": {}, ""Harassment/Stalking"": {}, ""Real Estate"": {}, ""Advanced Fee"": {}, ""Crimes Against Children"": {}, ""Lottery/Sweepstakes/Inheritance"": {}, ""Data Breach"": {}, ""Ransomware"": {""ransomware"": 10, ""ransom"": 3}, ""Overpayment"": {}, ""IPR*/Copyright&Counterfeit"": {""trademark"": 1}, ""Threats of Violence"": {}, ""SIM Swap"": {""sim swap"": 1}, ""Botnet"": {}, ""Malware"": {""malware"": 4}, ""Cryptocurrency"": {""bitcoin"": 1}}","Scattered Spider threat actors, per trusted third parties, have typically engaged in data theft  for extortion and have also been known to utilize BlackCat/ALPHV ransomware alongside their usual  TTPs.   Enable and enforce phishing- resistant multifactor  authentication (MFA).   Monetized access to victim networks in numerous ways including extortion enabled by  ransomware and data theft [T1657]. In addition to using legitimate tools, Scattered Spider also uses malware as part of its TTPs. See  Table 2 for some of the malware used by Scattered Spider. Table 2: Malware Used by Scattered Spider  Malware  Use  AveMaria (also known as  WarZone [S0670])  Enables remote access to a victim’s systems. Reconnaissance, Resource Development, and Initial Access  Scattered Spider intrusions often begin with broad phishing [T1566] and smishing [T1660] attempts  against a target using victim-specific crafted domains, such as the domains listed in Table 3  [T1583.001]. The threat actors then work to identify the personally  identifiable information (PII) of the most valuable users that succumbed to the phishing/smishing,  obtaining answers for those users’ security questions. According to trusted third parties, where more recent incidents are concerned, Scattered Spider threat  actors may have deployed BlackCat/ALPHV ransomware onto victim networks—thereby encrypting  VMware Elastic Sky X integrated (ESXi) servers [T1486]. Phishing for Information  T1598  Scattered Spider threat actors use phishing to  obtain login credentials, gaining access to a  victim’s network. Table 5: Resource Development  Technique Title  ID  Use  Acquire Infrastructure:  Domains  T1583.001  Scattered Spider threat actors create domains for  use in phishing and smishing attempts against  targeted organizations. Phishing (Mobile)  T1660  Scattered Spider threat actors send SMS  messages, known as smishing, when targeting a  victim. Phishing: Spearphishing Voice  T1566.004  Scattered Spider threat actors use voice  communications to convince IT help desk  personnel to reset passwords and/or MFA tokens. Table 16: Exfiltration  Technique Title  ID  Use  Exfiltration  TA0010  Scattered Spider threat actors exfiltrate data from  a target network to for data extortion. Table 17: Impact  Technique Title  ID  Use  Data Encrypted for  Impact  T1486  Scattered Spider threat actors recently began  encrypting data on a target network and  demanding a ransom for decryption. Financial Theft  T1657  Scattered Spider threat actors monetized access  to victim networks in numerous ways including  extortion-enabled ransomware and data theft. These MFA implementations are resistant to phishing and not suspectable to push  bombing or SIM swap attacks, which are techniques known to be used by Scattered Spider  actors. See CISA’s fact sheet Implementing Phishing-Resistant MFA for more information. The FBI and CISA recommend  that software manufactures incorporate  secure-by-design and -default principles  and tactics into their software development  practices limiting the impact of ransomware  techniques, thus, strengthening the secure  posture for their customers. If RDP is necessary, rigorously apply best practices, for example [CPG 2.W]: o Audit the network for systems using RDP. o Close unused RDP ports. o Enforce account lockouts after a specified number of attempts. o Apply phishing-resistant multifactor authentication (MFA). o Log RDP login attempts. In addition, the authoring authorities of this CSA recommend network defenders apply the following  mitigations to limit potential adversarial use of common system and network discovery techniques,  and to reduce the impact and risk of compromise by ransomware or data extortion actors:    Implement a recovery plan to maintain and retain multiple copies of sensitive or proprietary  data and servers in a physically separate, segmented, and secure location (i.e., hard drive,  storage device, the cloud).   Require phishing-resistant multifactor authentication (MFA) for all services to the extent  possible, particularly for webmail, virtual private networks (VPNs), and accounts that access  critical systems [CPG 2.H].   Segment networks to prevent the spread of ransomware. Network segmentation can help  prevent the spread of ransomware by controlling traffic flows between—and access to— various subnetworks and by restricting adversary lateral movement [CPG 2.F]. To aid in detecting the  ransomware, implement a tool that logs and reports all network traffic and activity, including  lateral movement, on a network. REPORTING  The FBI and CISA are seeking any information that can be shared, to include a sample ransom note,  communications with Scattered Spider group actors, Bitcoin wallet information, decryptor files, and/or  a benign sample of an encrypted file. The FBI and CISA do not encourage paying ransom as  payment does not guarantee victim files will be recovered. REFERENCES  [1] MITRE ATT&CK – Scattered Spider  [2] Trellix - Scattered Spider: The Modus Operandi  [3] Crowdstrike - Not a SIMulation: CrowdStrike Investigations Reveal Intrusion Campaign Targeting  Telco and BPO Companies  [4] Crowdstrike - SCATTERED SPIDER Exploits Windows Security Deficiencies with Bring-Your- Own-Vulnerable-Driver Tactic in Attempt to Bypass Endpoint Security  [5] Malwarebytes - Ransomware group steps up, issues statement over MGM Resorts compromise  DISCLAIMER  The information in this report is being provided “as is” for informational purposes only. Any reference to specific commercial entities,  products, processes, or services by service mark, trademark, manufacturer, or otherwise, does not  constitute or imply endorsement, recommendation, or favoring by FBI and CISA."
#StopRansomware: Rhysida Ransomware,2023-11-15,4,"{""Ransomware"": 31, ""Malware"": 1, ""Phishing/Spoofing"": 5, ""Extortion"": 4, ""Threats of Violence"": 2, ""Cryptocurrency"": 3, ""IPR*/Copyright&Counterfeit"": 1}","{""Phishing/Spoofing"": {""phishing"": 5}, ""Extortion"": {""extortion"": 4}, ""Personal Data Breach"": {}, ""Non-Payment/Non-Delivery"": {}, ""Investment"": {}, ""Tech Support"": {}, ""Business Email Compromise"": {}, ""Identity Theft"": {}, ""Employment"": {}, ""Confidence/Romance"": {}, ""Government Impersonation"": {}, ""Credit Card/Check Fraud"": {}, ""Harassment/Stalking"": {}, ""Real Estate"": {}, ""Advanced Fee"": {}, ""Crimes Against Children"": {}, ""Lottery/Sweepstakes/Inheritance"": {}, ""Data Breach"": {}, ""Ransomware"": {""ransomware"": 22, ""ransoms"": 1, ""ransom"": 8}, ""Overpayment"": {}, ""IPR*/Copyright&Counterfeit"": {""trademark"": 1}, ""Threats of Violence"": {""threatening"": 2}, ""SIM Swap"": {}, ""Botnet"": {}, ""Malware"": {""malware"": 1}, ""Cryptocurrency"": {""bitcoin"": 2, ""cryptocurrency"": 1}}","These #StopRansomware advisories include recently and  historically observed tactics, techniques, and procedures  (TTPs) and indicators of compromise (IOCs) to help  organizations protect against ransomware. The Federal Bureau of Investigation (FBI), Cybersecurity  and Infrastructure Security Agency (CISA), and the Multi- State Information Sharing and Analysis Center (MS-ISAC) are releasing this joint CSA to disseminate  known Rhysida ransomware IOCs and TTPs identified through investigations as recently as  September 2023. Rhysida—an emerging ransomware variant—has predominately been deployed  against the education, healthcare, manufacturing, information technology, and government sectors  since May 2023. The information in this CSA is derived from related incident response investigations  and malware analysis of samples discovered on victim networks. FBI, CISA, and the MS-ISAC encourage organizations to implement the recommendations in the  Mitigations section of this CSA to reduce the likelihood and impact of Rhysida ransomware and other  ransomware incidents. •  Segment networks to prevent the  spread of ransomware. Overview  Threat actors leveraging Rhysida ransomware are known to impact “targets of opportunity,” including  victims in the education, healthcare, manufacturing, information technology, and government sectors. Open source reporting details similarities between Vice Society (DEV-0832)[1] activity and the actors  observed deploying Rhysida ransomware. Additionally, open source reporting[2] has confirmed  observed instances of Rhysida actors operating in a ransomware-as-a-service (RaaS) capacity,  where ransomware tools and infrastructure are leased out in a profit-sharing model. Any ransoms  paid are then split between the group and the affiliates. Additionally, actors  have been observed exploiting Zerologon (CVE-2020-1472)—a critical elevation of privileges  vulnerability in Microsoft’s Netlogon Remote Protocol [T1190]—as well as conducting successful  phishing attempts [T1566]. S_0.bat  1c4978cd5d750a2985da9b58db137fc74d 28422f1e087fd77642faa7efe7b597  A batch script likely used to place  1.ps1 on victim systems for  ransomware staging purposes  [T1059.003]. The cryptographic ransomware application first  injects the PE into running processes on the compromised system [T1055.002]. Encryption  After mapping the network, the ransomware encrypts data using a 4096-bit RSA encryption key with a  ChaCha20 algorithm [T1486]. Data Extortion  Rhysida actors reportedly engage in “double extortion” [T1657]—demanding a ransom payment to  decrypt victim data and threatening to publish the sensitive exfiltrated data unless the ransom is  paid.[5],[7] Rhysida actors direct victims to send ransom payments in Bitcoin to cryptocurrency wallet  addresses provided by the threat actors. As shown in Figure 1, Rhysida ransomware drops a ransom  note named “CriticalBreachDetected” as a PDF file—the note provides each company with a unique  code and instructions to contact the group via a Tor-based portal. Phishing  T1566  Rhysida actors are known to conduct successful  phishing attacks. Command and  Scripting Interpreter:  Windows Command  Shell  T1059.003  Rhysida actors used batch scripting to place 1.ps1 on  victim systems to automate ransomware execution. Financial Theft  T1657  Rhysida actors reportedly engage in “double extortion”—  demanding a ransom payment to decrypt victim data and  threatening to publish the sensitive exfiltrated data  unless the ransom is paid. FBI, CISA,  and the MS-ISAC recommend incorporating secure-by-design and -default principles, limiting the  impact of ransomware techniques and strengthening overall security posture. •  Require phishing-resistant MFA for all services to the extent possible, particularly for  webmail, VPN, and accounts that access critical systems [CPG 2.H]. In addition, FBI, CISA, and the MS-ISAC recommend network defenders apply the following  mitigations to limit potential adversarial use of common system and network discovery techniques,  and to reduce the impact and risk of compromise by ransomware or data extortion actors:  •  Keep all operating systems, software, and firmware up to date. •  Segment networks to prevent the spread of ransomware. Network segmentation can help  prevent the spread of ransomware by controlling traffic flows between—and access to— various subnetworks and by restricting adversary lateral movement [CPG 2.F]. •  Identify, detect, and investigate abnormal activity and potential traversal of the  indicated ransomware with a network monitoring tool. To aid in detecting ransomware,  implement a tool that logs and reports all network traffic, including lateral movement activity on  a network. RESOURCES  •  CISA: #StopRansomware  •  CISA: #StopRansomware Vice Society  •  CISA: Known Exploited Vulnerabilities Catalog  •  NIST: CVE-2020-1472  •  CISA, MITRE: Best Practices for MITRE ATT&CK Mapping  •  CISA: Decider Tool  •  CISA: Cross-Sector Cybersecurity Performance Goals  •  CISA: Secure by Design  •  CISA: Implementing Phishing-Resistant MFA  •  CISA: Guide to Securing Remote Access Software  REPORTING  FBI is seeking any information that can be shared, to include boundary logs showing communication  to and from foreign IP addresses, a sample ransom note, communications with Rhysida actors,  Bitcoin wallet information, decryptor files, and/or a benign sample of an encrypted file. FBI and CISA do not encourage paying ransom as payment does not guarantee victim files will be  recovered. Furthermore, payment may also embolden adversaries to target additional organizations,  encourage other threat actors to engage in the distribution of ransomware, and/or fund illicit activities. Any reference to specific commercial  entities, products, processes, or services by service mark, trademark, manufacturer, or otherwise,  does not constitute or imply endorsement, recommendation, or favoring by FBI, CISA, and the MS- ISAC."
#StopRansomware: Royal Ransomware Update,2023-11-13,4,"{""Ransomware"": 33, ""Phishing/Spoofing"": 8, ""Extortion"": 2, ""Malware"": 1, ""Cryptocurrency"": 1, ""IPR*/Copyright&Counterfeit"": 1}","{""Phishing/Spoofing"": {""phishing"": 8}, ""Extortion"": {""extortion"": 2}, ""Personal Data Breach"": {}, ""Non-Payment/Non-Delivery"": {}, ""Investment"": {}, ""Tech Support"": {}, ""Business Email Compromise"": {}, ""Identity Theft"": {}, ""Employment"": {}, ""Confidence/Romance"": {}, ""Government Impersonation"": {}, ""Credit Card/Check Fraud"": {}, ""Harassment/Stalking"": {}, ""Real Estate"": {}, ""Advanced Fee"": {}, ""Crimes Against Children"": {}, ""Lottery/Sweepstakes/Inheritance"": {}, ""Data Breach"": {}, ""Ransomware"": {""ransomware"": 27, ""ransom"": 6}, ""Overpayment"": {}, ""IPR*/Copyright&Counterfeit"": {""trademark"": 1}, ""Threats of Violence"": {}, ""SIM Swap"": {}, ""Botnet"": {}, ""Malware"": {""malware"": 1}, ""Cryptocurrency"": {""bitcoin"": 1}}","TLP:CLEAR Product ID: AA23-061A November 13, 2023 Coauthored by: TLP:CLEAR  #StopRansomware: Royal Ransomware Update  SUMMARY  Update November 13, 2023  This CSA is being re-released to add new TTPs, IOCs, and information related to Royal Ransomware  activity. End of Update  Note: This joint Cybersecurity Advisory (CSA) is part of an  ongoing #StopRansomware effort to publish advisories for  network defenders that detail various ransomware variants and  ransomware threat actors. These #StopRansomware advisories  include recently and historically observed tactics, techniques,  and procedures (TTPs) and indicators of compromise (IOCs) to  help  organizations  protect  against  ransomware. The Federal Bureau of Investigation (FBI) and the Cybersecurity and Infrastructure Security Agency  (CISA) are releasing this joint CSA to disseminate known Royal ransomware IOCs and TTPs  identified through FBI threat response activities as recently as June 2023. and international  organizations with Royal ransomware. After  gaining access to victims’ networks, Royal actors disable antivirus software and exfiltrate large  amounts of data before ultimately deploying the ransomware and encrypting the systems.  Train users to recognize and report phishing attempts. In observed incidents, Royal actors do not include ransom amounts and payment instructions  as part of the initial ransom note. Update November 13, 2023  Since September 2022, Royal has targeted over 350 known victims worldwide and ransomware  demands have exceeded 275 million USD. Royal conducts data exfiltration and extortion prior to  encryption and then publishes victim data to a leak site if a ransom is not paid. Phishing emails are  among the most successful vectors for initial access by Royal threat actors. Blacksuit ransomware shares  a number of identified coding characteristics similar to Royal. A previous joint CSA for Royal  ransomware was published on March 2, 2023. End Update  FBI and CISA encourage organizations to implement the recommendations found in the Mitigations  section of this CSA to reduce the likelihood and impact of ransomware incidents. Royal ransomware uses a unique partial encryption approach that allows the threat actor to choose a  specific percentage of data in a file to encrypt. This approach allows the actor to lower the encryption  percentage for larger files, which helps evade detection.[1] In addition to encrypting files, Royal actors  also engage in double extortion tactics in which they threaten to publicly release the encrypted data if  the victim does not pay the ransom. Initial Access  Royal actors gain initial access to victim networks in several ways including:     Phishing. According to third-party reporting, Royal actors most commonly (in 66.7% of  incidents) gain initial access to victim networks via successful phishing emails [T1566]. Ransomware operators often  use open source projects to aid their intrusion activities—Royal operators have recently been  observed using Chisel, a tunneling tool transported over HTTP and secured via SSH [T1572], to  communicate with their C2 infrastructure. FBI observed multiple Qakbot C2s used in Royal  ransomware attacks but is yet to determine if Royal ransomware exclusively uses Qakbot C2s. Exfiltration  Royal threat actors exfiltrate data from victim networks by repurposing legitimate cyber penetration  testing tools such as Cobalt Strike and malware tools and derivatives such as Ursnif/Gozi for data  aggregation and exfiltration. Batch files create a new admin user [T1078.002], force a group policy update, set  pertinent registry keys to auto-extract [T1119] and execute the ransomware, monitor the encryption  process, and delete files upon completion—including Application, System, and Security event logs  [T1070.001]. Update November 13, 2023  See Tables 3 and 4 for Royal and Blacksuit Ransomware IOCs as of June 2023. Phishing: Spear phishing  Attachment  T1566.001  The actors gain initial access through malicious  PDF attachments sent via email. Phishing: Spear phishing Link  T1566.002  The actors gain initial access using malvertising  links via emails and public-facing sites. FBI and CISA recommend that  software manufactures incorporate secure-by- design and -default principles and tactics into  their software development practices limiting the  impact of ransomware techniques (such as  threat actors leveraging backdoor vulnerabilities  into remote software systems) thus  strengthening the security posture for their  customers. Network segmentation can help prevent the spread of  ransomware by controlling traffic flows between—and access to—various subnetworks and by  restricting adversary lateral movement.   Identify, detect, and investigate abnormal activity and potential traversal of the  indicated ransomware with a networking monitoring tool. To aid in detecting ransomware,  implement a tool that logs and reports all network traffic [CPG 5.1], including lateral movement  activity on a network.   Resource to mitigate a ransomware attack: CISA’s and Multi-State Information Sharing and  Analysis Center’s (MS-ISAC’s) joint Ransomware Guide. Note: The joint Ransomware Guide provides preparation, prevention, and mitigation best  practices as well as a ransomware response checklist. REPORTING  FBI is seeking any information that can be shared, to include boundary logs showing communication  to and from foreign IP addresses, a sample ransom note, communications with Royal threat actors,  Bitcoin wallet information, decryptor files, and/or a benign sample of an encrypted file. FBI and CISA do not encourage paying ransom as payment does not guarantee victim files will be  recovered. Furthermore, payment may also embolden adversaries to target additional organizations,  encourage other threat actors to engage in the distribution of ransomware, and/or fund illicit activities. Any reference to specific commercial entities,  products, processes, or services by service mark, trademark, manufacturer, or otherwise, does not  constitute or imply endorsement, recommendation, or favoring by CISA or the FBI."
Ransomware Actors Continue to Gain Access through Third Parties and Legitimate System Tools,2023-11-08,4,"{""Ransomware"": 18, ""Phishing/Spoofing"": 3, ""Extortion"": 2, ""Malware"": 1}","{""Phishing/Spoofing"": {""phishing"": 3}, ""Extortion"": {""extortion"": 1, ""extorted"": 1}, ""Personal Data Breach"": {}, ""Non-Payment/Non-Delivery"": {}, ""Investment"": {}, ""Tech Support"": {}, ""Business Email Compromise"": {}, ""Identity Theft"": {}, ""Employment"": {}, ""Confidence/Romance"": {}, ""Government Impersonation"": {}, ""Credit Card/Check Fraud"": {}, ""Harassment/Stalking"": {}, ""Real Estate"": {}, ""Advanced Fee"": {}, ""Crimes Against Children"": {}, ""Lottery/Sweepstakes/Inheritance"": {}, ""Data Breach"": {}, ""Ransomware"": {""ransomware"": 17, ""ransom"": 1}, ""Overpayment"": {}, ""IPR*/Copyright&Counterfeit"": {}, ""Threats of Violence"": {}, ""SIM Swap"": {}, ""Botnet"": {}, ""Malware"": {""malware"": 1}, ""Cryptocurrency"": {}}","Threat  As of July 2023, the FBI noted several trends emerging or continuing across the ransomware  environment and is releasing this notification for industry awareness. New trends included  ransomware actors exploiting vulnerabilities in vendor-controlled remote access to casino  servers, and companies victimized through legitimate system management tools to elevate  network permissions. TLP:CLEAR        TLP:CLEAR     The FBI continues to track reporting of third-party vendors and services as an attack vector for  ransomware incidents. Between 2022 and 2023, the FBI noted ransomware attacks  compromising casinos through third-party gaming vendors.  As of June 2023, the Silent Ransom Group (SRG), also called Luna Moth, conducted callback- phishing data theft and extortion attacks by sending victims a phone number in a phishing  attempt, usually relating to pending charges on the victims’ account. The actors then compromised local files and the network shared drives,  exfiltrated victim data, and extorted the companies. The FBI and recommends network defenders apply the following mitigations to limit potential  adversarial use of common system and network discovery techniques and to reduce the risk of  compromise by ransomware:    Preparing for Cyber Incidents -   Maintain offline backups of data, and regularly maintain backup and restoration.  Require phishing-resistant multifactor authentication for all services to the extent possible,  particularly for webmail, virtual private networks, and accounts that access critical systems. Protective Controls and Architecture -   TLP:CLEAR        TLP:CLEAR   Segment networks to prevent the spread of ransomware. Network segmentation can help  prevent the spread of ransomware by controlling traffic flows between—and access to—various  subnetworks and by restricting adversary lateral movement.  Identify, detect, and investigate abnormal activity and potential traversal of the indicated  ransomware with a networking monitoring tool. To aid in detecting the ransomware, implement a  tool that logs and reports all network traffic, including lateral movement activity on a network. Threat  actors use SMB to propagate malware across organizations. Joint Ransomware Task Force (JRTF)  The JRTF, co-chaired by CISA and FBI, is an interagency, collaborative effort to combat the growing  threat of ransomware attacks. The JRTF was launched in response to a series of high-profile  ransomware attacks on U.S. The JRTF:    Coordinates and streamlines the US Government's response to ransomware attacks and  facilitates information sharing and collaboration between government agencies and private sector  partners.  Ensures operational coordination for activities such as developing and sharing best practices for  preventing and responding to ransomware attacks, conducting joint investigations and operations  against ransomware threat actors, and providing guidance and resources to organizations that have  been victimized by ransomware.  Represents a significant step forward in enabling unity of effort across the US Government's  efforts to address the growing threat of ransomware attacks."
#StopRansomware Guide,2023-10-19,4,"{""Extortion"": 15, ""Ransomware"": 81, ""Threats of Violence"": 1, ""Data Breach"": 3, ""Malware"": 27, ""Phishing/Spoofing"": 18, ""Business Email Compromise"": 3, ""Crimes Against Children"": 1, ""Cryptocurrency"": 2, ""IPR*/Copyright&Counterfeit"": 1}","{""Phishing/Spoofing"": {""phishing"": 12, ""spoofed"": 4, ""spoof"": 1, ""phish"": 1}, ""Extortion"": {""extortion"": 14, ""extort"": 1}, ""Personal Data Breach"": {}, ""Non-Payment/Non-Delivery"": {}, ""Investment"": {}, ""Tech Support"": {}, ""Business Email Compromise"": {""business email"": 1, ""bec"": 1, ""compromised email"": 1}, ""Identity Theft"": {}, ""Employment"": {}, ""Confidence/Romance"": {}, ""Government Impersonation"": {}, ""Credit Card/Check Fraud"": {}, ""Harassment/Stalking"": {}, ""Real Estate"": {}, ""Advanced Fee"": {}, ""Crimes Against Children"": {""child"": 1}, ""Lottery/Sweepstakes/Inheritance"": {}, ""Data Breach"": {""data breach"": 3}, ""Ransomware"": {""ransomware"": 72, ""ransom"": 8, ""ransoms"": 1}, ""Overpayment"": {}, ""IPR*/Copyright&Counterfeit"": {""trademark"": 1}, ""Threats of Violence"": {""threatening"": 1}, ""SIM Swap"": {}, ""Botnet"": {}, ""Malware"": {""malware"": 25, ""viruses"": 1, ""trojans"": 1}, ""Cryptocurrency"": {""bitcoin"": 2}}","Part 1: Ransomware and Data  Extortion Preparation, Prevention,  and Mitigation Best Practices,  pages 8, and 9. Part 2: Ransomware and Data  Extortion Response Checklist p. Malicious  actors then demand ransom in exchange for  decryption. Over time, malicious actors have  adjusted their ransomware tactics to be more  destructive and impactful and have also exfiltrated victim data and pressured victims to pay by  threatening to release the stolen data. The  application of both tactics is known as “double  extortion.” In some cases, malicious actors may  exfiltrate data and threaten to release it as their  sole form of extortion without employing  ransomware. These ransomware and associated data breach  incidents can severely impact business processes  by leaving organizations unable to access  necessary data to operate and deliver mission- critical services. The economic and reputational  impacts of ransomware and data extortion have  proven challenging and costly for organizations of  all sizes throughout the initial disruption and, at  times, extended recovery. This guide is an update to the Joint Cybersecurity  and Infrastructure Security Agency (CISA) and  Multi-State Information Sharing & Analysis Center  (MS-ISAC) Ransomware Guide released in  September 2020 (see What’s New) and was  developed through the JRTF. This guide includes  two primary resources:  •  Part 1: Ransomware and Data Extortion  Prevention Best Practices  •  Part 2: Ransomware and Data Extortion Response Checklist  Part 1 provides guidance for all organizations to reduce the impact and likelihood of ransomware  incidents and data extortion, including best practices to prepare for, prevent, and mitigate these  incidents. These ransomware and data extortion prevention and response best practices and recommendations  are based on operational insight from CISA, MS-ISAC, the National Security Agency (NSA), and the  Federal Bureau of Investigation (FBI), hereafter referred to as the authoring organizations. Joint Ransomware Task Force (JRTF). The JRTF, co-chaired by CISA and FBI, is an  interagency, collaborative effort to combat the  growing threat of ransomware attacks. The  JRTF was launched in response to a series of  high-profile ransomware attacks on U.S. Government's response to ransomware  attacks and facilitates information sharing  and collaboration between government  agencies and private sector partners. Ensures operational coordination for  activities such as developing and sharing  best practices for preventing and responding  to ransomware attacks, conducting joint  investigations and operations against  ransomware threat actors, and providing  guidance and resources to organizations  that have been victimized by ransomware. Represents a significant step forward in  enabling unity of effort across the U.S  Government's efforts to address the growing  threat of ransomware attacks. Engaging with peer organizations and CISA enables your organization to receive critical and timely  information and access to services for managing ransomware and other cyber threats. What’s New  Since the initial release of the Ransomware Guide in September 2020, ransomware actors have  accelerated their tactics and techniques. •  Expanded the ransomware response checklist with threat hunting tips for detection and  analysis. #StopRansomware is CISA and FBI’s effort  to publish advisories for network defenders  that detail network defense information  related to various ransomware variants and  threat actors. Preparing for Ransomware and Data Extortion Incidents  Refer to the best practices and references listed in this section to help manage the risks posed by  ransomware and to drive a coordinated and efficient response for your organization in the event of an  incident. It is  important that backups are maintained offline, as most  ransomware actors attempt to find and subsequently  delete or encrypt accessible backups to make  restoration impossible unless the ransom is paid. •  Create, maintain, and regularly exercise a basic cyber incident response plan (IRP) and  associated communications plan that includes response and notification procedures for  ransomware and data extortion/breach incidents [CPG 2.S]. o Provide data breach notifications to third parties and regulators consistent with law. o Review available incident response guidance, such as the Ransomware Response  Checklist in this guide and Public Power Cyber Incident Response Playbook to:    Help your organization better organize around cyber incident response. Preventing and Mitigating Ransomware and Data Extortion Incidents  Refer to the best practices and references listed in this section to help prevent and mitigate  ransomware and data extortion incidents. Prevention best practices are grouped by common initial  access vectors of ransomware and data extortion actors. •  Harden SMBv3 by implementing the following guidance as malicious actors use SMB to  propagate malware across organizations. Initial Access Vector: Compromised Credentials  •  Implement phishing-resistant MFA for all services, particularly for email, VPNs, and  accounts that access critical systems [CPG 2.H]. Initial Access Vector: Phishing  •  Implement a cybersecurity user awareness and  training program that includes guidance on how to  identify and report suspicious activity (e.g., phishing) or  incidents [CPG 2.I]. CISA offers a no-cost Phishing  Campaign Assessment and other  no-cost assessments. For more information, refer to Microsoft’s post Anti-malware  protection in EOP. For example, OneNote attachments with embedded  malware have recently been used in phishing campaigns. o Malware is often compressed in password protected archives that evade antivirus  scanning and email filters. •  Implement Domain-based Message Authentication, Reporting and Conformance  (DMARC) policy and verification to lower  the chance of spoofed or modified emails  from valid domains. DMARC protects your  domain from being spoofed but does not  protect from incoming emails that have been  spoofed unless the sending domain also  implements DMARC. These  macros can be used to deliver ransomware [CPG 2.N]. This fully  managed security service prevents IT  systems from connecting to harmful web  domains and protects against cyber threats,  including:  • Malware,  • Ransomware, and   • Phishing. This  enables detection of both “precursor”  malware and ransomware. o A ransomware infection may be  evidence of a previous, unresolved  network compromise. For example, many ransomware infections are the result of  existing malware infections, such as QakBot, Bumblebee, and Emotet. o In some cases, ransomware deployment is the last step in a network compromise and is  dropped to obscure previous post-compromise activities, such as business email  compromise (BEC). •  Consider implementing an intrusion detection system (IDS) to detect command and control  activity and other potentially malicious network activity that occurs prior to ransomware  deployment. •  Monitor indicators of activity and block malware file creation with the Windows Sysmon  utility. These  security services analyze DNS queries  and take action to mitigate threats—such  as malware, ransomware, phishing  attacks, viruses, malicious sites, and  spyware—leveraging the existing DNS  protocol and architecture. •  Consider implementing sandboxed  browsers to protect systems from  malware originating from web browsing. These links  then lead unsuspecting users to phishing sites,  malware downloads, and other cyber threats. Malicious  actors use drive-by downloads to steal and  collect personal information, inject trojans, or  introduce exploit kits or other malware to  endpoints. Users may visit these sites by  responding to a phishing email or by clicking  on a deceptive pop-up window. • “Malvertising”: Malicious advertising that  cybercriminals use to inject malware to users’  computers when they visit malicious websites  or click an online advertisement. Malvertising  may also direct users to a corrupted website  where their data can be stolen, or malware can  be downloaded onto their computer. • Impersonating employees: Ransomware actors  have posed as company IT and/or helpdesk  staff in phone calls or SMS messages to obtain  credentials from employees and gain access to  the network. MSPs have been an infection vector for ransomware impacting numerous client organizations [CPG 1.I]. • Malicious actors may spoof the identity of—or use compromised email accounts associated with— entities your organization has a trusted  relationship with to phish your users, enabling  network compromise and disclosure of  information. Malicious actors often leverage privileged accounts for network-wide ransomware attacks. Emerging ransomware strategies have begun targeting VMware ESXi servers, hypervisors, and other centralized tools and systems, which enables fast encryption of the infrastructure at scale. For more information about ransomware resilience and hardening of VMware and other virtualization infrastructure, see: o NIST Special Publication (SP 800-125A Rev.1): Security Recommendations for Server- based Hypervisor Platforms o VMware: Cloud Infrastructure Security Configuration & Hardening • Leverage best practices and enable security settings in association with cloud environments, such as Microsoft Office 365. o Enable delete protection or object lock on storage resources often targeted in ransomware attacks (e.g., object storage, database storage, file storage, and block storage) to prevent data from being deleted or overwritten, respectively. Threat actors use PowerShell to deploy  ransomware and hide their malicious activities. Malicious actors often target and use DCs as a staging  point to spread ransomware network wide. •  Enable website typo protection to limit the possibility of logging onto spoofed websites or  other potential malicious links that could compromise a browser. Detection and Analysis  Refer to the best practices and references  below to help manage the risk posed by  ransomware and support your organization’s  coordinated and efficient response to a  ransomware incident. Not doing so could cause actors to move laterally to preserve their  access or deploy ransomware widely prior to networks being taken offline. Power down devices if you are unable to disconnect them from the network to avoid  further spread of the ransomware infection. Note: This step will prevent your organization from maintaining ransomware infection artifacts  and potential evidence stored in volatile memory. The authoring organizations do not recommend  paying ransom. Paying ransom will not ensure your  data is decrypted, that your systems or data will no  longer be compromised, or that your data will not be  leaked. Additionally, paying ransoms may pose sanctions  risks. Department of the Treasury Office of  Foreign Assets Control (OFAC) memorandum from  September 2021, Updated Advisory on Potential  Sanctions Risks for Facilitating Ransomware  Payments. Doing so can highlight evidence of additional  systems or malware involved in earlier stages of the attack. □ Look for evidence of precursor “dropper” malware, such as Bumblebee, Dridex, Emotet,  QakBot, or Anchor. A ransomware event may be evidence of a previous, unresolved  network compromise.   Operators of these advanced malware variants will often sell access to a  network. Malicious actors will sometimes use this access to exfiltrate data and  then threaten to release the data publicly before ransoming the network to further  extort the victim and pressure them into paying.   Malicious actors often drop ransomware variants to obscure post-compromise  activity. Care must be taken to identify such dropper malware before rebuilding  from backups to prevent continuing compromises. Misuse of these tools is a  common ransomware technique to inhibit system recovery. For example,  ransomware actors have used Chisel to tunnel Secure Shell (SSH) over  HTTPS port 443. Ransomware actors have also used Cloudflared to  abuse Cloudflare tunnels to tunnel communications over HTTPS. •  Presence of Rclone, Rsync, and various web-based file storage services,  and FTP/SFTP, which are common tools for data exfiltration (and also  used by threat actors to implant malware/tools on affected networks.)    Newly created services, unexpected scheduled tasks, unexpected software  installed, unusual files created, legitimate processes with unexpected child  processes, etc. If the incident resulted in a data breach, follow notification requirements as outlined in  your cyber incident response and communications plans. • Names of malware identified on your network. • Email addresses used by the attackers and any  associated phishing emails. • Ransom amount and if the ransom was paid. • Bitcoin wallets used by the attackers. • Bitcoin wallets used to pay the ransom, if applicable. Collect any  relevant logs as well as samples of any  “precursor” malware binaries and associated  observables or indicators of compromise  (e.g., suspected command and control IP  addresses, suspicious registry entries, or  other relevant files detected). Consult federal law enforcement, even if mitigation actions are possible, regarding  possible decryptors available, as security researchers may have discovered encryption flaws  for some ransomware variants and released decryption or other types of tools. Government,  MS-ISAC, or a reputable security vendor) for the particular ransomware variant and follow any  additional recommended steps to identify and contain systems or networks that are confirmed to  be impacted. Upon voluntary request, CISA and MS-ISAC  (for SLTT organizations) can assist with  analysis of phishing emails, storage media,  logs, and/or malware at no cost to help  organizations understand the root cause of  an incident. □ Review file properties of encrypted files or ransom notes to identify specific users that  may be associated with file ownership. The designated IT or IT security authority declares the ransomware incident over  based on established criteria, which may include taking the steps above or seeking outside  assistance. What You Can Expect:  •  Specific guidance to help evaluate and remediate ransomware incidents. •  Remote assistance to identify the extent of the compromise and recommendations for  appropriate containment and mitigation strategies (dependent on specific ransomware variant). •  Phishing email, storage media, log, and malware analysis based on voluntary submission. •  Assistance in conducting a criminal investigation, which may involve collecting incident artifacts,  including system images and malware samples. This  includes best practices and network defense information regarding ransomware trends and  variants as well as malware that is a precursor to ransomware. CSET includes the  Ransomware Readiness Assessment (RRA), a self-assessment based on a tiered set of  practices to help organizations evaluate how well they are equipped to defend and recover from  a ransomware incident. •  Security Primer – Ransomware (MS-ISAC)—outlines opportunistic and strategic ransomware  campaigns, common infection vectors, and best practice recommendations. •  Institute for Security + Technology (IST) Blueprint for Ransomware Defense—an action plan for  ransomware mitigation, response, and recovery for small- and medium-sized enterprises. Reference herein to any specific commercial products, process, or service by  trade name, trademark, manufacturer, or otherwise, does not constitute or imply its endorsement,  recommendation, or favoring by the United States Government, and this guidance shall not be used for  advertising or product endorsement purposes."
Phishing Guidance: Stopping the Attack Cycle at Phase One,2023-10-18,4,"{""Phishing/Spoofing"": 57, ""Malware"": 34, ""IPR*/Copyright&Counterfeit"": 1}","{""Phishing/Spoofing"": {""phishing"": 48, ""spoof"": 1, ""spearphishing"": 1, ""spoofed"": 4, ""spoofing"": 2, ""phished"": 1}, ""Extortion"": {}, ""Personal Data Breach"": {}, ""Non-Payment/Non-Delivery"": {}, ""Investment"": {}, ""Tech Support"": {}, ""Business Email Compromise"": {}, ""Identity Theft"": {}, ""Employment"": {}, ""Confidence/Romance"": {}, ""Government Impersonation"": {}, ""Credit Card/Check Fraud"": {}, ""Harassment/Stalking"": {}, ""Real Estate"": {}, ""Advanced Fee"": {}, ""Crimes Against Children"": {}, ""Lottery/Sweepstakes/Inheritance"": {}, ""Data Breach"": {}, ""Ransomware"": {}, ""Overpayment"": {}, ""IPR*/Copyright&Counterfeit"": {""trademark"": 1}, ""Threats of Violence"": {}, ""SIM Swap"": {}, ""Botnet"": {}, ""Malware"": {""malware"": 33, ""virus"": 1}, ""Cryptocurrency"": {}}","TLP:CLEAR  PHISHING GUIDANCE:  STOPPING THE ATTACK  CYCLE AT PHASE ONE  Publication: October 2023  Disclaimer: This document is marked TLP:CLEAR. Phishing is a form of  social engineering where malicious actors lure victims (typically  via email) to visit a malicious site or deceive them into providing  login credentials. Malicious actors primarily leverage phishing  for:  •  Obtaining login credentials. Malicious actors conduct  phishing campaigns to steal login credentials for initial  network access. Malicious actors commonly conduct  phishing campaigns to deploy malware for follow-on activity,  such as interrupting or damaging systems, escalating user  privileges, and maintaining persistence on compromised  systems. The Cybersecurity and Infrastructure Security Agency (CISA),  National Security Agency (NSA), Federal Bureau of Investigation  (FBI), and Multi-State Information Sharing and Analysis Center  (MS-ISAC) are releasing this joint guide to outline phishing  techniques malicious actors commonly use and to provide  guidance for both network defenders and software  manufacturers. This will help to reduce the impact of phishing  attacks in obtaining credentials and deploying malware. Therefore, this guide includes a section of  tailored recommendations for small- and medium-sized  businesses that may not have the resources to hire IT staff  dedicated to a constant defense against phishing threats. Manufacturers  should develop and supply software that is secure against the  most prevalent phishing threats, thereby increasing the  cybersecurity posture of their customers. •  Use voice over internet protocol (VoIP) to easily spoof caller identification (ID) which takes  advantage of public trust in the security of phone services, especially landline phones. Despite this, if weak forms of MFA are enabled, malicious actors can  still obtain access through phishing and other techniques. MALWARE-BASED PHISHING  DEFINITION  In malware-based phishing attacks, Malicious actors pose as trustworthy sources (e.g., colleagues,  acquaintances, or organizations) to lure a victim into interacting with a malicious hyperlink or  opening an email attachment to execute malware on host systems. EXAMPLE TECHNIQUES  To execute malware on host systems, malicious actors commonly:  •  Send malicious hyperlinks or attachments that cause a user to download malware, facilitating  initial access, information stealing, damage or disruption to systems or services, and/or the  escalation of account privileges. o Malicious actors may use free, publicly available tools (such as GoPhish or Zphisher) to  facilitate spearphishing campaigns where individual users are targeted with specific and  convincing lures. •  Use smartphone or tablet apps, along with SMS, to send text messages or chats in collaboration  platforms (i.e., Slack, Teams, Signal, WhatsApp, iMessage, and Facebook Messenger) to lure  users into interacting with a malicious hyperlink or attachment that executes malware. PROTECTING LOGIN CREDENTIALS  CISA, NSA, FBI, and MS-ISAC recommend organizations implement the following to reduce the  likelihood of successful login credential phishing. If an  email fails the check, it is deemed a spoofed email address, and the mail system will  quarantine and report it as malicious. o These tools reject any incoming email that has a domain that is being spoofed when a  DMARC policy of reject is enabled. o Spoofed emails are rejected at the mail server prior to delivery. o DMARC reports provide a mechanism for notifying the owner of a spoofed domain  including the source of an apparent forger (information they would not receive  otherwise.)  o Enable DMARC policies to lower the chance of cyber threat actors crafting emails that  appear to come from your organization’s domain(s). o See CISA Insights Enhance Email and Web Security and the Center for Internet Security’s  (CIS’s) page on DMARC, as well as Microsoft’s Anti-Spoofing guidance for more  information.[1]  •  Implement internal mail and messaging monitoring. Monitoring internal mail and messaging  traffic to identify suspicious activity is essential as users may be phished from outside the  targeted network or without the knowledge of the organizational security team. These forms of MFA are phishing  resistant and resilient against the threats listed in previous sections. If an organization  that uses mobile push-notification based MFA is unable to implement phishing-resistant  MFA, use number matching to mitigate MFA fatigue. o Prioritizing phishing-resistant MFA for administrator and privileged user accounts, such  as those with access to e-discovery tools or broad access to customer or financial data. SSO is a user  lifecycle management mechanism that—among other benefits—can reduce the chance of  users being socially engineered to give up their login credentials, especially when paired  with MFA or phishing-resistant MFA. o Identify and remediate successful phishing attempts. o Promptly report phishing incidents (see the Reporting section). PREVENTING MALWARE EXECUTION  CISA, NSA, FBI, and MS-ISAC recommend organizations implement the following to reduce the  likelihood of successful malware execution following phishing attacks. •  Incorporate denylists at the email gateway and enable firewall rules to prevent successful  malware deployment. o For more information on protective phishing filters, refer to Microsoft, MacOS, or Google’s  guidance on phishing and malware protection.[2],[3],[4],[5] CISA, NSA, FBI, and MS-ISAC  recommend reaching out to vendors or service providers to learn about what phishing  filters and malware protections are available. •  Implement remote browser isolation (RBI) solutions that prevent malware propagation through  quarantining the malware sample upon user execution. RBI solutions run applications that  quarantine malware when a user interacts with a malicious link or binary to prevent further  spread into the environment. Configure RBI solutions in remote workstations so that any  malware is contained within an isolation boundary and cannot access an organization’s  resources. •  Implement free security tools like Quad9 or Google Safe Browsing to identify and stop malware  upon user execution. SMALL- AND MEDIUM-SIZED BUSINESSES (SMBs) OR ORGANIZATIONS  CISA, NSA, FBI, and MS-ISAC recommend that small- and medium-sized organizations with limited  resources prioritize the following best practices to protect network resources from prevalent phishing  threats:  •  User phishing awareness training: Implement a standard anti-phishing training program and  require employees to review phishing training material annually. o Small businesses are encouraged to implement commercial phishing awareness training  programs to employees. Additionally, NIST offers free anti-phishing training resources for  small businesses on their Small Business Cybersecurity Corner: Phishing webpage. o The Department of Justice (DOJ) offers Anti-Phishing Training Program Support to federal  organizations. o The Federal Trade Commission (FTC) offers guidance to protect small businesses from  phishing threats on their Cybersecurity for Small Businesses: Phishing webpage. •  Identify network phishing vulnerabilities: Federal organizations are encouraged to participate in  CISA’s Phishing Vulnerability Scanning assessment service. •  Enable MFA: Activating a strong MFA is the best way that small businesses can protect their  internet facing business accounts from phishing related threats. Additionally, CISA, NSA, FBI, and MS-ISAC recommend SMBs implement the technical solutions  below to prevent phishing related compromises:  •  Implement strong password policies to authenticate users. •  Implement anti-virus solutions to mitigate malware and to stop malware from executing if a  malicious hyperlink or attachment from an email is opened. These policies also prevent users from visiting malicious websites  that often contain malware that can either harvest user credentials or deploy additional malware  to damage organizational systems. Providers also commonly perform robust email traffic monitoring and anti- phishing malware services. SOFTWARE MANUFACTURERS  CISA, NSA, FBI, and MS-ISAC recommend software manufacturers incorporate secure-by-design and ­ default principles and tactics into their software development practices, reducing the susceptibility of  their customers to phishing attacks. To mitigate the success of phishing emails reaching users and users interacting with the email, the  authoring organizations recommend the following:  •  Perform field testing of email software. To mitigate successful malware execution following phishing attacks:  •  Ensure phishing filtering and blocking mechanisms are packaged with email software by default  to prevent successful malware deployment. INCIDENT RESPONSE  If an organization identifies compromised credentials and/or successful malware from phishing  activity, remediate the activity by:  1. Auditing account access following a confirmed phishing incident to ensure malicious actors  no longer have access to the initially impacted account. Isolating the affected workstation after the detection of a phishing attack. This helps stop the  executed malware from spreading further into the organization’s network. After isolating the affected workstation(s), have the malware  analyzed by a team that specializes in malware analysis. After analysis,  specialists will know how to safely handle the malware. Learn more by visiting CISA’s  malware analysis services and resources webpage. Eradicate the malware from the network so other workstations  within the organization’s networks can no longer be negatively impacted by the executed  malware. Reporting suspicious phishing activity is one of the most efficient methods for protecting  organizations as it helps email service providers identify new or trending phishing attacks. •  To report spoofing or phishing attempts (or to report that you've been a victim), file a complaint  with the FBI’s Internet Crime Complaint Center (IC3), or contact your local FBI Field Office to  report an incident. Any reference to specific commercial  entities, products, processes, or services by service mark, trademark, manufacturer, or otherwise,  does not constitute or imply endorsement, recommendation, or favoring by CISA, NSA, FBI, or MS­ ISAC."
Shifting the Balance of Cybersecurity Risk: Principles and Approaches for Security by Design and Default,2023-10-16,4,"{""Investment"": 14, ""Threats of Violence"": 1, ""Phishing/Spoofing"": 3, ""IPR*/Copyright&Counterfeit"": 1}","{""Phishing/Spoofing"": {""phishing"": 3}, ""Extortion"": {}, ""Personal Data Breach"": {}, ""Non-Payment/Non-Delivery"": {}, ""Investment"": {""investments"": 8, ""investment"": 1, ""investing"": 3, ""retirement"": 1, ""investors"": 1}, ""Tech Support"": {}, ""Business Email Compromise"": {}, ""Identity Theft"": {}, ""Employment"": {}, ""Confidence/Romance"": {}, ""Government Impersonation"": {}, ""Credit Card/Check Fraud"": {}, ""Harassment/Stalking"": {}, ""Real Estate"": {}, ""Advanced Fee"": {}, ""Crimes Against Children"": {}, ""Lottery/Sweepstakes/Inheritance"": {}, ""Data Breach"": {}, ""Ransomware"": {}, ""Overpayment"": {}, ""IPR*/Copyright&Counterfeit"": {""trademark"": 1}, ""Threats of Violence"": {""harm"": 1}, ""SIM Swap"": {}, ""Botnet"": {}, ""Malware"": {}, ""Cryptocurrency"": {}}","This product is intended to  progress an international conversation about key priorities, investments, and decisions  necessary to achieve a future where technology is safe, secure, and resilient by design  and default. Secure by design development  requires the strategic investment of dedicated resources by software  manufacturers at each layer of the product design and development  process that cannot be “bolted on” later. Manufacturers are encouraged to make hard tradeoffs and investments,  including those that will be “invisible” to the customers (e. However, investing in secure  by design practices while developing innovative technology products and  maintaining existing ones can substantially improve the security posture  of customers and reduce the likelihood of compromise. Manufacturers should  think about more than just their investments to incorporate these elements into their  products. Manufacturers should take ownership of their customers’ security outcomes rather than  measuring themselves solely on their efforts and investments. Too many manufacturers place the burden of  security on the customer rather than investing in comprehensive application hardening. And yet supporting features without a retirement plan, like a  networking protocol, can leave customers vulnerable if they lack an understanding of the  implications of ongoing use of that feature. Conversely, security investments by the relative  few manufacturers will scale. For example, given  the prevalence of SQL injection vulnerabilities  causing real-world harm, ensure that developers  use a well-maintained library to prevent that class  of vulnerability. Prospective customers and investors can learn more about the investments and  tradeoffs manufacturers have made, and the security posture those investments  have created for customers. For example, SaaS  providers should publish statistics on their  internal deployment of phishing-resistant  MFA, like Fast Identity Online (FIDO)  authentication. Ideally, they should be able  to say that no staff member can access  customer or other sensitive data without  authenticating via phishing-resistant MFA. Moreover, investing the necessary resources to ensure that software  security is a core business priority from the beginning will reduce the long- term costs of addressing software defects–and in turn, lower the national  security risks. This executive must be empowered to  influence product investments to achieve  customer security outcomes. If a manufacturer  fails to meet the CPGs— such as not requiring phishing-resistant MFA for all  employees— then they cannot be seen as delivering secure by design products. Any reference to specific commercial entities or  commercial products, processes, or services by service mark, trademark, manufacturer,  or otherwise does not constitute or imply endorsement, recommendation, or favoritism by  CISA and the authoring organizations."
Threat Actors Exploit Atlassian Confluence CVE-2023-22515 for Initial Access to Networks,2023-10-16,4,"{""Phishing/Spoofing"": 1, ""IPR*/Copyright&Counterfeit"": 1}","{""Phishing/Spoofing"": {""phishing"": 1}, ""Extortion"": {}, ""Personal Data Breach"": {}, ""Non-Payment/Non-Delivery"": {}, ""Investment"": {}, ""Tech Support"": {}, ""Business Email Compromise"": {}, ""Identity Theft"": {}, ""Employment"": {}, ""Confidence/Romance"": {}, ""Government Impersonation"": {}, ""Credit Card/Check Fraud"": {}, ""Harassment/Stalking"": {}, ""Real Estate"": {}, ""Advanced Fee"": {}, ""Crimes Against Children"": {}, ""Lottery/Sweepstakes/Inheritance"": {}, ""Data Breach"": {}, ""Ransomware"": {}, ""Overpayment"": {}, ""IPR*/Copyright&Counterfeit"": {""trademark"": 1}, ""Threats of Violence"": {}, ""SIM Swap"": {}, ""Botnet"": {}, ""Malware"": {}, ""Cryptocurrency"": {}}","While not observed in this instance of exploitation, mandating phishing-resistant multifactor  authentication (MFA) for all staff and services can make it more difficult for threat actors to  gain access to networks and information systems. Any reference to specific commercial entities,  products, processes, or services by service mark, trademark, manufacturer, or otherwise, does not  constitute or imply endorsement, recommendation, or favoring by CISA, FBI, and MS-ISAC."
#StopRansomware: AvosLocker Ransomware (Update),2023-10-11,4,"{""Ransomware"": 25, ""Extortion"": 3, ""Malware"": 1, ""Phishing/Spoofing"": 2, ""Cryptocurrency"": 1, ""IPR*/Copyright&Counterfeit"": 1}","{""Phishing/Spoofing"": {""phishing"": 2}, ""Extortion"": {""extortion"": 3}, ""Personal Data Breach"": {}, ""Non-Payment/Non-Delivery"": {}, ""Investment"": {}, ""Tech Support"": {}, ""Business Email Compromise"": {}, ""Identity Theft"": {}, ""Employment"": {}, ""Confidence/Romance"": {}, ""Government Impersonation"": {}, ""Credit Card/Check Fraud"": {}, ""Harassment/Stalking"": {}, ""Real Estate"": {}, ""Advanced Fee"": {}, ""Crimes Against Children"": {}, ""Lottery/Sweepstakes/Inheritance"": {}, ""Data Breach"": {}, ""Ransomware"": {""ransomware"": 23, ""ransom"": 2}, ""Overpayment"": {}, ""IPR*/Copyright&Counterfeit"": {""trademark"": 1}, ""Threats of Violence"": {}, ""SIM Swap"": {}, ""Botnet"": {}, ""Malware"": {""malware"": 1}, ""Cryptocurrency"": {""bitcoin"": 1}}","TLP:CLEAR Product ID: AA23-284A October 11, 2023 TLP:CLEAR #StopRansomware: AvosLocker  Ransomware (Update)  SUMMARY  Note: This joint Cybersecurity Advisory (CSA)  is part of an ongoing #StopRansomware effort  to publish advisories for network defenders  that detail various ransomware variants and  ransomware threat actors. These  #StopRansomware advisories include  recently and historically observed tactics,  techniques, and procedures (TTPs) and  indicators of compromise (IOCs) to help  organizations protect against ransomware. AvosLocker operates under a ransomware-as-a-service  (RaaS) model. AvosLocker affiliates then use  exfiltration-based data extortion tactics with threats of leaking and/or publishing stolen data. This joint CSA updates the March 17, 2022, AvosLocker ransomware joint CSA, Indicators of  Compromise Associated with AvosLocker ransomware, released by FBI and the Department of  the Treasury’s Financial Crimes Enforcement Network (FinCEN). This update includes IOCs  Actions to take today to mitigate cyber  threats from AvosLocker ransomware:  •  Securing remote access tools  •  Restricting RDP and other remote  desktop services  •  Securing PowerShell and/or restrict  usage  •  Update software to latest version and  apply patching updates regularly. FBI and CISA encourage critical infrastructure organizations to implement the recommendations  in the Mitigations section of this CSA to reduce the likelihood and impact of AvosLocker  ransomware and other ransomware incidents. AvosLocker affiliates use legitimate software and open-source tools during ransomware  operations, which include exfiltration-based data extortion. For additional TTPs, see joint CSA Indicators of Compromise Associated with AvosLocker  Ransomware. NetMonitor.exe is a  malware masquerading as a legitimate process and has the appearance of a legitimate network  monitoring tool. o Apply phishing-resistant multifactor authentication (MFA). The FBI and CISA recommend that  software manufactures incorporate secure-by- design and -default principles and tactics into  their software development practices to limit the  impact of ransomware techniques (such as  threat actors leveraging backdoor vulnerabilities  into remote software systems), thus,  strengthening the secure posture for their  customers. In addition, FBI and CISA recommend network defenders apply the following mitigations to limit  potential adversarial use of common system and network discovery techniques and to reduce  the impact and risk of compromise by ransomware or data extortion actors:  •  Disable File and Printer sharing services. •  Require phishing-resistant multifactor authentication for all services to the extent  possible, particularly for webmail, virtual private networks, and accounts that access  critical systems [CPG 2.H]. •  Segment networks to prevent the spread of ransomware. Network segmentation can  help prevent the spread of ransomware by controlling traffic flows between—and access  to—various subnetworks, restricting further lateral movement [CPG 2.F]. •  Identify, detect, and investigate abnormal activity and potential traversal of the  indicated ransomware with a networking monitoring tool. To aid in detecting  ransomware, implement a tool that logs and reports all network traffic, including lateral  movement activity on a network. •  The Joint Ransomware Guide provides preparation, prevention, and mitigation best  practices as well as a ransomware response checklist. •  Cyber Hygiene Services and Ransomware Readiness Assessment provide no-cost  cyber hygiene and ransomware readiness assessment services. REPORTING  The FBI is seeking any information that can be shared, to include boundary logs showing  communication to and from foreign IP addresses, a sample ransom note, communications with  AvosLocker affiliates, Bitcoin wallet information, decryptor files, and/or a benign sample of an  encrypted file. The FBI and CISA do not encourage paying ransom as payment does not  guarantee victim files will be recovered. Furthermore, payment may also embolden adversaries  to target additional organizations, encourage other criminal actors to engage in the distribution  of ransomware, and/or fund illicit activities. Any reference to specific commercial entities,  products, processes, or services by service mark, trademark, manufacturer, or otherwise, does  not constitute or imply endorsement, recommendation, or favoring by CISA and FBI."
Improving Security of Open Source Software in Operational Technology and Industrial Control Systems,2023-10-11,4,"{""Phishing/Spoofing"": 1, ""Malware"": 5, ""IPR*/Copyright&Counterfeit"": 1}","{""Phishing/Spoofing"": {""phishing"": 1}, ""Extortion"": {}, ""Personal Data Breach"": {}, ""Non-Payment/Non-Delivery"": {}, ""Investment"": {}, ""Tech Support"": {}, ""Business Email Compromise"": {}, ""Identity Theft"": {}, ""Employment"": {}, ""Confidence/Romance"": {}, ""Government Impersonation"": {}, ""Credit Card/Check Fraud"": {}, ""Harassment/Stalking"": {}, ""Real Estate"": {}, ""Advanced Fee"": {}, ""Crimes Against Children"": {}, ""Lottery/Sweepstakes/Inheritance"": {}, ""Data Breach"": {}, ""Ransomware"": {}, ""Overpayment"": {}, ""IPR*/Copyright&Counterfeit"": {""trademark"": 1}, ""Threats of Violence"": {}, ""SIM Swap"": {}, ""Botnet"": {}, ""Malware"": {""malware"": 5}, ""Cryptocurrency"": {}}","As identified in the 2015  Ukrainian power grid compromise[4], threat actors sent phishing emails targeting IT networks before pivoting to the ICS  environment and deploying BlackEnergy malware. However, patching and security updates create opportunities for  threat actors to affect the OT supply chain—malicious threat actors can compromise the supply chain by embedding  malware in a patch or by compromising the website that hosts the patch, such as replacing the patch itself with malware  (known as a ‘watering hole’). For example, Havex malware used legitimate system update installers to deploy and execute the malware  along with the normal software update process. Any reference to specific commercial entities, products, processes, or  services by service mark, trademark, manufacturer, or otherwise, does not constitute or imply endorsement,  recommendation, or favoring by CISA, FBI, NSA, and U.S."
Two or More Ransomware Variants Impacting the Same Victims and Data Destruction Trends,2023-09-28,3,"{""Ransomware"": 25, ""Threats of Violence"": 1, ""Malware"": 3, ""Phishing/Spoofing"": 1}","{""Phishing/Spoofing"": {""phishing"": 1}, ""Extortion"": {}, ""Personal Data Breach"": {}, ""Non-Payment/Non-Delivery"": {}, ""Investment"": {}, ""Tech Support"": {}, ""Business Email Compromise"": {}, ""Identity Theft"": {}, ""Employment"": {}, ""Confidence/Romance"": {}, ""Government Impersonation"": {}, ""Credit Card/Check Fraud"": {}, ""Harassment/Stalking"": {}, ""Real Estate"": {}, ""Advanced Fee"": {}, ""Crimes Against Children"": {}, ""Lottery/Sweepstakes/Inheritance"": {}, ""Data Breach"": {}, ""Ransomware"": {""ransomware"": 24, ""ransom"": 1}, ""Overpayment"": {}, ""IPR*/Copyright&Counterfeit"": {}, ""Threats of Violence"": {""harm"": 1}, ""SIM Swap"": {}, ""Botnet"": {}, ""Malware"": {""malware"": 3}, ""Cryptocurrency"": {}}","Threat  As of July 2023, the FBI noted two trends emerging across the ransomware environment and is  releasing this notification for industry awareness. These new trends included multiple  ransomware attacks on the same victim in close date proximity and new data destruction  tactics in ransomware attacks. TLP:CLEAR        TLP:CLEAR   The FBI noted a trend of dual ransomware attacks conducted in close proximity to one  another.1 During these attacks, cyber threat actors deployed two different ransomware variants  against victim companies from the following variants: AvosLocker, Diamond, Hive, Karakurt,  LockBit, Quantum, and Royal. This use of dual  ransomware variants resulted in a combination of data encryption, exfiltration, and financial  losses from ransom payments. Second ransomware attacks against an already compromised  system could significantly harm victim entities.  In early 2022, multiple ransomware groups increased use of custom data theft, wiper tools, and  malware to pressure victims to negotiate. In other cases in 2022, malware containing data wipers  remained dormant until a set time, then executed to corrupt data in alternating intervals. The FBI and recommends network defenders apply the following mitigations to limit potential  adversarial use of common system and network discovery techniques and to reduce the risk of  compromise by ransomware:    Preparing for Cyber Incidents -   Maintain offline backups of data, and regularly maintain backup and restoration. 1 Ransomware attacks against the same victim occurring within 10 days, or less, of each other were considered dual ransomware  attacks. The majority of dual ransomware attacks occurred within 48 hours of each other.  Require phishing-resistant multifactor authentication for all services to the extent possible,  particularly for webmail, virtual private networks, and accounts that access critical systems. Protective Controls and Architecture -   Segment networks to prevent the spread of ransomware. Network segmentation can help prevent  the spread of ransomware by controlling traffic flows between—and access to—various  subnetworks and by restricting adversary lateral movement. TLP:CLEAR        TLP:CLEAR   Identify, detect, and investigate abnormal activity and potential traversal of the indicated  ransomware with a networking monitoring tool. To aid in detecting the ransomware, implement a  tool that logs and reports all network traffic, including lateral movement activity on a network. Threat actors  use SMB to propagate malware across organizations. Joint Ransomware Task Force (JRTF)  The JRTF, co-chaired by CISA and FBI, is an interagency, collaborative effort to combat the  growing threat of ransomware attacks. The JRTF was launched in response to a series of high- profile ransomware attacks on U.S. The JRTF:    Coordinates and streamlines the US Government's response to ransomware attacks and  facilitates information sharing and collaboration between government agencies and private sector  partners.  Ensures operational coordination for activities such as developing and sharing best practices for  preventing and responding to ransomware attacks, conducting joint investigations and operations  against ransomware threat actors, and providing guidance and resources to organizations that have  been victimized by ransomware.  Represents a significant step forward in enabling unity of effort across the US Government's  efforts to address the growing threat of ransomware attacks."
People's Republic of China-Linked Cyber Actors Hide in Router Firmware,2023-09-27,3,"{""Malware"": 5, ""IPR*/Copyright&Counterfeit"": 7}","{""Phishing/Spoofing"": {}, ""Extortion"": {}, ""Personal Data Breach"": {}, ""Non-Payment/Non-Delivery"": {}, ""Investment"": {}, ""Tech Support"": {}, ""Business Email Compromise"": {}, ""Identity Theft"": {}, ""Employment"": {}, ""Confidence/Romance"": {}, ""Government Impersonation"": {}, ""Credit Card/Check Fraud"": {}, ""Harassment/Stalking"": {}, ""Real Estate"": {}, ""Advanced Fee"": {}, ""Crimes Against Children"": {}, ""Lottery/Sweepstakes/Inheritance"": {}, ""Data Breach"": {}, ""Ransomware"": {}, ""Overpayment"": {}, ""IPR*/Copyright&Counterfeit"": {""trademark"": 5, ""trademarks"": 2}, ""Threats of Violence"": {}, ""SIM Swap"": {}, ""Botnet"": {}, ""Malware"": {""malware"": 5}, ""Cryptocurrency"": {}}","BlackTech actors use custom malware, dual-use tools, and living off the land  tactics, such as disabling logging on routers, to conceal their operations. BlackTech actors’ TTPs include  developing customized malware and tailored persistence mechanisms for compromising  routers. Observable TTPs  BlackTech cyber actors use custom malware payloads and remote access tools (RATs)  to target victims’ operating systems. The actors have used a range of custom malware  families targeting Windows®, Linux®, and FreeBSD® operating systems. Custom  malware families employed by BlackTech include:   BendyBear [S0574]   Bifrose   BTSDoor   FakeDead (a.k.a. Reference herein to any specific commercial products, process, or service by trade name, trademark,  manufacturer, or otherwise, does not constitute or imply its endorsement, recommendation, or favoring by the United  States Government or Japan, and this guidance shall not be used for advertising or product endorsement purposes. Trademark recognition  Cisco and Cisco IOS are registered trademarks of Cisco Technology, Inc. FreeBSD is a registered trademark of The FreeBSD Foundation. Linux is a registered trademark of Linus Torvalds. MITRE and MITRE ATT&CK are registered trademarks of The MITRE Corporation. Windows is a registered trademark of Microsoft Corporation."
#StopRansomware: Snatch Ransomware,2023-09-20,3,"{""Ransomware"": 43, ""Extortion"": 9, ""Non-Payment/Non-Delivery"": 1, ""Phishing/Spoofing"": 3, ""Cryptocurrency"": 1, ""IPR*/Copyright&Counterfeit"": 1}","{""Phishing/Spoofing"": {""phishing"": 2, ""spoofed"": 1}, ""Extortion"": {""extortion"": 9}, ""Personal Data Breach"": {}, ""Non-Payment/Non-Delivery"": {""unpaid"": 1}, ""Investment"": {}, ""Tech Support"": {}, ""Business Email Compromise"": {}, ""Identity Theft"": {}, ""Employment"": {}, ""Confidence/Romance"": {}, ""Government Impersonation"": {}, ""Credit Card/Check Fraud"": {}, ""Harassment/Stalking"": {}, ""Real Estate"": {}, ""Advanced Fee"": {}, ""Crimes Against Children"": {}, ""Lottery/Sweepstakes/Inheritance"": {}, ""Data Breach"": {}, ""Ransomware"": {""ransomware"": 36, ""ransom"": 7}, ""Overpayment"": {}, ""IPR*/Copyright&Counterfeit"": {""trademark"": 1}, ""Threats of Violence"": {}, ""SIM Swap"": {}, ""Botnet"": {}, ""Malware"": {}, ""Cryptocurrency"": {""bitcoin"": 1}}","TLP:CLEAR Product ID: AA23-263A September 20, 2023 Co-Authored by:  TLP:CLEAR #StopRansomware: Snatch Ransomware  SUMMARY  Note: This joint Cybersecurity Advisory (CSA) is part of  an ongoing #StopRansomware effort to publish  advisories for network defenders that detail various  ransomware variants and ransomware threat actors. These #StopRansomware advisories include recently  and historically observed tactics, techniques, and  procedures (TTPs) and indicators of compromise (IOCs)  to help organizations protect against ransomware. The Federal Bureau of Investigation (FBI) and the Cybersecurity and Infrastructure Security Agency  (CISA) are releasing this joint CSA to disseminate known ransomware IOCs and TTPs associated  with the Snatch ransomware variant identified through FBI investigations as recently as June 1, 2023. Since mid-2021, Snatch threat actors have consistently evolved their tactics to take advantage of  current trends in the cybercriminal space and leveraged successes of other ransomware variants’  operations. Snatch  threat actors conduct ransomware operations involving data exfiltration and double extortion. After  data exfiltration often involving direct communications with victims demanding ransom, Snatch threat  actors may threaten victims with double extortion, where the victims’ data will be posted on Snatch’s  extortion blog if the ransom goes unpaid. FBI and CISA encourage organizations to implement the recommendations in the Mitigations section  of this CSA to reduce the likelihood and impact of ransomware incidents. •  Enable and enforce phishing- resistant multifactor authentication  (MFA). First appearing in 2018, Snatch operates a ransomware-as-a-service (RaaS) model and claimed their  first U.S.-based victim in 2019. Snatch  threat actors use a customized ransomware variant notable for rebooting devices into Safe Mode  [T1562.009], enabling the ransomware to circumvent detection by antivirus or endpoint protection,  and then encrypting files when few services are running. Snatch threat actors have been observed purchasing previously stolen data from other ransomware  variants in an attempt to further exploit victims into paying a ransom to avoid having their data  released on Snatch’s extortion blog. Note: Since November 2021, an extortion site operating under  the name Snatch served as a clearinghouse for data exfiltrated or stolen from victim companies on  Clearnet and TOR hosted by a bulletproof hosting service. In August 2023, individuals claiming to be  associated with the blog gave a media interview claiming the blog was not associated with Snatch  ransomware and “none of our targets has been attacked by Ransomware Snatch…”, despite multiple  confirmed Snatch victims’ data appearing on the blog alongside victims associated with other  ransomware groups, notably Nokoyawa and Conti.[1]  Initial Access and Persistence  Snatch threat actors employ several different methods to gain access to and maintain persistence on  a victim’s network. Prior to deploying the ransomware, Snatch threat actors were observed spending up to three months  on a victim’s system. Defense Evasion and Execution  During the early stages of ransomware deployment, Snatch threat actors attempt to disable antivirus  software [T1562.001] and run an executable as a file named safe.exe or some variation thereof. In  recent victims, the ransomware executable’s name consisted of a string of hexadecimal characters  which match the SHA-256 hash of the file in an effort to defeat rule-based detection [T1036]. Upon  initiation, the Snatch ransomware payload queries and modifies registry keys [T1012][T1112], uses  various native Windows tools to enumerate the system [T1569.002], finds processes [T1057], and  creates benign processes to execute Windows batch (.bat) files [T1059.003]. The Snatch ransomware executable appends a series of hexadecimal characters to each file and  folder name it encrypts—unique to each infection—and leaves behind a text file titled HOW TO  RESTORE YOUR FILES.TXT in each folder. Snatch threat actors communicate with their victims  through email and the Tox communication platform based on identifiers left in ransom notes or  through their extortion blog. Since November 2021, some victims reported receiving a spoofed call  from an unknown female who claimed association with Snatch and directed them to the group’s  extortion site. In some instances, Snatch victims had a different ransomware variant deployed on their  systems, but received a ransom note from Snatch threat actors. As a result, the victims’ data is  posted on the ransomware blog involving the different ransomware variant and on the Snatch threat  actors’ extortion blog. Table 7: Snatch Threat Actors ATT&CK Techniques for Enterprise – Execution  Technique Title  ID  Use  Command and Scripting  Interpreter: Windows Command  Shell  T1059.003  Snatch threat actors may use batch files (.bat)  during ransomware execution and data  discovery. Table 9: Snatch Threat Actors ATT&CK Techniques for Enterprise – Defense Evasion  Technique Title  ID  Use  Masquerading  T1036  Snatch threat actors have the ransomware  executable match the SHA-256 hash of a  legitimate file to avoid rule-based detection. Impair Defenses: Disable or  Modify Tools  T1562.001  Snatch threat actors have attempted to disable  a system’s antivirus program to enable  persistence and ransomware execution. The  authoring agencies recommend that software  manufactures incorporate secure-by-design and  -default principles and tactics into their software  development practices for hardening software  against ransomware attacks (e.g., to prevent  threat actors from using Safe Mode to evade  detection and file encryption), thus  strengthening the secure posture for their  customers. In addition, the authoring authorities of this CSA recommend network defenders apply the following  mitigations to limit potential adversarial use of common system and network discovery techniques,  and to reduce the impact and risk of compromise by ransomware or data extortion actors:  •  Implement a recovery plan to maintain and retain multiple copies of sensitive or proprietary  data and servers in a physically separate, segmented, and secure location (i.e., hard drive,  storage device, the cloud). •  Require phishing-resistant multifactor authentication (MFA) for all services to the extent  possible, particularly for webmail, virtual private networks (VPNs), and accounts that access  critical systems [CPG 2.H]. •  Segment networks to prevent the spread of ransomware. Network segmentation can help  prevent the spread of ransomware by controlling traffic flows between—and access to— various subnetworks and by restricting adversary lateral movement [CPG 2.F]. •  Identify, detect, and investigate abnormal activity and potential traversal of the  indicated ransomware with a networking monitoring tool. To aid in detecting the  ransomware, implement a tool that logs and reports all network traffic and activity, including  lateral movement, on a network. •  Resource to mitigate a ransomware attack: #StopRansomware Guide. •  No-cost cyber hygiene services: Cyber Hygiene Services and Ransomware Readiness  Assessment. REPORTING  The FBI is seeking any information that can be shared, to include boundary logs showing  communication to and from IP addresses, a sample ransom note, communications with Snatch threat  actors, Bitcoin wallet information, decryptor files, and/or a benign sample of an encrypted file. The FBI  and CISA strongly discourage paying ransom as payment does not guarantee victim files will be  recovered. Furthermore, payment may also embolden adversaries to target additional organizations,  encourage other criminal actors to engage in the distribution of ransomware, and/or fund illicit  activities. Any  reference to specific commercial products, processes, or services by service mark, trademark,  manufacturer, or otherwise, does not constitute or imply endorsement, recommendation, or favoring  by FBI or CISA."
Multiple Nation-State Threat Actors Exploit CVE-2022-47966 and CVE-2022-42475,2023-09-07,3,"{""Malware"": 12, ""Botnet"": 2, ""Phishing/Spoofing"": 3, ""IPR*/Copyright&Counterfeit"": 1}","{""Phishing/Spoofing"": {""phishing"": 3}, ""Extortion"": {}, ""Personal Data Breach"": {}, ""Non-Payment/Non-Delivery"": {}, ""Investment"": {}, ""Tech Support"": {}, ""Business Email Compromise"": {}, ""Identity Theft"": {}, ""Employment"": {}, ""Confidence/Romance"": {}, ""Government Impersonation"": {}, ""Credit Card/Check Fraud"": {}, ""Harassment/Stalking"": {}, ""Real Estate"": {}, ""Advanced Fee"": {}, ""Crimes Against Children"": {}, ""Lottery/Sweepstakes/Inheritance"": {}, ""Data Breach"": {}, ""Ransomware"": {}, ""Overpayment"": {}, ""IPR*/Copyright&Counterfeit"": {""trademark"": 1}, ""Threats of Violence"": {}, ""SIM Swap"": {}, ""Botnet"": {""botnet"": 2}, ""Malware"": {""malware"": 12}, ""Cryptocurrency"": {}}","For a downloadable copy of IOCs, see: AA23-250A.stix  For a downloadable copy of the Malware Analysis Report (MAR) accompanying this CSA, see: MAR- 10430311-1.v1    Actions to take today to mitigate  malicious cyber activity:  •  Patch all systems for known  exploited vulnerabilities (KEVs),  including firewall security appliances. Actors were further able to download malware, enumerate the network, collect administrative user  credentials, and move laterally through the organization’s network. 2023-01-21  07:34:32  Bitmap.exe malware downloaded  and designated to connect to C2  IP 179.60.147[.]4. This malware is identified as a variant of  Metasploit (Meterpreter). The server hosting ServiceDesk was observed  beaconing/sending HTTP-GET requests to a suspected  APT-controlled C2 server, indicating malware was  successfully implanted. Additionally, one  administrator account and multiple user  accounts were observed executing the  xpack.exe file from a hidden directory  [T1564.001]:  c:\USERS\[REDACTED]\.P2\POOL\PLUGINS \ORG.ECLIPSE.EMBEDCDT.TEMPLATES.XPAC K_6.3.1.202210101738  This malware was predominantly used to  execute system commands, drop additional  malware and tools, and stage data for  exfiltration [T1074]. Table 3: Resource Development  Technique Title  ID  Use  Acquire  Infrastructure:  Botnet  T1583.005  Actors used User-Agent string Hello World as an initial  step of the Mirai botnet to later download malicious artifacts. Develop  Capabilities:  Malware  T1587.001  Actors created and used a variant of Metasploit  (Meterpreter) on the ServiceDesk system, listed as  wkHPd.exe. Obfuscated Files or  Information:  Embedded  Payloads  T1027.009  Actors downloaded the malware bitmap.exe on the  ServiceDesk system to execute an obfuscated, embedded  malicious payload from its C2 server. Table 12: Collection  Technique Title  ID  Use  Data Staged  T1074  Actors executed xpack.exe malware from a hidden  directory. This malware was predominantly used to execute  system commands, drop additional malware and tools, and  stage data for exfiltration. CISA  and co-sealers recommend the following:  •  Use phishing-resistant multi-factor authentication (MFA) [CPG 2.H] (e.g., security tokens)  for remote access and access to any sensitive data repositories. Implement phishing-resistant  MFA for as many services possible—particularly for webmail and VPNs—for accounts that  access critical systems and privileged accounts that manage backups. RESOURCES  •  NIST: NVD CVE-2022-47966  •  NIST: NVD CVE-2022-42475  •  CISA: KEV List  •  MITRE ATT&CK for Enterprise v13.1  •  CISA, MITRE: Best Practices for MITRE ATT&CK Mapping  •  CISA: Decider Tool  •  CISA: Cross-Sector Cybersecurity Performance Goals  •  CISA: Cyber Hygiene Services  •  CISA: Remediate Vulnerabilities for Internet-Accessible Systems  •  CISA: Layering Network Security Through Segmentation  •  NSA: Segment Networks and Deploy Application-Aware Defenses  •  CISA: MFA  •  CISA: Implementing Phishing-Resistant MFA  •  Microsoft: Using Security Baselines in Your Organization  •  CISA: Guide to Securing Remote Access Software  •  Microsoft: Best Practices for Securing Active Directory  •  NSA: Network Infrastructure Security Guide  DISCLAIMER  The information in this report is being provided “as is” for informational purposes only. Any reference to specific commercial  entities, products, processes, or services by service mark, trademark, manufacturer, or otherwise,  does not constitute or imply endorsement, recommendation, or favoring by CISA, the FBI, or CNMF."
Identification and Disruption of QakBot Infrastructure,2023-08-30,3,"{""Botnet"": 5, ""Malware"": 13, ""Ransomware"": 14, ""Phishing/Spoofing"": 2, ""Cryptocurrency"": 1, ""IPR*/Copyright&Counterfeit"": 1}","{""Phishing/Spoofing"": {""phishing"": 2}, ""Extortion"": {}, ""Personal Data Breach"": {}, ""Non-Payment/Non-Delivery"": {}, ""Investment"": {}, ""Tech Support"": {}, ""Business Email Compromise"": {}, ""Identity Theft"": {}, ""Employment"": {}, ""Confidence/Romance"": {}, ""Government Impersonation"": {}, ""Credit Card/Check Fraud"": {}, ""Harassment/Stalking"": {}, ""Real Estate"": {}, ""Advanced Fee"": {}, ""Crimes Against Children"": {}, ""Lottery/Sweepstakes/Inheritance"": {}, ""Data Breach"": {}, ""Ransomware"": {""ransomware"": 12, ""ransom"": 2}, ""Overpayment"": {}, ""IPR*/Copyright&Counterfeit"": {""trademark"": 1}, ""Threats of Violence"": {}, ""SIM Swap"": {}, ""Botnet"": {""botnet"": 5}, ""Malware"": {""malware"": 12, ""trojan"": 1}, ""Cryptocurrency"": {""bitcoin"": 1}}","Disruption operations targeting QakBot infrastructure resulted in the botnet takeover,  which severed the connection between victim computers and QakBot command and control (C2)  servers. The FBI is working closely with industry partners to share information about the malware to  maximize detection, remediation, and prevention measures for network defenders. CISA and FBI encourage organizations to implement the recommendations in the Mitigations section  to reduce the likelihood of QakBot-related activity and promote identification of QakBot-facilitated  ransomware and malware infections. Note: The disruption of QakBot infrastructure does not mitigate  other previously installed malware or ransomware on victim computers. TECHNICAL DETAILS  Overview  QakBot—also known as Qbot, Quackbot, Pinkslipbot, and TA570—is responsible for thousands of  malware infections globally. QakBot has been the precursor to a significant amount of computer  intrusions, to include ransomware and the compromise of user accounts within the Financial Sector. Since its initial inception as a banking trojan, QakBot has evolved into a multi-purpose botnet and  malware variant that provides threat actors with a wide range of capabilities, to include performing  reconnaissance, engaging in lateral movement, gathering and exfiltrating data, and delivering other  malicious payloads, including ransomware, on affected devices. FBI and CISA encourage organizations to implement the  recommendations in the Mitigations section of this CSA to reduce the likelihood of QakBot-related  infections and promote identification of QakBot-induced ransomware and malware infections. Disruption of the QakBot botnet does not mitigate other previously installed malware or ransomware  on victim computers. QakBot Infrastructure  QakBot’s modular structure allows for various malicious features, including process and web injection,  victim network enumeration and credential stealing, and the delivery of follow-on payloads such as  Cobalt Strike[1], Brute Ratel, and other malware. QakBot infections are particularly known to precede  the deployment of human-operated ransomware, including Conti[2], ProLock[3], Egregor[4], REvil[5],  MegaCortex[6], Black Basta[7], Royal[8], and PwndLocker. At any given time, thousands of victim  computers running Microsoft Windows were infected with QakBot—the botnet was controlled through  three tiers of C2 servers. Organizations are encouraged to review any connections with these IP addresses, which could  potentially indicate a QakBot and/or follow-on malware infection. Disruption of the QakBot botnet does not mitigate other already-installed malware or  ransomware on victim computers. •  Use phishing-resistant multi-factor authentication (MFA) [CPG 2.H] (e.g., security tokens)  for remote access and access to any sensitive data repositories. Implement phishing-resistant  MFA for as many services as possible—particularly for webmail and VPNs—for accounts that  access critical systems and privileged accounts that manage backups. •  Segment networks to prevent the spread of ransomware. Network segmentation can help  prevent the spread of ransomware by controlling traffic flows between—and access to— various subnetworks to restrict adversary lateral movement [CPG 2.F]. •  Identify, detect, and investigate abnormal activity and potential traversal of the  indicated malware with a networking monitoring tool. To aid in detecting the malware,  implement a tool that logs and reports all network traffic, including lateral movement activity on  a network. •  CISA has released a new module in its Cyber Security Evaluation Tool (CSET), the  Ransomware Readiness Assessment (RRA). REPORTING  FBI is seeking any information that can be shared, to include boundary logs showing communication  to and from foreign IP addresses, a sample ransom note, communications with QakBot-affiliated  actors, Bitcoin wallet information, decryptor files, and/or a benign sample of an encrypted file. FBI and  CISA do not encourage paying ransom, as payment does not guarantee victim files will be recovered. Furthermore, payment may also embolden adversaries to target additional organizations, encourage  other criminal actors to engage in the distribution of ransomware, and/or fund illicit activities. Any reference to specific commercial entities, products,  processes, or services by service mark, trademark, manufacturer, or otherwise, does not constitute or  imply endorsement, recommendation, or favoring by CISA and FBI."
Suspected PRC Cyber Actors Continue to Globally Exploit Barracuda ESG Zero-Day Vulnerability,2023-08-23,3,"{""Malware"": 3}","{""Phishing/Spoofing"": {}, ""Extortion"": {}, ""Personal Data Breach"": {}, ""Non-Payment/Non-Delivery"": {}, ""Investment"": {}, ""Tech Support"": {}, ""Business Email Compromise"": {}, ""Identity Theft"": {}, ""Employment"": {}, ""Confidence/Romance"": {}, ""Government Impersonation"": {}, ""Credit Card/Check Fraud"": {}, ""Harassment/Stalking"": {}, ""Real Estate"": {}, ""Advanced Fee"": {}, ""Crimes Against Children"": {}, ""Lottery/Sweepstakes/Inheritance"": {}, ""Data Breach"": {}, ""Ransomware"": {}, ""Overpayment"": {}, ""IPR*/Copyright&Counterfeit"": {}, ""Threats of Violence"": {}, ""SIM Swap"": {}, ""Botnet"": {}, ""Malware"": {""malware"": 3}, ""Cryptocurrency"": {}}","For more details regarding malware found to date  related to this exploit and learn more about Barracuda backdoors, please visit CISA Releases  Malware Analysis Reports on Barracuda Backdoors. Indicators of compromise related to the activity to include:  -  Copies of virtual/physical images (memory and/or appliance images)  -  Log files  -  Malware samples  -  Date and timeframes of malicious activity  -  Information regarding lateral movement or exfiltration  2."
2022 Top Routinely Exploited Vulnerabilities,2023-08-13,3,"{""Ransomware"": 1, ""Phishing/Spoofing"": 1, ""IPR*/Copyright&Counterfeit"": 1}","{""Phishing/Spoofing"": {""phishing"": 1}, ""Extortion"": {}, ""Personal Data Breach"": {}, ""Non-Payment/Non-Delivery"": {}, ""Investment"": {}, ""Tech Support"": {}, ""Business Email Compromise"": {}, ""Identity Theft"": {}, ""Employment"": {}, ""Confidence/Romance"": {}, ""Government Impersonation"": {}, ""Credit Card/Check Fraud"": {}, ""Harassment/Stalking"": {}, ""Real Estate"": {}, ""Advanced Fee"": {}, ""Crimes Against Children"": {}, ""Lottery/Sweepstakes/Inheritance"": {}, ""Data Breach"": {}, ""Ransomware"": {""ransomware"": 1}, ""Overpayment"": {}, ""IPR*/Copyright&Counterfeit"": {""trademark"": 1}, ""Threats of Violence"": {}, ""SIM Swap"": {}, ""Botnet"": {}, ""Malware"": {}, ""Cryptocurrency"": {}}","The actor can then steal information, launch ransomware, or  conduct other malicious activity.[1] Malicious cyber actors began exploiting the  vulnerability after it was publicly disclosed in December 2021, and continued to show high  interest in CVE-2021- 44228 through the first half of 2022. Identity and Access Management  •  Enforce phishing-resistant multifactor authentication (MFA) for all users, without  exception. Any reference to specific commercial products, processes,  or services by service mark, trademark, manufacturer, or otherwise, does not constitute or imply  endorsement, recommendation, or favoring."
Enhanced Monitoring to Detect APT Activity Targeting Outlook Online,2023-07-12,3,"{""IPR*/Copyright&Counterfeit"": 1}","{""Phishing/Spoofing"": {}, ""Extortion"": {}, ""Personal Data Breach"": {}, ""Non-Payment/Non-Delivery"": {}, ""Investment"": {}, ""Tech Support"": {}, ""Business Email Compromise"": {}, ""Identity Theft"": {}, ""Employment"": {}, ""Confidence/Romance"": {}, ""Government Impersonation"": {}, ""Credit Card/Check Fraud"": {}, ""Harassment/Stalking"": {}, ""Real Estate"": {}, ""Advanced Fee"": {}, ""Crimes Against Children"": {}, ""Lottery/Sweepstakes/Inheritance"": {}, ""Data Breach"": {}, ""Ransomware"": {}, ""Overpayment"": {}, ""IPR*/Copyright&Counterfeit"": {""trademark"": 1}, ""Threats of Violence"": {}, ""SIM Swap"": {}, ""Botnet"": {}, ""Malware"": {}, ""Cryptocurrency"": {}}","Any  reference to specific commercial products, processes, or services by service mark, trademark,  manufacturer, or otherwise, does not constitute or imply endorsement, recommendation, or favoring  by the FBI and CISA."
Increased Truebot Activity Infects U.S. and Canada Based Networks,2023-07-07,3,"{""Malware"": 26, ""Ransomware"": 9, ""Botnet"": 1, ""Phishing/Spoofing"": 11, ""Extortion"": 1, ""IPR*/Copyright&Counterfeit"": 1}","{""Phishing/Spoofing"": {""phishing"": 11}, ""Extortion"": {""extortion"": 1}, ""Personal Data Breach"": {}, ""Non-Payment/Non-Delivery"": {}, ""Investment"": {}, ""Tech Support"": {}, ""Business Email Compromise"": {}, ""Identity Theft"": {}, ""Employment"": {}, ""Confidence/Romance"": {}, ""Government Impersonation"": {}, ""Credit Card/Check Fraud"": {}, ""Harassment/Stalking"": {}, ""Real Estate"": {}, ""Advanced Fee"": {}, ""Crimes Against Children"": {}, ""Lottery/Sweepstakes/Inheritance"": {}, ""Data Breach"": {}, ""Ransomware"": {""ransomware"": 9}, ""Overpayment"": {}, ""IPR*/Copyright&Counterfeit"": {""trademark"": 1}, ""Threats of Violence"": {}, ""SIM Swap"": {}, ""Botnet"": {""botnet"": 1}, ""Malware"": {""malware"": 24, ""trojan"": 2}, ""Cryptocurrency"": {}}","and  Canada Based Networks  SUMMARY  The Cybersecurity and Infrastructure Security Agency (CISA), the Federal Bureau of Investigation  (FBI), the Multi-State Information Sharing and Analysis Center (MS-ISAC), and the Canadian Centre  for Cyber Security (CCCS) are releasing this joint Cybersecurity Advisory (CSA) in response to cyber  threat actors leveraging newly identified Truebot malware variants against organizations in the United  States and Canada. As recently as May 31, 2023, the authoring organizations have observed an  increase in cyber threat actors using new malware variants of Truebot (also known as  Silence.Downloader). Truebot is a botnet that has been used by malicious cyber groups like CL0P  Ransomware Gang to collect and exfiltrate information from its target victims. Based on confirmation from open-source reporting and analytical findings of Truebot  variants, the authoring organizations assess cyber threat actors are leveraging both phishing  campaigns with malicious redirect hyperlinks and CVE-2022-31199 to deliver new Truebot malware  variants. Initial Access and Execution  In recent months, open source reporting has detailed an increase in Truebot malware infections,  particularly cyber threat actors using new tactics, techniques, and procedures (TTPs), and delivery  methods.[2] Based on the nature of observed Truebot operations, the primary objective of a Truebot  infection is to exfiltrate sensitive data from the compromised host(s) for financial gain [TA0010]. •  Phishing:  o Cyber threat actors have historically used malicious phishing emails as the primary  delivery method of Truebot malware, which tricks recipients into clicking a hyperlink to  execute malware. Note: Truebot  malware can be hidden within various, legitimate file formats that are used for malicious  purposes [T1036.008].[3]  •  Exploitation of CVE-2022-31199:  o Though phishing remains a prominent delivery method, cyber threat actors have shifted  tactics, exploiting, in observable manner, a remote code execution vulnerability (CVE- 2022-31199) in Netwrix Auditor [T1190]—software used for on-premises and cloud-based  IT system auditing. Discovery and Defense Evasion  During the first stage of Truebot’s execution process, it checks the current version of the operating  system (OS) with RtlGetVersion and processor architecture using GetNativeSystemInfo  [T1082].[4] Note: This variant of Truebot malware is designed with over one gigabyte (GB) of junk  code which functions to hinder detection and analysis efforts [T1027.001]. Truebot malware has the capability to download additional malicious  modules [T1105], load shell code [T1620], and deploy various tools to stealthily navigate an infected  network. This malicious domain has been linked to UNC4509, a  threat cluster that has been known to use traffic distribution systems (TDS) to redirect users to either  a benign or malicious website to facilitate their malicious phishing campaigns in May 2023. Phishing  T1566.002  Truebot actors can send spear phishing links to  gain initial access. Table 9: Privilege Escalation  Technique Title  ID  Use  Boot or Logon  Autostart Execution:  Print Processors  T1547.012  FlawedGrace malware manipulates print spooler  functions to achieve privilege escalation. Obfuscated Files or  Information: Binary  Padding  T1027.001  Cyber threat actors embed around one gigabyte of  junk code within the malware string to evade  detection protocols. Masquerading:  Masquerade File Type  T1036.008  Cyber threat actors hide Truebot malware as  legitimate appearing file formats. Process Injection  T1055  Truebot malware has the ability to load shell code  after establishing a C2 connection. Indicator Removal:  File Deletion  T1070.004  Truebot malware implements self-deletion TTPs  throughout its attack cycle to evade detection. Reflective Code  Loading  T1620  Truebot malware has the capability to load shell  code and deploy various tools to stealthily  navigate an infected network. Table 12: Discovery  Technique Title  ID  Use  System Network  Configuration  Discovery  T1016  Truebot malware scans and enumerates the  affected system’s domain names. Process Discovery  T1057  Truebot malware enumerates all running  processes on the local host. System Information  Discovery  T1082  Truebot malware scans and enumerates the OS  version information, and processor architecture. Truebot malware enumerates the affected  system’s computer names. Debugger Evasion  T1622  Truebot malware scans the compromised  environment for debugger tools and enumerates  them in effort to evade network defenses. Table 14: Collection  Technique Title  ID  Use  Data from Local  System  T1005  Truebot malware checks the current version of the  OS and the processor architecture and compiles  the information it receives. Screen Capture  T1113  Truebot malware takes snapshots of local host  data, specifically processor architecture data, and  sends that to a phase 2 encoded data string. DETECTION METHODS  CISA and authoring organizations recommend that organizations review and implement the following  detection signatures, along with: Win/malicious_confidence100% (W),  Trojan:Win32/Tnega!MSR, and Trojan.Agent.Truebot.Gen, as well as YARA rules below to help  detect Truebot malware. MITIGATIONS  CISA and the authoring organizations recommend organizations implement the below mitigations,  including mandating phishing-resistant multifactor authentication (MFA) for all staff and services. o  Apply phishing-resistant multifactor authentication (MFA). In addition, CISA, FBI, MS-ISAC, and CCCS recommend network defenders apply the following  mitigations to limit potential adversarial use of common system and network discovery techniques and  to reduce the impact and risk of compromise by ransomware or data extortion actors:  •  Disable File and Printer sharing services. •  Require phishing-resistant multifactor authentication for all services to the extent  possible, particularly for webmail, virtual private networks, and accounts that access critical  systems [CPG 2.H]. •  Segment networks to prevent the spread of ransomware. Network segmentation can help  prevent the spread of ransomware by controlling traffic flows between—and access to various  subnetworks, restricting further lateral movement [CPG 2.F]. •  Identify, detect, and investigate abnormal activity and potential traversal of the  indicated ransomware with a networking monitoring tool. To aid in detecting ransomware,  implement a tool that logs and reports all network traffic, including lateral movement activity on  a network. ransomware resources and alerts.)  •  #StopRansomware Guide  •  CISA: Implement Phishing-Resistant MFA  •  CISA: Guide to Securing Remote Access Software  •  CISA and MS-ISAC: Joint Ransomware Guide  •  CISA: Cross-Sector Cybersecurity Performance Goals  •  CL0P Ransomware Uses Truebot Malware for Access to Networks   •  Field Offices – FBI  •  NSA – Zero Trust Security Model    REFERENCES  [1] Bishop Fox: Netwrix Auditor Advisory  [2] Talos Intelligence: Breaking the Silence - Recent Truebot Activity  [3] The DFIR Report: Truebot Deploys Cobalt Strike and FlawedGrace  [4] MAR-10445155-1.v1 .CLEAR Truebot Activity Infects U.S. Any reference to specific commercial products, processes, or services by service mark,  trademark, manufacturer, or otherwise, does not constitute or imply endorsement, recommendation,  or favoring by CISA, and co-sealers."
Understanding Ransomware Threat Actors: LockBit,2023-06-14,2,"{""Ransomware"": 79, ""Data Breach"": 3, ""Threats of Violence"": 4, ""Extortion"": 7, ""Phishing/Spoofing"": 7, ""Malware"": 5, ""IPR*/Copyright&Counterfeit"": 1}","{""Phishing/Spoofing"": {""phishing"": 6, ""spearphishing"": 1}, ""Extortion"": {""blackmailed"": 1, ""extortion"": 4, ""extort"": 1, ""extorted"": 1}, ""Personal Data Breach"": {}, ""Non-Payment/Non-Delivery"": {}, ""Investment"": {}, ""Tech Support"": {}, ""Business Email Compromise"": {}, ""Identity Theft"": {}, ""Employment"": {}, ""Confidence/Romance"": {}, ""Government Impersonation"": {}, ""Credit Card/Check Fraud"": {}, ""Harassment/Stalking"": {}, ""Real Estate"": {}, ""Advanced Fee"": {}, ""Crimes Against Children"": {}, ""Lottery/Sweepstakes/Inheritance"": {}, ""Data Breach"": {""data leak"": 3}, ""Ransomware"": {""ransomware"": 74, ""ransom"": 5}, ""Overpayment"": {}, ""IPR*/Copyright&Counterfeit"": {""trademark"": 1}, ""Threats of Violence"": {""threatened"": 2, ""threatening"": 2}, ""SIM Swap"": {}, ""Botnet"": {}, ""Malware"": {""malware"": 5}, ""Cryptocurrency"": {}}","LockBit ransomware operation functions as a Ransomware-as-a-Service (RaaS)  model where affiliates are recruited to conduct ransomware attacks using LockBit ransomware tools  and infrastructure. Due to the large number of unconnected affiliates in the operation, LockBit  ransomware attacks vary significantly in observed tactics, techniques, and procedures (TTPs). This  variance in observed ransomware TTPs presents a notable challenge for organizations working to  maintain network security and protect against a ransomware threat. The Cybersecurity and Infrastructure Security Agency (CISA), Federal Bureau of Investigation (FBI),  the Multi-State Information Sharing and Analysis Center (MS-ISAC), and the following international  partners, hereafter referred to as “authoring organizations,” are releasing this Cybersecurity Advisory  (CSA) detailing observed activity in LockBit ransomware incidents and providing recommended  mitigations to enable network defenders to proactively improve their organization’s defenses against  this ransomware operation. •  Australian Cyber Security Centre (ACSC)  •  Canadian Centre for Cyber Security (CCCS)  •  United Kingdom’s National Cyber Security Centre (NCSC-UK)  •  National Cybersecurity Agency of France (ANSSI)  •  Germany’s Federal Office for Information Security (BSI)  •  New Zealand’s Computer Emergency Response Team (CERT NZ) and National Cyber  Security Centre (NCSC NZ)   The authoring organizations encourage the implementation of the recommendations found in this  CSA to reduce the likelihood and impact of future ransomware incidents. In 2022, LockBit was the most active global ransomware group and RaaS provider  in terms of the number of victims claimed on their data leak site. [1] A RaaS cybercrime group  maintains the functionality of a particular ransomware variant, sells access to that ransomware variant  to individuals or groups of operators (often referred to as “affiliates”), and supports affiliates’  deployment of their ransomware in exchange for upfront payment, subscription fees, a cut of profits,  or a combination of upfront payment, subscription fees, and a cut of profits. In parallel, affiliates that work with LockBit  and other notable variants are constantly revising the TTPs used for deploying and executing  ransomware. Table 1: Evolution of LockBit RaaS  Date  Event  September 2019  First observed activity of ABCD ransomware, the predecessor  to LockBit. [4]   January 2020  LockBit-named ransomware first seen on Russian-language  based cybercrime forums. [5]  March 2022  Emergence of LockBit 3.0, also known as LockBit Black, that  shares similarities with BlackMatter and Alphv (also known as  BlackCat) ransomware. [2, 6]  January 2023  Arrival of LockBit Green incorporating source code from Conti  ransomware. [7]  April 2023  LockBit ransomware encryptors targeting macOS seen on  VirusTotal [8, 9]    LockBit 2.0, LockBit 3.0, LockBit Green, and LockBit Linux-ESXi Locker are still available for affiliates’  use on LockBit’s panel. LockBit Statistics  Percentage of ransomware incidents attributed to LockBit:  •  Australia: From April 1, 2022, to March 31, 2023, LockBit made up 18% of total reported  Australian ransomware incidents. This figure includes all variants of LockBit ransomware, not  solely LockBit 3.0. •  Canada: In 2022, LockBit was responsible for 22% of attributed ransomware incidents in  Canada.[10]  •  New Zealand: In 2022, CERT NZ received 15 reports of LockBit ransomware, representing  23% of 2022 ransomware reports. •  United States: In 2022, 16% of the State, Local, Tribal, and Tribunal (SLTT) government  ransomware incidents reported to the MS-ISAC were identified as LockBit attacks. This  included ransomware incidents impacting municipal governments, county governments, public  higher education and K-12 schools, and emergency services (e.g., law enforcement). •  New Zealand: The first recorded incident involving LockBit ransomware was in March 2021. Operational activity related to LockBit in France  Since the first case in July 2020 to present, ANSSI has handled 80 alerts linked to the LockBit  ransomware, which accounts for 11% of all ransomware cases handled by ANSSI in that period. Table 2 shows the LockBit activity observed by ANSSI versus overall  ransomware activity tracked by the Computer Emergency Response Team-France (CERT-FR). Leak Sites  The authoring agencies observe data leak sites, where attackers publish the names and captured  data of victims if they do not pay ransom or hush money. Additionally, these sites can be used to  record alleged victims who have been threatened with a data leak. The term 'victims' may include  those who have been attacked, or those who have been threatened or blackmailed (with the attack  having taken place). The leak sites only show the portion of LockBit affiliates’ victims subjected to secondary extortion. Since 2021, LockBit affiliates have employed double extortion by first encrypting victim data and then  exfiltrating that data while threatening to post that stolen data on leak sites. Because LockBit only  reveals the names and leaked data of victims who refuse to pay the primary ransom to decrypt their  data, some LockBit victims may never be named or have their exfiltrated data posted on leak sites. For these reasons, the leak  sites are not a reliable indicator of when LockBit ransomware attacks occurred. The date of data  publication on the leak sites may be months after LockBit affiliates actually executed ransomware  attacks. Table 4 shows a list of legitimate freeware and open-source tools LockBit affiliates have repurposed  for ransomware operations. Post Detonation TTPs  When LockBit affiliates target an organization responsible for managing other organizations’  networks, CERT NZ has observed LockBit affiliates attempt secondary ransomware extortion after  detonation of the LockBit variant on the primary target. Once the primary target is hit, LockBit affiliates  then attempt to extort the companies that are customers of the primary target. This extortion is in the  form of secondary ransomware that locks down services those customers consume. Additionally, the  primary target’s customers may be extorted by LockBit affiliates threatening to release those  customers’ sensitive information. Phishing  T1566  LockBit affiliates use phishing and  spearphishing to gain access to victims'  networks. Lockbit 3.0 may modify and/or disable security  tools including EDR and antivirus to avoid  possible detection of malware, tools, and  activities. Initial Access  •  Consider implementing sandboxed browsers to protect systems from malware originating  from web browsing. •  Segment networks to prevent the spread of ransomware. Network segmentation can help  prevent the spread of ransomware by controlling traffic flows between—and access to— various subnetworks and by restricting adversary lateral movement. Isolate web-facing  applications to further minimize the spread of ransomware across a network [CPG 2.F]. •  Require phishing-resistant multifactor authentication (MFA) for all services to the extent  possible, particularly for webmail, virtual private networks, and privileged accounts that access  critical systems [CPG 2.H]. •  Raise awareness for phishing threats in your organization. Phishing is one of the primary  infection vectors in ransomware campaigns, and all employees should receive practical  training on the risks associated with the regular use of  email. With the rise of sophisticated  phishing methods, such as using stolen email communication or artificial intelligence (AI)  systems such as ChatGPT, the distinction between legitimate and malicious emails becomes  more complex. •  Identify, detect, and investigate abnormal activity and potential traversal of the  indicated ransomware with a networking monitoring tool. To aid in detecting the  ransomware, implement a tool that logs and reports all network traffic, including lateral  movement activity on a network [CPG 1.E]. Malware often uses TLS to communicate with the infrastructure of the threat actor. Implement Mitigations for Defense-in-Depth  Implementing multiple mitigations within a defense-in-depth approach can help protect against  ransomware, such as LockBit. CERT NZ explains How ransomware happens and how to stop it by  applying mitigations, or critical controls, to provide a stronger defense to detect, prevent, and respond  to ransomware before an organization’s data is encrypted. By understanding the most common attack  vectors, organizations can identify gaps in network defenses and implement the mitigations noted in  this advisory to harden organizations against ransomware attacks. In Figure 3, a ransomware attack  is broken into three phases:   •  Initial Access where the cyber actor is looking for a way into a network. •  Impact on Target where the actor is able to steal and encrypt data and then demand ransom. Figure 3 shows the mitigations/critical controls, as various colored hexagons, working together to stop  a ransomware attacker from accessing a network to steal and encrypt data. RESOURCES  •  ACSC:  o See 2023-03: ACSC Ransomware Profile – LockBit 3.0 for additional information. o Information on no-cost cyber hygiene services is available at Cyber Hygiene Services  and Ransomware Readiness Assessment. •  CISA, NSA, FBI, and MS-ISAC:  o See the #StopRansomware Guide developed through the Joint Ransomware Task  Force (JRTF) to provide a one-stop resource to help organizations reduce the risk of  ransomware incidents through best practices to detect, prevent, respond, and recover,  including step-by-step approaches to address potential attacks. o See Blueprint for Ransomware Defense for a clear, actionable framework for  ransomware mitigation, response, and recovery built around the CIS Controls. •  NCSC-UK  o See guidance on Mitigating malware and ransomware attacks for information on  defending organizations against malware or ransomware attacks. •  CCCS:  o See CCCS’s Ransomware playbook (ITSM.00.099) for information on ransomware  prevention and response. o Businesses can find information on developing an incident response plan, creating a  contact list, and communicating ransomware incidents at CERT NZ’s Creating an  incident response plan. •  NCSC NZ:  o For guidance on ransomware for public service agencies, see NCSC NZ’s  Ransomware: Your organization should be both protected and prepared. REPORTING  The authoring organizations do not encourage paying ransom, as payment does not guarantee victim  files will be recovered. Furthermore, payment may also embolden adversaries to target additional  organizations, encourage other criminal actors to engage in the distribution of ransomware, and/or  fund illicit activities. Regardless of whether you or your organization have decided to pay the ransom,  the authoring organizations urge you to promptly report ransomware incidents to your country’s  respective authorities. •  Canada: Canadian victims of ransomware are encouraged to consider reporting cyber  incidents to law enforcement (e.g., local police or the Canadian Anti-Fraud Centre) as well as  to the Canadian Centre for Cyber Security online via My Cyber Portal. Any reference to specific commercial products, processes, or services by service mark, trademark,  manufacturer, or otherwise, does not constitute or imply endorsement, recommendation, or favoring  by the authoring organizations. REFERENCES  [1] LockBit, BlackCat, and Royal Dominate the Ransomware Scene  [2] Ransomware Diaries: Volume 1  [3] What is LockBit ransomware and how does it operate? [4] Ransomware Spotlight: LockBit  [5] Analysis and Impact of LockBit Ransomware’s First Linux and VMware ESXi Variant  [6] A first look at the builder for LockBit 3.0 Black  [7] LockBit ransomware gang releases LockBit Green version  [8] LockBit Ransomware Now Targeting Apple macOS Devices  [9] Apple’s Macs Have Long Escaped Ransomware. That May be Changing  [10] Intelligence agency says ransomware group with Russian ties poses 'an enduring threat' to Canada"
#StopRansomware: CL0P Ransomware Gang Exploits CVE-2023-34362 MOVEit Vulnerability,2023-06-07,2,"{""Ransomware"": 29, ""Phishing/Spoofing"": 7, ""Extortion"": 2, ""Malware"": 8, ""Botnet"": 1, ""Data Breach"": 1, ""Threats of Violence"": 1, ""IPR*/Copyright&Counterfeit"": 1}","{""Phishing/Spoofing"": {""spear-phishing"": 2, ""phishing"": 5}, ""Extortion"": {""extortion"": 2}, ""Personal Data Breach"": {}, ""Non-Payment/Non-Delivery"": {}, ""Investment"": {}, ""Tech Support"": {}, ""Business Email Compromise"": {}, ""Identity Theft"": {}, ""Employment"": {}, ""Confidence/Romance"": {}, ""Government Impersonation"": {}, ""Credit Card/Check Fraud"": {}, ""Harassment/Stalking"": {}, ""Real Estate"": {}, ""Advanced Fee"": {}, ""Crimes Against Children"": {}, ""Lottery/Sweepstakes/Inheritance"": {}, ""Data Breach"": {""data leak"": 1}, ""Ransomware"": {""ransomware"": 25, ""ransom"": 4}, ""Overpayment"": {}, ""IPR*/Copyright&Counterfeit"": {""trademark"": 1}, ""Threats of Violence"": {""threatened"": 1}, ""SIM Swap"": {}, ""Botnet"": {""botnet"": 1}, ""Malware"": {""malware"": 6, ""trojan"": 2}, ""Cryptocurrency"": {}}","TLP:CLEAR Product ID: AA23_158A June 7, 2023 TLP:CLEAR  #StopRansomware: CL0P Ransomware Gang  Exploits CVE-2023-34362 MOVEit Vulnerability  SUMMARY  Updated June 16, 2023  This CSA is being re-released to remove old Fortra GoAnywhere Campaign IP addresses and  to add new IP addresses. End of Update    Note: this joint Cybersecurity Advisory (CSA) is part of an  ongoing #StopRansomware effort to publish advisories for  network defenders that detail various ransomware variants  and ransomware threat actors. These #StopRansomware  advisories include recently and historically observed tactics,  techniques, and procedures (TTPs) and indicators of  compromise (IOCs) to help organizations protect against  ransomware. The Federal Bureau of Investigation (FBI) and the  Cybersecurity and Infrastructure Security Agency (CISA)  are releasing this joint CSA to disseminate known CL0P  ransomware IOCs and TTPs identified through FBI  investigations as recently as June 2023. According to open source information, beginning on May 27,  2023, CL0P Ransomware Gang, also known as TA505,  began exploiting a previously unknown SQL injection  vulnerability (CVE-2023-34362) in Progress Software's managed file transfer (MFT) solution known  as MOVEit Transfer. Internet-facing MOVEit Transfer web applications were infected with a web shell  Actions to take today to mitigate  cyber threats from CL0P  ransomware:   - Take an inventory of assets and  data, identifying authorized and  unauthorized devices and  software. FBI and CISA encourage organizations to implement the recommendations in the Mitigations section  of this CSA to reduce the likelihood and impact of CL0P ransomware and other ransomware  incidents. Appearing in February 2019, and evolving from the CryptoMix ransomware variant, CL0P was  leveraged as a Ransomware as a Service (RaaS) in large-scale spear-phishing campaigns that used  a verified and digitally signed binary to bypass system defenses. CL0P was previously known for its  use of the ‘double extortion’ tactic of stealing and encrypting victim data, refusing to restore victim  access and publishing exfiltrated data on Tor via the CL0P^_-LEAKS website. In 2019, TA505 actors  leveraged CL0P ransomware as the final payload of a phishing campaign involving a macro-enabled  document that used a Get2 malware dropper for downloading SDBot and FlawedGrace. Beyond CL0P ransomware, TA505 is known for frequently changing malware and driving global trends  in criminal malware distribution. Considered to be one of the largest phishing and malspam distributors  worldwide, TA505 is estimated to have compromised more than 3,000 U.S.-based organizations and  8,000 global organizations. TA505 has operated:   •  A RaaS and has acted as an affiliate of other RaaS operations,  •  As an initial access broker (IAB), selling access to compromised corporate networks,   •  As a customer of other IABs,   •  And as a large botnet operator specializing in financial fraud and phishing attacks. In late January 2023, the CL0P ransomware group launched a campaign using a zero-day vulnerability,  now catalogued as CVE-2023-0669, to target the GoAnywhere MFT platform. The ransom notes  threatened to publish the stolen files on the CL0P data leak site if victims did not pay the ransom  amount. Figure 1: CL0P Ransom Note  Hello, this is the CL0P hacker group. This malware uses  application shimming for persistence and to avoid detection [T1546.011]. In May 2023, the CL0P  ransomware group exploited a SQL injection zero-day vulnerability CVE-2023-34362 to install a web  shell named LEMURLOOT on MOVEit Transfer web applications [T1190] [1]. Phishing  T1566  CL0P actors send a large volume of spear-phishing  emails to employees of an organization to gain initial  access. Event Triggered Execution:  Application Shimming  T1546.011  CL0P actors use SDBot malware for application  shimming for persistence and to avoid detection. Remote Service Session Hijacking:  RDP Hijacking  T1563.002  CL0P ransomware actors have been observed  using Remote Desktop Protocol (RDP) to interact  with compromised systems after initial access. ATT&CK Techniques for Enterprise: Command and Control  Command and Control  Technique Title  ID  Use  Application Layer Protocol  T1071  CL0P actors use FlawedAmmyy remote access  trojan (RAT) to communicate with the Command  and Control (C2). Ingress Tool Transfer  T1105   CL0P actors are assessed to use FlawedAmmyy  remote access trojan (RAT) to the download of  additional malware components. o Apply phishing-resistant multifactor authentication (MFA). In addition, the authoring authorities of this CSA recommend network defenders apply the  following mitigations to limit potential adversarial use of common system and network  discovery techniques and to reduce the impact and risk of compromise by ransomware or  data extortion actors:   • Implement a recovery plan to maintain and retain multiple copies of sensitive or  proprietary data and servers in a physically separate, segmented, and secure location  (i.e., hard drive, storage device, the cloud). • Segment networks to prevent the spread of ransomware. Network segmentation can  help prevent the spread of ransomware by controlling traffic flows between—and  access to—various subnetworks and by restricting adversary lateral movement [CPG  2.F]. • Identify, detect, and investigate abnormal activity and potential traversal of the  indicated ransomware with a networking monitoring tool. To aid in detecting the  ransomware, implement a tool that logs and reports all network traffic, including lateral  movement activity on a network. •  Resource to mitigate a ransomware attack: CISA-Multi-State Information Sharing and Analysis  Center (MS-ISAC) Joint Ransomware Guide. •  No-cost cyber hygiene services: Cyber Hygiene Services and Ransomware Readiness  Assessment. The FBI and CISA do not encourage paying ransom as payment does not guarantee victim files will  be recovered. Furthermore, payment may also embolden adversaries to target additional  organizations, encourage other criminal actors to engage in the distribution of ransomware, and/or  fund illicit activities. Any  reference to specific commercial products, processes, or services by service mark, trademark,  manufacturer, or otherwise, does not constitute or imply endorsement, recommendation, or favoring  by CISA or the FBI."
Guide to Securing Remote Access Software,2023-06-06,2,"{""Ransomware"": 2, ""Malware"": 3, ""Phishing/Spoofing"": 3, ""IPR*/Copyright&Counterfeit"": 1}","{""Phishing/Spoofing"": {""phishing"": 3}, ""Extortion"": {}, ""Personal Data Breach"": {}, ""Non-Payment/Non-Delivery"": {}, ""Investment"": {}, ""Tech Support"": {}, ""Business Email Compromise"": {}, ""Identity Theft"": {}, ""Employment"": {}, ""Confidence/Romance"": {}, ""Government Impersonation"": {}, ""Credit Card/Check Fraud"": {}, ""Harassment/Stalking"": {}, ""Real Estate"": {}, ""Advanced Fee"": {}, ""Crimes Against Children"": {}, ""Lottery/Sweepstakes/Inheritance"": {}, ""Data Breach"": {}, ""Ransomware"": {""ransomware"": 2}, ""Overpayment"": {}, ""IPR*/Copyright&Counterfeit"": {""trademark"": 1}, ""Threats of Violence"": {}, ""SIM Swap"": {}, ""Botnet"": {}, ""Malware"": {""malware"": 2, ""trojans"": 1}, ""Cryptocurrency"": {}}","In this  way, remote access software has become a common, high-value instrument for cyber threat actors, especially  ransomware groups. Remote access software enables cyber threat  actors to avoid using or developing custom malware, such as remote access trojans (RATs). As such, remote access software— and RMM in  particular—is often used by cybercriminals in ransomware incidents, and in certain APT campaigns. Sometimes malicious actors also use RMM software in  concert with commercial penetration testing tools such as Cobalt Strike or remote access malware to enable  multiple, often redundant, forms of access to ensure persistence. Phishing  T1566  Threat actors have used phishing campaigns to lead victims to download  legitimate RMM software. • Implement a user training program and phishing exercises to raise users’ awareness of the risks  of visiting suspicious websites, clicking on suspicious links, and opening suspicious attachments  [CPG 2 .I]. Any reference to  specific commercial entities or commercial products, processes, or services by service mark, trademark,  manufacturer, or otherwise, does not constitute or imply endorsement, recommendation, or favoritism by CISA,  NSA, FBI, MS-ISAC, and INCD."
"North Korea Using Social Engineering to Enable Hacking of Think Tanks, Academia, and Media",2023-06-01,2,"{""Phishing/Spoofing"": 27, ""Malware"": 6, ""Non-Payment/Non-Delivery"": 1, ""IPR*/Copyright&Counterfeit"": 1, ""Threats of Violence"": 1}","{""Phishing/Spoofing"": {""spearphishing"": 16, ""phishing"": 6, ""spoofed"": 2, ""spoof"": 2, ""spoofing"": 1}, ""Extortion"": {}, ""Personal Data Breach"": {}, ""Non-Payment/Non-Delivery"": {""undelivered"": 1}, ""Investment"": {}, ""Tech Support"": {}, ""Business Email Compromise"": {}, ""Identity Theft"": {}, ""Employment"": {}, ""Confidence/Romance"": {}, ""Government Impersonation"": {}, ""Credit Card/Check Fraud"": {}, ""Harassment/Stalking"": {}, ""Real Estate"": {}, ""Advanced Fee"": {}, ""Crimes Against Children"": {}, ""Lottery/Sweepstakes/Inheritance"": {}, ""Data Breach"": {}, ""Ransomware"": {}, ""Overpayment"": {}, ""IPR*/Copyright&Counterfeit"": {""trademark"": 1}, ""Threats of Violence"": {""harm"": 1}, ""SIM Swap"": {}, ""Botnet"": {}, ""Malware"": {""malware"": 5, ""virus"": 1}, ""Cryptocurrency"": {}}","These North Korean cyber actors are known to conduct spearphishing campaigns  posing as real journalists, academics, or other individuals with credible links to North Korean policy  circles. Further, successful compromises enable Kimsuky actors to craft more credible and effective  spearphishing emails that can be leveraged against more sensitive, higher-value targets. The  authoring agencies believe that raising awareness of some of these campaigns and employing basic  cyber security practices may frustrate the effectiveness of Kimsuky spearphishing operations. Among social engineering techniques, Kimsuky actors  use spearphishing—or the use of fabricated emails and digital communications tailored to deceive a  target—as one of their primary vectors for initiating a compromise and gaining access into a target’s  devices and networks. For over a decade, Kimsuky actors have continued to refine their social  engineering techniques and made their spearphishing efforts increasingly difficult to discern. A Kimsuky spearphishing  campaign begins with  broad research and  preparation. The Kimsuky actors will  create email addresses  that resemble email  addresses of real  individuals they seek to  impersonate and generate  domains that host the  malicious content of a spearphishing message. They craft convincing spearphishing emails by repurposing the person’s email signature,  contact list, and past email exchanges. DPRK cyber actors are also known to compromise                        Sample of a program for generating DPRK spearphishing emails.   The initial phishing email occasionally contains a malicious link or document, often purporting  to be a report or news article. However, more often, the initial spearphishing email does not contain any  malicious links or attachments and is instead intended to gain the trust of the victim.   In some cases, Kimsuky actors have developed “spoofed” or fake but realistic versions of  actual websites, portals, or mobile applications, and directed targets to input credentials and  other information that are harvested by the DPRK. Compromise of a target account can lead  to persistent access to a victim’s communications, often through a malware used by Kimsuky  actors called BabyShark. Notably, victim responses to spearphishing lures also provide Pyongyang with the added benefit of  insight into foreign policy circles. The domains also may be identified as such in open-source  malware repositories like Virus Total.   Spoofed email accounts have subtle incorrect misspellings of the names and email addresses  of the legitimate ones listed in a university directory or an official website.   Actors are persistent if the target does not respond to the initial spearphishing email. The following are examples of real Kimsuky spearphishing attempts that illustrate variations of the  common themes. Impersonation of journalists  Kimsuky actors often spoof real journalists and broadcast writers to craft a credible front and make  inquiries to prominent individuals working North Korea matters. In many instances, Kimsuky actors do not attach malware to their initial email. Additionally, we have seen Kimsuky actors spoof legitimate journalists to specifically target think tank  employees. Impersonation of academic scholars  Kimsuky actors impersonate South Korean academic scholars to send spearphishing emails to  researchers at think tanks. Impersonation of think tank researchers  Kimsuky actors impersonate researchers from legitimate South Korean think tanks to send  spearphishing emails to political and North Korean experts. Even after stealing the account information of their victims and infecting their  devices with malware, they sometimes continue to send “thank you” emails to their targets. The link leads to a phishing site that mimics a legitimate web  portal login page where victims are directed to input personal information, including their usernames  and passwords, for harvesting by DPRK cyber actors. For potential recipients’ systems administrators:    Implement a user training program and phishing exercises to raise awareness among users  about the risks of visiting websites, clicking on links, and opening attachments. Reinforce the  appropriate user response to phishing and spearphishing emails.   Require phishing-resistant multi-factor authentication (MFA) for as many services as  possible—particularly for webmail, virtual private networks (VPNs), accounts that access  critical systems, and privileged accounts that manage backups. After assessing risks, if RDP is deemed  operationally necessary, restrict the originating sources and require phishing-resistant  MFA to mitigate credential theft and reuse. Threat actors use SMB to propagate malware across organizations. Ensuring that you know how to scan for malicious undelivered email messages on email  servers is a critical step for preparing to understand the scope of this type of targeting once  malicious email identifiers are discovered.   Enabling DMARC and DKIM on email domains generally makes certain forms of email  spoofing more difficult, though it may not directly mitigate the tactics described above. Any  reference to specific commercial products, processes, or service by service mark, trademark,  manufacturer, or otherwise, does not constitute or imply endorsement, recommendation, or favoring  by the co-authors. To prevent any further harm, we  recommend that you take immediate action."
People's Republic of China State-Sponsored Cyber Actor Living off the Land to Evade Detection,2023-05-24,2,"{""IPR*/Copyright&Counterfeit"": 4}","{""Phishing/Spoofing"": {}, ""Extortion"": {}, ""Personal Data Breach"": {}, ""Non-Payment/Non-Delivery"": {}, ""Investment"": {}, ""Tech Support"": {}, ""Business Email Compromise"": {}, ""Identity Theft"": {}, ""Employment"": {}, ""Confidence/Romance"": {}, ""Government Impersonation"": {}, ""Credit Card/Check Fraud"": {}, ""Harassment/Stalking"": {}, ""Real Estate"": {}, ""Advanced Fee"": {}, ""Crimes Against Children"": {}, ""Lottery/Sweepstakes/Inheritance"": {}, ""Data Breach"": {}, ""Ransomware"": {}, ""Overpayment"": {}, ""IPR*/Copyright&Counterfeit"": {""trademark"": 2, ""trademarks"": 2}, ""Threats of Violence"": {}, ""SIM Swap"": {}, ""Botnet"": {}, ""Malware"": {}, ""Cryptocurrency"": {}}","Reference herein to any specific commercial products, process, or service by trade name,  trademark, manufacturer, or otherwise does not constitute or imply its endorsement, recommendation, or  favoring by the authoring agencies’ governments, and this guidance shall not be used for advertising or  product endorsement purposes. Trademark recognition  Active Directory®, Microsoft®, PowerShell®, and Windows® are registered trademarks of Microsoft  Corporation. MITRE® and ATT&CK® are registered trademarks of The MITRE Corporation."
#StopRansomware Guide,2023-05-23,2,"{""Ransomware"": 76, ""Threats of Violence"": 1, ""Extortion"": 12, ""Data Breach"": 4, ""Malware"": 28, ""Phishing/Spoofing"": 17, ""Business Email Compromise"": 3, ""Cryptocurrency"": 2, ""IPR*/Copyright&Counterfeit"": 1}","{""Phishing/Spoofing"": {""phishing"": 12, ""spoofed"": 3, ""spoof"": 1, ""phish"": 1}, ""Extortion"": {""extortion"": 11, ""extort"": 1}, ""Personal Data Breach"": {}, ""Non-Payment/Non-Delivery"": {}, ""Investment"": {}, ""Tech Support"": {}, ""Business Email Compromise"": {""business email"": 1, ""bec"": 1, ""compromised email"": 1}, ""Identity Theft"": {}, ""Employment"": {}, ""Confidence/Romance"": {}, ""Government Impersonation"": {}, ""Credit Card/Check Fraud"": {}, ""Harassment/Stalking"": {}, ""Real Estate"": {}, ""Advanced Fee"": {}, ""Crimes Against Children"": {}, ""Lottery/Sweepstakes/Inheritance"": {}, ""Data Breach"": {""data breach"": 4}, ""Ransomware"": {""ransom"": 8, ""ransomware"": 67, ""ransoms"": 1}, ""Overpayment"": {}, ""IPR*/Copyright&Counterfeit"": {""trademark"": 1}, ""Threats of Violence"": {""threatening"": 1}, ""SIM Swap"": {}, ""Botnet"": {}, ""Malware"": {""malware"": 26, ""viruses"": 1, ""trojans"": 1}, ""Cryptocurrency"": {""bitcoin"": 2}}","Malicious actors then demand ransom in  exchange for decryption. Over time, malicious  actors have adjusted their ransomware tactics to  be more destructive and impactful and have  also exfiltrated victim data and pressured  victims to pay by threatening to release the  stolen data. The application of both tactics is  known as “double extortion.” In some cases,  malicious actors may exfiltrate data and  threaten to release it as their sole form of  extortion without employing ransomware. These ransomware and associated data breach  incidents can severely impact business  processes by leaving organizations unable to  access necessary data to operate and deliver  mission-critical services. The economic and  reputational impacts of ransomware and data  extortion have proven challenging and costly for  organizations of all sizes throughout the initial  disruption and, at times, extended recovery. This guide is an update to the Joint  Cybersecurity and Infrastructure Security  Agency (CISA) and Multi-State Information  Sharing & Analysis Center (MS-ISAC)  Ransomware Guide released in September  2020 (see What’s New) and was developed  through the JRTF. This guide includes two  primary resources:  •  Part 1: Ransomware and Data Extortion Prevention Best Practices  •  Part 2: Ransomware and Data Extortion Response Checklist  Part 1 provides guidance for all organizations to reduce the impact and likelihood of ransomware  incidents and data extortion, including best practices to prepare for, prevent, and mitigate these  incidents. These ransomware and data extortion prevention and response best practices and recommendations  are based on operational insight from CISA, MS-ISAC, the National Security Agency (NSA), and the  Federal Bureau of Investigation (FBI), hereafter referred to as the authoring organizations. Joint Ransomware Task Force (JRTF). The JRTF, co-chaired by CISA and FBI, is an  interagency, collaborative effort to combat the  growing threat of ransomware attacks. The JRTF  was launched in response to a series of high- profile ransomware attacks on U.S. Government's response to ransomware  attacks and facilitates information sharing  and collaboration between government  agencies and private sector partners. •  Ensures operational coordination for activities  such as developing and sharing best  practices for preventing and responding to  ransomware attacks, conducting joint  investigations and operations against  ransomware threat actors, and providing  guidance and resources to organizations that  have been victimized by ransomware. •  Represents a significant step forward in  enabling unity of effort across the U.S  Government's efforts to address the growing  threat of ransomware attacks. Engaging with peer organizations and CISA enables your organization to receive critical and timely  information and access to services for managing ransomware and other cyber threats. What’s New  Since the initial release of the Ransomware Guide in September 2020, ransomware actors have  accelerated their tactics and techniques. •  Expanded the ransomware response checklist with threat hunting tips for detection and  analysis. #StopRansomware is CISA and FBI’s effort  to publish advisories for network defenders  that detail network defense information  related to various ransomware variants and  threat actors. Preparing for Ransomware and Data Extortion Incidents  Refer to the best practices and references listed in this section to help manage the risks posed by  ransomware and to drive a coordinated and efficient response for your organization in the event of an  incident. It is  important that backups are maintained offline, as many  ransomware variants attempt to find and subsequently  delete or encrypt accessible backups to make  restoration impossible unless the ransom is paid. •  Create, maintain, and regularly exercise a basic cyber incident response plan (IRP) and  associated communications plan that includes response and notification procedures for  ransomware and data extortion/breach incidents [CPG 2.S]. o Ensure that data breach notification procedures adhere to applicable state laws. Refer to  the National Conference of State Legislatures: Security Breach Notification Laws for  information on each state’s data breach notification laws and consult legal counsel when  necessary. o Review available incident response guidance, such as the Ransomware Response  Checklist in this guide and Public Power Cyber Incident Response Playbook to:    Help your organization better organize around cyber incident response. Prevention best practices are grouped by common initial  access vectors of ransomware and data extortion actors. Malicious actors use SMB to propagate malware across  organizations, so then harden SMBv3:  o Block or limit internal SMB traffic to systems that require access. Initial Access Vector: Compromised Credentials  •  Implement phishing-resistant MFA for all services, particularly for email, VPNs, and  accounts that access critical systems [CPG 2.H]. Initial Access Vector: Phishing  •  Implement a cybersecurity user awareness and  training program that includes guidance on how to  identify and report suspicious activity (e.g., phishing) or  incidents [CPG 2.I]. •  Enable common attachment filters to restrict file types that commonly contain malware  and should not be sent by email. For more information, refer to Microsoft’s post Anti-malware  protection in EOP. CISA offers a no-cost Phishing  Campaign Assessment and other  no-cost assessments. For example, OneNote attachments with embedded  malware have recently been used in phishing campaigns. o Malware is often compressed in password protected archives that evade antivirus  scanning and email filters. •  Implement Domain-based Message Authentication, Reporting and Conformance  (DMARC) policy and verification to lower  the chance of spoofed or modified emails  from valid domains. DMARC protects your  domain from being spoofed but does not  protect from incoming emails that have been  spoofed unless the sending domain also  implements DMARC. These  macros can be used to deliver ransomware [CPG 2.N]. This fully  managed security service prevents IT  systems from connecting to harmful web  domains and protects against cyber threats,  including:  • Malware,  • Ransomware, and   • Phishing. This  enables detection of both “precursor”  malware and ransomware. o A ransomware infection may be  evidence of a previous, unresolved  network compromise. For example, many ransomware infections are the result of  existing malware infections, such as QakBot, Bumblebee, and Emotet. o In some cases, ransomware deployment is the last step in a network compromise and is  dropped to obscure previous post-compromise activities, such as business email  compromise (BEC). •  Consider implementing an intrusion detection system (IDS) to detect command and control  activity and other potentially malicious network activity that occurs prior to ransomware  deployment. •  Monitor indicators of activity and block malware file creation with the Windows Sysmon  utility. These  security services analyze DNS queries  and take action to mitigate threats— such as malware, ransomware, phishing  attacks, viruses, malicious sites, and  spyware—leveraging the existing DNS  protocol and architecture. •  Consider implementing sandboxed  browsers to protect systems from  malware originating from web browsing. These links then lead unsuspecting  users to phishing sites, malware downloads,  and other cyber threats. Malicious  actors use drive-by downloads to steal and  collect personal information, inject trojans, or  introduce exploit kits or other malware to  endpoints. Users may visit these sites by  responding to a phishing email or by clicking  on a deceptive pop-up window. • “Malvertising”: malicious advertising that  cybercriminals use to inject malware to users’  computers when they visit malicious  websites or click an online advertisement. Malvertising may also direct users to a  corrupted website where their data can be  stolen, or malware can be downloaded onto  their computer. MSPs have been an  infection vector for ransomware  impacting numerous client  organizations [CPG 1.I]. • Malicious actors may spoof the identity of—or use  compromised email accounts associated with— entities your organization has a trusted  relationship with to phish your users, enabling  network compromise and disclosure of  information. Malicious actors often leverage privileged  accounts for network-wide ransomware attacks. Emerging ransomware strategies have  begun targeting VMware ESXi servers, hypervisors, and other centralized tools and systems,  which enables fast encryption of the infrastructure at scale. For more information about  ransomware resilience and hardening of VMware and other virtualization infrastructure, see: o NIST Special Publication (SP 800-125A Rev.1): Security Recommendations for Server- based Hypervisor Platforms o VMware: Cloud Infrastructure Security Configuration & Hardening • Leverage best practices and enable security settings in association with cloud  environments, such as Microsoft Office 365. o Enable delete protection or object lock on storage resources often targeted in  ransomware attacks (e.g., object storage, database storage, file storage, and block  storage) to prevent data from being deleted or overwritten, respectively. Threat actors use PowerShell to deploy  ransomware and hide their malicious activities. Malicious actors often target and use DCs as a staging  point to spread ransomware network wide. Part 2: Ransomware and Data Extortion Response Checklist  Should your organization be a victim of  ransomware, follow your approved IRP. Detection and Analysis  Refer to the best practices and references  below to help manage the risk posed by  ransomware and support your organization’s  coordinated and efficient response to a  ransomware incident. The authoring organizations do not recommend  paying ransom. Paying ransom will not ensure your  data is decrypted, that your systems or data will no  longer be compromised, or that your data will not be  leaked. Additionally, paying ransoms may pose sanctions  risks. Department of the Treasury Office of  Foreign Assets Control (OFAC) memorandum from  September 2021, Updated Advisory on Potential  Sanctions Risks for Facilitating Ransomware  Payments. Not doing so could cause actors to move laterally to preserve their  access or deploy ransomware widely prior to networks being taken offline. Power down devices if you are unable to disconnect them from the network to avoid  further spread of the ransomware infection. Note: This step will prevent your organization from maintaining ransomware infection artifacts  and potential evidence stored in volatile memory. Doing so can highlight evidence of additional  systems or malware involved in earlier stages of the attack. □ Look for evidence of precursor “dropper” malware, such as Bumblebee, Dridex, Emotet,  QakBot, or Anchor. A ransomware event may be evidence of a previous, unresolved  network compromise.   Operators of these advanced malware variants will often sell access to a  network. Malicious actors will sometimes use this access to exfiltrate data and  then threaten to release the data publicly before ransoming the network to further  extort the victim and pressure them into paying. Care must be taken to identify such dropper malware before rebuilding  from backups to prevent continuing compromises. Misuse of these tools is a  common ransomware technique to inhibit system recovery. Common tools for data  exfiltration include Rclone, Rsync, various web-based file storage services (also  used by threat actors to implant malware/tools on the affected network), and  FTP/SFTP. Reporting and Notification  Note: Refer to the Contact Information  section at the end of this guide for details on  how to report and notify about ransomware  incidents. • Names of malware identified on your network. • Email addresses used by the attackers and any  associated phishing emails. • Ransom amount and if the ransom was paid. • Bitcoin wallets used by the attackers. • Bitcoin wallets used to pay the ransom, if applicable. If the incident resulted in a data breach, follow notification requirements as outlined in  your cyber incident response and communications plans. Collect any  relevant logs as well as samples of any  “precursor” malware binaries and associated  observables or indicators of compromise  (e.g., suspected command and control IP  addresses, suspicious registry entries, or  other relevant files detected). Consult federal law enforcement, even if mitigation actions are possible, regarding  possible decryptors available, as security researchers may have discovered encryption flaws  for some ransomware variants and released decryption or other types of tools. Government,  MS-ISAC, or a reputable security vendor) for the particular ransomware variant and follow any  additional recommended steps to identify and contain systems or networks that are confirmed to  be impacted. Securing networks and other information sources from  continued credential-based unauthorized access may include:  Upon voluntary request, CISA and MS-ISAC  (for SLTT organizations) can assist with  analysis of phishing emails, storage media,  logs, and/or malware at no cost to help  organizations understand the root cause of  an incident. □ Review file properties of encrypted files or ransom notes to identify specific users that  may be associated with file ownership. The designated IT or IT security authority declares the ransomware incident over  based on established criteria, which may include taking the steps above or seeking outside  assistance. What You Can Expect:  • Specific guidance to help evaluate and remediate ransomware incidents. • Remote assistance to identify the extent of the compromise and recommendations for appropriate containment and mitigation strategies (dependent on specific ransomware variant). • Phishing email, storage media, log, and malware analysis based on voluntary submission. • Assistance in conducting a criminal investigation, which may involve collecting incident artifacts, including system images and malware samples. This  includes best practices and network defense information regarding ransomware trends and  variants as well as malware that is a precursor to ransomware. CSET includes the  Ransomware Readiness Assessment (RRA), a self-assessment based on a tiered set of  practices to help organizations evaluate how well they are equipped to defend and recover from  a ransomware incident. •  Security Primer – Ransomware (MS-ISAC)—outlines opportunistic and strategic ransomware  campaigns, common infection vectors, and best practice recommendations. •  Institute for Security + Technology (IST) Blueprint for Ransomware Defense—an action plan for  ransomware mitigation, response, and recovery for small- and medium-sized enterprises. Reference herein to any specific commercial products, process, or service by  trade name, trademark, manufacturer, or otherwise, does not constitute or imply its endorsement,  recommendation, or favoring by the United States Government, and this guidance shall not be used for  advertising or product endorsement purposes."
#StopRansomware: BianLian Ransomware Group,2023-05-16,2,"{""Ransomware"": 28, ""Extortion"": 12, ""Threats of Violence"": 2, ""Phishing/Spoofing"": 5, ""Malware"": 6, ""Cryptocurrency"": 2, ""IPR*/Copyright&Counterfeit"": 1}","{""Phishing/Spoofing"": {""phishing"": 5}, ""Extortion"": {""extortion"": 11, ""extort"": 1}, ""Personal Data Breach"": {}, ""Non-Payment/Non-Delivery"": {}, ""Investment"": {}, ""Tech Support"": {}, ""Business Email Compromise"": {}, ""Identity Theft"": {}, ""Employment"": {}, ""Confidence/Romance"": {}, ""Government Impersonation"": {}, ""Credit Card/Check Fraud"": {}, ""Harassment/Stalking"": {}, ""Real Estate"": {}, ""Advanced Fee"": {}, ""Crimes Against Children"": {}, ""Lottery/Sweepstakes/Inheritance"": {}, ""Data Breach"": {}, ""Ransomware"": {""ransomware"": 19, ""ransom"": 9}, ""Overpayment"": {}, ""IPR*/Copyright&Counterfeit"": {""trademark"": 1}, ""Threats of Violence"": {""threatening"": 2}, ""SIM Swap"": {}, ""Botnet"": {}, ""Malware"": {""malware"": 6}, ""Cryptocurrency"": {""cryptocurrency"": 1, ""bitcoin"": 1}}","Product ID: AA23-136A May 16, 2023 Co-Authored by:  TLP:CLEAR TLP:CLEAR  #StopRansomware: BianLian Ransomware  Group  SUMMARY  Note: This joint Cybersecurity Advisory (CSA) is part of an  ongoing #StopRansomware effort to publish advisories for  network defenders that detail various ransomware variants  and ransomware threat actors. These #StopRansomware  advisories include recently and historically observed tactics,  techniques, and procedures (TTPs) and indicators of  compromise (IOCs) to help organizations protect against  ransomware. The Federal Bureau of Investigation (FBI), Cybersecurity and  Infrastructure Security Agency (CISA), and Australian Cyber  Security Centre (ACSC) are releasing this joint Cybersecurity  Advisory to disseminate known BianLian ransomware and data extortion group IOCs and TTPs  identified through FBI and ACSC investigations as of March 2023. BianLian is a ransomware developer, deployer, and data extortion cybercriminal group that has  targeted organizations in multiple U.S. BianLian  group actors then extort money by threatening to release data if payment is not made. BianLian group  originally employed a double-extortion model in which they encrypted victims’ systems after  Actions to take today to mitigate  cyber threats from BianLian  ransomware and data extortion:   • Strictly limit the use of RDP and  other remote desktop services. FBI, CISA, and ACSC encourage critical infrastructure organizations and small- and medium-sized  organizations to implement the recommendations in the Mitigations section of this advisory to reduce  the likelihood and impact of BianLian and other ransomware incidents. BianLian is a ransomware developer, deployer, and data extortion cybercriminal group. BianLian group originally employed a double- extortion model in which they exfiltrated financial, client, business, technical, and personal files for  leverage and encrypted victims’ systems. In 2023, FBI observed BianLian shift to primarily exfiltration- based extortion with victims’ systems left intact, and ACSC observed BianLian shift exclusively to  exfiltration-based extortion. Initial Access  BianLian group actors gain initial access to networks by leveraging compromised Remote Desktop  Protocol (RDP) credentials likely acquired from initial access brokers [T1078],[T1133] or via phishing  [T1566]. Defense Evasion  BianLian group actors use PowerShell [T1059.001] and Windows Command Shell [T1059.003] to  disable antivirus tools [T1562.001], specifically Windows defender and Anti-Malware Scan Interface  (AMSI). Collection   FBI observed BianLian group actors using malware (system.exe) that enumerates registry [T1012]  and files [T1083] and copies clipboard data from users [T1115]. Exfiltration and Impact  BianLian group actors search for sensitive files using PowerShell scripts (See Appendix: Windows  PowerShell and Command Shell Activity) and exfiltrate them for data extortion. Prior to January 2023,  BianLian actors encrypted files [T1486] after exfiltration for double extortion. The encryptor created a ransom note, Look at this instruction.txt, in each affected directory  (see Figure 1 for an example ransom note.) According to the ransom note, BianLian group specifically  looked for, encrypted, and exfiltrated financial, client, business, technical, and personal files. Figure 1: BianLian Sample Ransom Note (Look at this instruction.txt)  If a victim refuses to pay the ransom demand, BianLian group threatens to publish exfiltrated data to a  leak site maintained on the Tor network. The ransom note provides the Tox ID  A4B3B0845DA242A64BF17E0DB4278EDF85855739667D3E2AE8B89D5439015F07E81D12D767FC, which  does not vary across victims. Each victim company is  assigned a unique identifier included in the ransom note. BianLian group receives payments in unique  cryptocurrency wallets for each victim company. Employees of victim  companies also reported receiving threatening telephone calls from individuals associated with  BianLian group. Table 2: BianLian Group Actors ATT&CK Techniques for Enterprise    Resource Development  Technique Title  ID  Use  Develop Capabilities: Malware  T1587.001  BianLian group actors developed a custom  backdoor used in their intrusions. Phishing  T1566  BianLian group actors used phishing to obtain  valid user credentials for initial access. File and Directory Discovery  T1083  BianLian group used malware (system.exe)  that enumerates files. Collection  Technique Title  ID  Use  Clipboard Data  T1115  BianLian group actors’ malware collects data  stored in the clipboard from users copying  information within or between applications. o Apply phishing-resistant multifactor authentication (MFA). In addition, FBI, CISA, and ACSC recommend network defenders apply the following mitigations to  limit potential adversarial use of common system and network discovery techniques and to reduce the  impact and risk of compromise by ransomware or data extortion actors:  •  Implement a recovery plan to maintain and retain multiple copies of sensitive or proprietary  data and servers in a physically separate, segmented, and secure location (e.g., hard drive,  storage device, or the cloud). •  Require phishing-resistant multifactor authentication for all services to the extent  possible, particularly for webmail, virtual private networks, and accounts that access critical  systems [CPG 2.H]. •  Segment networks to prevent the spread of ransomware. Network segmentation can help  prevent the spread of ransomware by controlling traffic flows between—and access to— various subnetworks, restricting further lateral movement [CPG 2.F]. •  Identify, detect, and investigate abnormal activity and potential traversal of the  indicated ransomware with a networking monitoring tool. To aid in detecting ransomware,  implement a tool that logs and reports all network traffic, including lateral movement activity on  a network. The site also provides ransomware  advisories for businesses and organizations to help mitigate cyber threats. •  CISA-Multi-State Information Sharing and Analysis Center (MS-ISAC) Joint Ransomware  Guide for guidance on mitigating and responding to a ransomware attack  •  For no-cost cyber hygiene services for U.S. organizations,  Cyber Hygiene Services and  Ransomware Readiness Assessment. REPORTING  The FBI is seeking any information that can be shared, including boundary logs showing  communication to and from foreign IP addresses, a sample ransom note, communications with  BianLian actors, Bitcoin wallet information, decryptor files, and/or a benign sample of an encrypted  file. The FBI and CISA do not encourage paying ransom, as payment does not guarantee victim files  will be recovered. Furthermore, payment may also embolden adversaries to target additional  organizations, encourage other criminal actors to engage in the distribution of ransomware, and/or  fund illicit activities. AMSI is a  built-in feature on Windows 10 and newer that  provides an interface for anti-malware scanners  to inspect scripts prior to execution. Any  reference to specific commercial products, processes, or services by service mark, trademark,  manufacturer, or otherwise, does not constitute or imply endorsement, recommendation, or favoring  by FBI, CISA, or ACSC."
Malicious Actors Exploit CVE-2023-27350 in PaperCut MF and NG,2023-05-12,2,"{""Ransomware"": 6, ""Crimes Against Children"": 4, ""Malware"": 1, ""Phishing/Spoofing"": 1}","{""Phishing/Spoofing"": {""phishing"": 1}, ""Extortion"": {}, ""Personal Data Breach"": {}, ""Non-Payment/Non-Delivery"": {}, ""Investment"": {}, ""Tech Support"": {}, ""Business Email Compromise"": {}, ""Identity Theft"": {}, ""Employment"": {}, ""Confidence/Romance"": {}, ""Government Impersonation"": {}, ""Credit Card/Check Fraud"": {}, ""Harassment/Stalking"": {}, ""Real Estate"": {}, ""Advanced Fee"": {}, ""Crimes Against Children"": {""child"": 4}, ""Lottery/Sweepstakes/Inheritance"": {}, ""Data Breach"": {}, ""Ransomware"": {""ransomware"": 5, ""ransom"": 1}, ""Overpayment"": {}, ""IPR*/Copyright&Counterfeit"": {}, ""Threats of Violence"": {}, ""SIM Swap"": {}, ""Botnet"": {}, ""Malware"": {""malware"": 1}, ""Cryptocurrency"": {}}","In early May 2023, also according to FBI information, a group  self-identifying as the Bl00dy Ransomware Gang attempted to exploit vulnerable PaperCut servers  against the Education Facilities Subsector. This joint advisory provides detection methods for exploitation of CVE-2023-27350 as well and  indicators of compromise (IOCs) associated with Bl00dy Ransomware Gang activity. When the  software is exploited to execute other processes such as cmd.exe or powershell.exe, these child  processes are created with the same privileges. In early May 2023, according to FBI information, the  Bl00dy Ransomware Gang gained access to victim networks across the Education Facilities  Subsector where PaperCut servers vulnerable to CVE-2023-27350 were exposed to the internet. The  Bl00dy Ransomware Gang left ransom notes on victim systems demanding payment in exchange for  decryption of encrypted files (see Figure 1). External network communications through Tor and/or other proxies from inside victim  networks helped Bl00dy Gang ransomware actors mask their malicious network traffic. The FBI also  identified information relating to the download and execution of command and control (C2) malware  such as DiceLoader, TrueBot, and Cobalt Strike Beacons, although it is unclear at which stage in the  attack these tools were executed. •  System monitoring – Look for child processes spawned from a PaperCut server’s pc-app.exe  process. System Monitoring  A child process is spawned under pc-app.exe when the vulnerable PaperCut software is used to  execute another process, which is the PaperCut server process. Malicious activity against PaperCut  servers in mid-April used the RCE to supply commands to a cmd.exe or powershell.exe child  process, which were then used to conduct further network exploitation. •  Follow best cybersecurity practices in your production and enterprise environments,  including mandating phishing-resistant multifactor authentication (MFA) for all staff and for all  services."
"Hunting Russian Intelligence ""Snake"" Malware",2023-05-09,2,"{""Malware"": 4, ""Phishing/Spoofing"": 1, ""IPR*/Copyright&Counterfeit"": 2}","{""Phishing/Spoofing"": {""phishing"": 1}, ""Extortion"": {}, ""Personal Data Breach"": {}, ""Non-Payment/Non-Delivery"": {}, ""Investment"": {}, ""Tech Support"": {}, ""Business Email Compromise"": {}, ""Identity Theft"": {}, ""Employment"": {}, ""Confidence/Romance"": {}, ""Government Impersonation"": {}, ""Credit Card/Check Fraud"": {}, ""Harassment/Stalking"": {}, ""Real Estate"": {}, ""Advanced Fee"": {}, ""Crimes Against Children"": {}, ""Lottery/Sweepstakes/Inheritance"": {}, ""Data Breach"": {}, ""Ransomware"": {}, ""Overpayment"": {}, ""IPR*/Copyright&Counterfeit"": {""trademark"": 1, ""trademarks"": 1}, ""Threats of Violence"": {}, ""SIM Swap"": {}, ""Botnet"": {}, ""Malware"": {""malware"": 4}, ""Cryptocurrency"": {}}","TLP:CLEAR Product ID: AA23-129A May 9, 2023 TLP:CLEAR Co-Authored by:       Hunting Russian Intelligence “Snake” Malware  SUMMARY  The Snake implant is considered the most sophisticated cyber espionage tool designed and used by  Center 16 of Russia’s Federal Security Service (FSB) for long-term intelligence collection on sensitive  targets. CPG 2.H Implementing Phishing Resistant MFA adds an additional layer of security even when  account credentials are compromised and can mitigate a variety of attacks towards valid accounts, to  include brute forcing passwords and exploiting external remote services software. Any reference to  specific commercial products, processes, or services by service mark, trademark, manufacturer, or  otherwise, does not constitute or imply endorsement, recommendation, or favoring by co-authors. MITRE and ATT&CK are registered trademarks  of The MITRE Corporation. Malware  T1587.001 Adversaries may develop malware and malware components that  can be used during targeting."
APT28 exploits known vulnerability to carry out reconnaissance of routers and deploy malware,2023-04-18,2,"{""Malware"": 10}","{""Phishing/Spoofing"": {}, ""Extortion"": {}, ""Personal Data Breach"": {}, ""Non-Payment/Non-Delivery"": {}, ""Investment"": {}, ""Tech Support"": {}, ""Business Email Compromise"": {}, ""Identity Theft"": {}, ""Employment"": {}, ""Confidence/Romance"": {}, ""Government Impersonation"": {}, ""Credit Card/Check Fraud"": {}, ""Harassment/Stalking"": {}, ""Real Estate"": {}, ""Advanced Fee"": {}, ""Crimes Against Children"": {}, ""Lottery/Sweepstakes/Inheritance"": {}, ""Data Breach"": {}, ""Ransomware"": {}, ""Overpayment"": {}, ""IPR*/Copyright&Counterfeit"": {}, ""Threats of Violence"": {}, ""SIM Swap"": {}, ""Botnet"": {}, ""Malware"": {""malware"": 10}, ""Cryptocurrency"": {}}","APT28 exploits known  vulnerability to carry out   reconnaissance and deploy  malware on Cisco routers   APT28 exploits known vulnerability to carry out  reconnaissance of routers and deploy malware   APT28 accesses poorly maintained Cisco routers and deploys  malware on unpatched devices using CVE-2017-6742. Malware deployment  For some of the targeted devices, APT28 actors used an SNMP exploit to deploy  malware, as detailed in the NCSC’s Jaguar Tooth malware analysis report. This  malware obtained further device information, which is exfiltrated over trivial file  transfer protocol (TFTP), and enabled unauthenticated access via a backdoor. The actor obtained this device information by executing a number of Command Line  Interface (CLI) commands via the malware. It includes discovery of other devices on  the network by querying the Address Resolution Protocol (ARP) table to obtain MAC  addresses [T1590]      Indicators of compromise (IoCs)  Please refer to the accompanying malware analysis report for indicators of  compromise which may help to detect this activity. For detailed TTPs, see the Jaguar Tooth malware analysis report."
#StopRansomware: LockBit 3.0,2023-03-16,1,"{""Ransomware"": 32, ""Phishing/Spoofing"": 7, ""Malware"": 2, ""Cryptocurrency"": 1, ""IPR*/Copyright&Counterfeit"": 1}","{""Phishing/Spoofing"": {""phishing"": 6, ""spearphishing"": 1}, ""Extortion"": {}, ""Personal Data Breach"": {}, ""Non-Payment/Non-Delivery"": {}, ""Investment"": {}, ""Tech Support"": {}, ""Business Email Compromise"": {}, ""Identity Theft"": {}, ""Employment"": {}, ""Confidence/Romance"": {}, ""Government Impersonation"": {}, ""Credit Card/Check Fraud"": {}, ""Harassment/Stalking"": {}, ""Real Estate"": {}, ""Advanced Fee"": {}, ""Crimes Against Children"": {}, ""Lottery/Sweepstakes/Inheritance"": {}, ""Data Breach"": {}, ""Ransomware"": {""ransomware"": 27, ""ransom"": 5}, ""Overpayment"": {}, ""IPR*/Copyright&Counterfeit"": {""trademark"": 1}, ""Threats of Violence"": {}, ""SIM Swap"": {}, ""Botnet"": {}, ""Malware"": {""malware"": 2}, ""Cryptocurrency"": {""bitcoin"": 1}}","Product ID: AA23-075A March 16, 2023 Coauthored by: TLP:CLEAR  TLP: CLEAR #StopRansomware: LockBit 3.0   SUMMARY  Note: this joint Cybersecurity Advisory (CSA) is part of an  ongoing #StopRansomware effort to publish advisories for  network defenders that detail ransomware variants and  ransomware  threat  actors. These  #StopRansomware  advisories include recently and historically observed tactics,  techniques, and procedures (TTPs) and indicators of  compromise (IOCs) to help organizations protect against  ransomware. The Federal Bureau of Investigation (FBI), the Cybersecurity and Infrastructure Security Agency  (CISA), and the Multi-State Information Sharing & Analysis Center (MS-ISAC) are releasing this joint  CSA to disseminate known LockBit 3.0 ransomware IOCs and TTPs identified through FBI  investigations as recently as March 2023. The LockBit 3.0 ransomware operations function as a Ransomware-as-a-Service (RaaS) model and is  a continuation of previous versions of the ransomware, LockBit 2.0, and LockBit. The FBI, CISA, and the MS-ISAC encourage organizations to implement the recommendations in the  mitigations section of this CSA to reduce the likelihood and impact of ransomware incidents. Actions to take today to mitigate  cyber threats from ransomware:   • Prioritize remediating known  exploited vulnerabilities. • Train users to recognize and report  phishing attempts. • Enable and enforce phishing- resistant multifactor authentication. CAPABILITIES  LockBit 3.0, also known as “LockBit Black,” is more modular and evasive than its previous versions  and shares similarities with Blackmatter and Blackcat ransomware. LockBit 3.0 is configured upon compilation with many different options that determine the behavior of  the ransomware. Upon the actual execution of the ransomware within a victim environment, various  arguments can be supplied to further modify the behavior of the ransomware. If a LockBit affiliate  does not have access to passwordless LockBit 3.0 ransomware, then a password argument is  mandatory during the execution of the ransomware. LockBit 3.0 affiliates failing to enter the correct  password will be unable to execute the ransomware [T1480.001]. By protecting the code in such a manner, LockBit 3.0  hinders malware detection and analysis with the code being unexecutable and unreadable in its  encrypted form. When provided the correct password, LockBit 3.0 will decrypt the main  component, continue to decrypt or decompress its code, and execute the ransomware. INITIAL ACCESS  Affiliates deploying LockBit 3.0 ransomware gain initial access to victim networks via remote desktop  protocol (RDP) exploitation [T1133], drive-by compromise [T1189], phishing campaigns [T1566],  abuse of valid accounts [T1078], and exploitation of public-facing applications [T1190]. EXECUTION AND INFECTION PROCESS  During the malware routine, if privileges are not sufficient, LockBit 3.0 attempts to escalate to the  required privileges [TA0004]. See Table 2 for a list of  legitimate freeware and open-source tools LockBit affiliates have repurposed for ransomware  operations:  Table 2: Freeware and Open-Source Tools Used by LockBit 3.0 Affiliates  Tool Description MITRE ATT&CK ID Chocolatey  Command-line package manager for  Windows. -wall  Sets LockBit 3.0 Wallpaper and prints out  LockBit 3.0 ransom note. If you don't pay the ransom, the data will be published on our TOR darknet sites. The sooner you pay the ransom, the sooner your company will be  safe. Phishing  T1566  LockBit 3.0 actors use phishing and  spearphishing to gain access to victims'  networks. o Require administrator credentials to install software    Require phishing-resistant multifactor authentication [CPG 1.3] for all services to the  extent possible, particularly for webmail, virtual private networks, and accounts that access  critical systems.   Segment networks [CPG 8.1] to prevent the spread of ransomware. Network segmentation  can help prevent the spread of ransomware by controlling traffic flows between—and access  to—various subnetworks and by restricting adversary lateral movement.   Identify, detect, and investigate abnormal activity and potential traversal of the  indicated ransomware with a networking monitoring tool. To aid in detecting the  ransomware, implement a tool that logs and reports all network traffic, including lateral  movement activity on a network [CPG 5.1].   Resource to mitigate a ransomware attack: CISA-Multi-State Information Sharing and Analysis  Center (MS-ISAC) Joint Ransomware Guide.   No-cost cyber hygiene services: Cyber Hygiene Services and Ransomware Readiness  Assessment. REPORTING  The FBI is seeking any information that can be legally shared, including:    Boundary logs showing communication to and from foreign IP addresses    Sample ransom note    Communications with LockBit 3.0 actors     Bitcoin wallet information    Decryptor files     Benign sample of an encrypted file   The FBI, CISA, and MS-ISAC do not encourage paying ransom, as payment does not guarantee  victim files will be recovered. Furthermore, payment may also embolden adversaries to target  additional organizations, encourage other criminal actors to engage in the distribution of ransomware,  and/or fund illicit activities. Any reference to specific commercial products, processes, or services by service mark,  trademark, manufacturer, or otherwise, does not constitute or imply endorsement, recommendation,  or favoring by the FBI, CISA, or the MS-ISAC."
Threat Actors Exploit Progress Telerik Vulnerability in U.S. Government IIS Server,2023-03-15,1,"{""Malware"": 7, ""Crimes Against Children"": 1, ""Phishing/Spoofing"": 1, ""Business Email Compromise"": 1}","{""Phishing/Spoofing"": {""phishing"": 1}, ""Extortion"": {}, ""Personal Data Breach"": {}, ""Non-Payment/Non-Delivery"": {}, ""Investment"": {}, ""Tech Support"": {}, ""Business Email Compromise"": {""business email"": 1}, ""Identity Theft"": {}, ""Employment"": {}, ""Confidence/Romance"": {}, ""Government Impersonation"": {}, ""Credit Card/Check Fraud"": {}, ""Harassment/Stalking"": {}, ""Real Estate"": {}, ""Advanced Fee"": {}, ""Crimes Against Children"": {""child"": 1}, ""Lottery/Sweepstakes/Inheritance"": {}, ""Data Breach"": {}, ""Ransomware"": {}, ""Overpayment"": {}, ""IPR*/Copyright&Counterfeit"": {}, ""Threats of Violence"": {}, ""SIM Swap"": {}, ""Botnet"": {}, ""Malware"": {""malware"": 7}, ""Cryptocurrency"": {}}","In many cases, malicious artifacts were not available for analysis because the threat actors’  malware—that looks for and removes files with the .dll file extension—removed files [T1070.004] from  the C:\Windows\Temp\ directory. When the TA2 malware is executed a DLL file drops an executable (XEReverseShell.exe) that  attempts to pull a C2 IP address and port number from xework[.]com or xegroups[.]com. •  The C2 server may send the command xesetshell, causing the malware to connect to  the server and download a file called small.txt—a base64-encoded webshell that the  malware decodes and places in the C:\Windows\Temp\ directory. •  The C2 server may send the command xequit, causing the malware to sleep for a period  of time determined by the threat actors. Indicator Removal: File Deletion  T1070.004  TA1’s malware deleted files with "".dll"" from the  C:\Windows\Temp\ directory, which may indicate  hidden malicious activity on the network. TA1’s malware enumerates systems, processes,  files, and directories. Process monitoring via Windows Event Code 4688 will detect  the legitimate w3wp.exe process running suspicious DLL files and other anomalous child processes. Other Best Practice Mitigation Recommendations  •  Implement phishing-resistant multifactor authentication (MFA) for as many services  possible—particularly for webmail, virtual private networks (VPNs), accounts that access  critical systems, and privileged accounts that manage backups. [CPG 3.1, 3.2]  o Evaluate user permissions and maintain separate user accounts for all actions and  activities not associated with the administrator role, e.g., for business email, web  browsing, etc."
#StopRansomware: Royal Ransomware,2023-03-02,1,"{""Ransomware"": 27, ""Phishing/Spoofing"": 8, ""Extortion"": 1, ""Malware"": 1, ""Cryptocurrency"": 1, ""IPR*/Copyright&Counterfeit"": 1}","{""Phishing/Spoofing"": {""phishing"": 7, ""spearphishing"": 1}, ""Extortion"": {""extortion"": 1}, ""Personal Data Breach"": {}, ""Non-Payment/Non-Delivery"": {}, ""Investment"": {}, ""Tech Support"": {}, ""Business Email Compromise"": {}, ""Identity Theft"": {}, ""Employment"": {}, ""Confidence/Romance"": {}, ""Government Impersonation"": {}, ""Credit Card/Check Fraud"": {}, ""Harassment/Stalking"": {}, ""Real Estate"": {}, ""Advanced Fee"": {}, ""Crimes Against Children"": {}, ""Lottery/Sweepstakes/Inheritance"": {}, ""Data Breach"": {}, ""Ransomware"": {""ransomware"": 22, ""ransom"": 5}, ""Overpayment"": {}, ""IPR*/Copyright&Counterfeit"": {""trademark"": 1}, ""Threats of Violence"": {}, ""SIM Swap"": {}, ""Botnet"": {}, ""Malware"": {""malware"": 1}, ""Cryptocurrency"": {""bitcoin"": 1}}","TLP:CLEAR Product ID: AA23-061A March 2, 2023 Coauthored by:  TLP:CLEAR #StopRansomware: Royal Ransomware  SUMMARY  Note: This joint Cybersecurity Advisory (CSA) is part of an  ongoing #StopRansomware effort to publish advisories for  network defenders that detail various ransomware variants  and ransomware threat actors. These #StopRansomware  advisories include recently and historically observed tactics,  techniques, and procedures (TTPs) and indicators of  compromise (IOCs) to help organizations protect against  ransomware. The Federal Bureau of Investigation (FBI) and the Cybersecurity and Infrastructure Security Agency  (CISA) are releasing this joint CSA to disseminate known Royal ransomware IOCs and TTPs  identified through FBI threat response activities as recently as January 2023. and international  organizations with a Royal ransomware variant. After gaining access to victims’ networks, Royal actors disable antivirus software and exfiltrate large  amounts of data before ultimately deploying the ransomware and encrypting the systems. In observed incidents, Royal actors do not include ransom amounts and payment instructions  as part of the initial ransom note. FBI and CISA encourage organizations to implement the recommendations in the Mitigations section  of this CSA to reduce the likelihood and impact of ransomware incidents. Actions to take today to  mitigate cyber threats from  ransomware:   •  Prioritize remediating known  exploited vulnerabilities. •  Train users to recognize and  report phishing attempts. Royal ransomware uses a unique partial encryption approach that allows the threat actor to choose a  specific percentage of data in a file to encrypt. This approach allows the actor to lower the encryption  percentage for larger files, which helps evade detection.[1] In addition to encrypting files, Royal actors  also engage in double extortion tactics in which they threaten to publicly release the encrypted data if  the victim does not pay the ransom. Initial Access  Royal actors gain initial access to victim networks in a number of ways including:   •  Phishing. According to third-party reporting, Royal actors most commonly (in 66.7% of  incidents) gain initial access to victim networks via successful phishing emails [T1566]. o According to open-source reporting, victims have unknowingly installed malware that  delivers Royal ransomware after receiving phishing emails containing malicious PDF  documents [T1566.001], and malvertising [T1566.002].[2]  •  Remote Desktop Protocol (RDP). FBI has observed multiple Qakbot C2s used in Royal ransomware  attacks, but has not yet determined if Royal ransomware exclusively uses Qakbot C2s. Batch files create a new admin user [T1078.002], force a group policy update, set  pertinent registry keys to auto-extract [T1119] and execute the ransomware, monitor the encryption  process, and delete files upon completion—including Application, System, and Security event logs  [T1070.001]. Phishing: Spear phishing  Attachment  T1566.001  The actors gain initial access through malicious  PDF attachments sent via email. Phishing: Spearphishing Link  T1566.002  The actors gain initial access using  malvertising links via emails and public-facing  sites. MITIGATIONS  FBI and CISA recommend network defenders apply the following mitigations to limit potential  adversarial use of common system and network discovery techniques and to reduce the risk of  compromise by Royal ransomware. Network segmentation can help prevent the spread of  ransomware by controlling traffic flows between—and access to—various subnetworks and by  restricting adversary lateral movement. •  Identify, detect, and investigate abnormal activity and potential traversal of the  indicated ransomware with a networking monitoring tool. To aid in detecting ransomware,  implement a tool that logs and reports all network traffic [CPG 5.1], including lateral movement  activity on a network. •  Resource to mitigate a ransomware attack: CISA-Multi-State Information Sharing and Analysis  Center (MS-ISAC) Joint Ransomware Guide. •  No-cost cyber hygiene services: Cyber Hygiene Services and Ransomware Readiness  Assessment. REPORTING  FBI is seeking any information that can be shared, to include boundary logs showing communication  to and from foreign IP addresses, a sample ransom note, communications with Royal actors, Bitcoin  wallet information, decryptor files, and/or a benign sample of an encrypted file. FBI and CISA do not encourage paying ransom as payment does not guarantee victim files will be  recovered. Furthermore, payment may also embolden adversaries to target additional organizations,  encourage other criminal actors to engage in the distribution of ransomware, and/or fund illicit  activities. Any reference  to specific commercial products, processes, or services by service mark, trademark, manufacturer, or  otherwise, does not constitute or imply endorsement, recommendation, or favoring by CISA or the  FBI."
#StopRansomware: Ransomware Attacks on Critical Infrastructure Fund DPRK Malicious Cyber Activities,2023-02-09,1,"{""Ransomware"": 57, ""Cryptocurrency"": 6, ""Malware"": 7, ""Data Breach"": 3, ""Phishing/Spoofing"": 5, ""IPR*/Copyright&Counterfeit"": 5}","{""Phishing/Spoofing"": {""phishing"": 4, ""spearphishing"": 1}, ""Extortion"": {}, ""Personal Data Breach"": {}, ""Non-Payment/Non-Delivery"": {}, ""Investment"": {}, ""Tech Support"": {}, ""Business Email Compromise"": {}, ""Identity Theft"": {}, ""Employment"": {}, ""Confidence/Romance"": {}, ""Government Impersonation"": {}, ""Credit Card/Check Fraud"": {}, ""Harassment/Stalking"": {}, ""Real Estate"": {}, ""Advanced Fee"": {}, ""Crimes Against Children"": {}, ""Lottery/Sweepstakes/Inheritance"": {}, ""Data Breach"": {""data breach"": 1, ""data breaches"": 2}, ""Ransomware"": {""ransomware"": 49, ""ransoms"": 5, ""ransom"": 3}, ""Overpayment"": {}, ""IPR*/Copyright&Counterfeit"": {""trademark"": 4, ""trademarks"": 1}, ""Threats of Violence"": {}, ""SIM Swap"": {}, ""Botnet"": {}, ""Malware"": {""malware"": 6, ""trojans"": 1}, ""Cryptocurrency"": {""cryptocurrency"": 5, ""bitcoin"": 1}}","1.0  Cybersecurity Advisory  TLP:CLEAR TLP:CLEAR #StopRansomware: Ransomware Attacks on Critical  Infrastructure Fund DPRK Malicious Cyber Activities  Summary  Note: This Cybersecurity Advisory (CSA) is part of an ongoing #StopRansomware effort  to publish advisories for network defenders that detail various ransomware variants and  various ransomware threat actors. These #StopRansomware advisories detail  historically and recently observed tactics, techniques, and procedures (TTPs) and  indicators of compromise (IOCs) to help organizations protect against ransomware. Department of Health and Human Services (HHS), the Republic of Korea  (ROK) National Intelligence Service (NIS), and the ROK Defense Security Agency  (DSA) (hereafter referred to as the “authoring agencies”) are issuing this joint  Cybersecurity Advisory (CSA) to highlight ongoing ransomware activity against  Healthcare and Public Health Sector organizations and other critical infrastructure  sector entities. This CSA provides an overview of Democratic People’s Republic of Korea (DPRK)  state-sponsored ransomware and updates the July 6, 2022, joint CSA North Korean  State-Sponsored Cyber Actors Use Maui Ransomware to Target the Healthcare and  Public Health Sector. This advisory highlights TTPs and IOCs DPRK cyber actors used  to gain access to and conduct ransomware attacks against Healthcare and Public  Health (HPH) Sector organizations and other critical infrastructure sector entities, as  well as DPRK cyber actors’ use of cryptocurrency to demand ransoms. 1.0   Ransomware Attacks on Critical Infrastructure Fund DPRK Malicious Cyber Activities  2  TLP:CLEAR TLP:CLEAR The authoring agencies assess that an unspecified amount of revenue from these  cryptocurrency operations supports DPRK national-level priorities and objectives,  including cyber operations targeting the United States and South Korea governments— specific targets include Department of Defense Information Networks and Defense  Industrial Base member networks. The authoring agencies highly discourage  paying ransoms as doing so does not guarantee files and records will be recovered and  may pose sanctions risks. This CSA is supplementary to previous reports on malicious cyber actor activities  involving DPRK ransomware campaigns—namely Maui and H0lyGh0st ransomware. The authoring agencies are issuing this advisory to highlight additional observed TTPs  DPRK cyber actors are using to conduct ransomware attacks targeting South Korean  and U.S. Observable TTPs  The TTPs associated with DPRK ransomware attacks include those traditionally  observed in ransomware operations. Actors procure infrastructure, IP addresses, and domains with  cryptocurrency generated through illicit cybercrime, such as ransomware and  cryptocurrency theft. DPRK actors purposely obfuscate their involvement by  operating with or under third-party foreign affiliate identities and use third-party  foreign intermediaries to receive ransom payments. 1.0  Ransomware Attacks on Critical Infrastructure Fund DPRK Malicious Cyber Activities  3  TLP:CLEAR TLP:CLEAR  Purchase VPNs and VPSs [T1583.003]. 1.0  Ransomware Attacks on Critical Infrastructure Fund DPRK Malicious Cyber Activities  4  TLP:CLEAR TLP:CLEAR and execute shell commands [T1083, T1021]. The staged malware is also  responsible for collecting victim information and sending it to the remote host  controlled by the actors [TA0010].  Employ Various Ransomware Tools [TA0040]. Actors have used privately  developed ransomware, such as Maui and H0lyGh0st [T1486]. Actors have also  been observed using or possessing publically available tools for encryption, such  as BitLocker, Deadbolt, ech0raix, GonnaCry, Hidden Tear, Jigsaw, LockBit 2.0,  My Little Ransomware, NxRansomware, Ryuk, and YourRansom [T1486]. In  some cases, DPRK actors have portrayed themselves as other ransomware  groups, such as the REvil ransomware group. For IOCs associated with Maui  and H0lyGh0st ransomware usage, please see Appendix B.  Demand Ransom in Cryptocurrency. DPRK cyber actors have been observed  setting ransoms in bitcoin [T1486]. For private companies in the healthcare sector,  actors may threaten to expose a company’s proprietary data to competitors if  ransoms are not paid. 1.0  Ransomware Attacks on Critical Infrastructure Fund DPRK Malicious Cyber Activities  6  TLP:CLEAR TLP:CLEAR   Limit access to data by authenticating and encrypting connections (e.g., using  public key infrastructure certificates in virtual private network (VPN) and transport  layer security (TLS) connections) with network services, Internet of Things (IoT)  medical devices, and the electronic health record system [CPG 3.3]. Implementing HIPAA security measures could prevent the introduction of  malware to the system [CPG 3.4]. In addition, the authoring agencies urge all organizations, including HPH Sector  organizations, to apply the following recommendations to prepare for and mitigate  ransomware incidents:    Maintain isolated backups of data, and regularly test backup and  restoration [CPG 7.3]. 1.0  Ransomware Attacks on Critical Infrastructure Fund DPRK Malicious Cyber Activities  7  TLP:CLEAR TLP:CLEAR operations or at least minimize potential downtime from a ransomware incident  and protect against data losses.  Create, maintain, and exercise a basic cyber incident response plan and  associated communications plan that includes response procedures for a  ransomware incident [CPG 7.1, 7.2]. o Organizations should also ensure their incident response and  communications plans include data breach incidents response and  notification procedures. o See the CISA-Multi-State Information Sharing and Analysis Center (MS- ISAC) Joint Ransomware Guide and CISA Fact Sheet Protecting Sensitive  and Personal Information from Ransomware-Caused Data Breaches for  information on creating a ransomware response checklist and planning  and responding to ransomware-caused data breaches. After assessing risks, if RDP  is deemed operationally necessary, restrict the originating sources, and  require phishing-resistant multifactor authentication (MFA) to mitigate  credential theft and reuse [CPG 1.3]. 1.0  Ransomware Attacks on Critical Infrastructure Fund DPRK Malicious Cyber Activities  8  TLP:CLEAR TLP:CLEAR o Ensure devices are properly configured and that security features are  enabled. Threat actors use SMB to propagate  malware across organizations.  Implement a user training program and phishing exercises [CPG 4.3] to  raise awareness among users about the risks of visiting websites, clicking on  links, and opening attachments. Reinforce the appropriate user response to  phishing and spearphishing emails.  Require phishing-resistant MFA for as many services as possible [CPG  1.3]—particularly for webmail, VPNs, accounts that access critical systems, and  privileged accounts that manage backups. 1.0  Ransomware Attacks on Critical Infrastructure Fund DPRK Malicious Cyber Activities  9  TLP:CLEAR TLP:CLEAR  Consider participating in CISA’s no-cost Automated Indicator Sharing (AIS)  program to receive real-time exchange of machine-readable cyber threat  indicators and defensive measures. If a ransomware incident occurs at your organization:   Follow your organization’s ransomware response checklist. If possible, scan backup data with an antivirus program to check  that it is free of malware. 1.0  Ransomware Attacks on Critical Infrastructure Fund DPRK Malicious Cyber Activities  10  TLP:CLEAR TLP:CLEAR decryptor file, and/or benign samples of encrypted files. As stated above, the authoring  agencies discourage paying ransoms. Payment does not guarantee files will be  recovered and may embolden adversaries to target additional organizations, encourage  other criminal actors to engage in the distribution of ransomware, and/or fund illicit  activities. Regardless of whether you or your organization decide to pay a ransom, the authoring  agencies urge you to promptly report ransomware incidents using the contact  information above. Reference herein to any specific commercial products, process, or service by trade name, trademark,  manufacturer, or otherwise, does not constitute or imply its endorsement, recommendation, or favoring by the United  States Government, and this guidance shall not be used for advertising or product endorsement purposes. Trademark recognition  Microsoft Threat Intelligence Center is a registered trademark of Microsoft Corporation. Apache®, Sonicwall, and  Apache Log4j are trademarks of Apache Software Foundation. TerraMaster Operating System is a registered  trademark of Octagon Systems. 1.0  Ransomware Attacks on Critical Infrastructure Fund DPRK Malicious Cyber Activities  11  TLP:CLEAR TLP:CLEAR Appendix A: CVE Details  CVE-2021-44228   CVSS 3.0: 10 (Critical)  Vulnerability Description   Apache Log4j2 2.0-beta9 through 2.15.0 (excluding security releases 2.12.2, 2.12.3,  and 2.3.1) JNDI features used in configuration, log messages, and parameters do not  protect against attacker controlled LDAP and other JNDI related endpoints. 1.0  Ransomware Attacks on Critical Infrastructure Fund DPRK Malicious Cyber Activities  12  TLP:CLEAR TLP:CLEAR CVE-2021-20038   CVSS 3.0: 9.8 (Critical)  Vulnerability Description   A Stack-based buffer overflow vulnerability in SMA100 Apache httpd server's mod_cgi  module environment variables allows a remote unauthenticated attacker to potentially  execute code as a 'nobody' user in the appliance. 1.0  Ransomware Attacks on Critical Infrastructure Fund DPRK Malicious Cyber Activities  13  TLP:CLEAR TLP:CLEAR       CVE-2022-24990  CVSS 3.x: N/A  Vulnerability Description   The TerraMaster OS Unauthenticated Remote Command Execution via PHP Object  Instantiation Vulnerability is characterized by scanning activity targeting a flaw in the  script enabling a remote adversary to execute commands on the target endpoint. 1.0  Ransomware Attacks on Critical Infrastructure Fund DPRK Malicious Cyber Activities  14  TLP:CLEAR TLP:CLEAR Appendix B: Indicators of Compromise (IOCs)  The IOC section includes hashes and IP addresses for the Maui and H0lyGh0st  ransomware variants—as well as custom malware implants assumedly developed by  DPRK cyber actors, such as remote access trojans (RATs), loaders, and other tools— that enable subsequent deployment of ransomware. For additional Maui IOCs, see joint  CSA North Korean State-Sponsored Cyber Actors Use Maui Ransomware to Target the  Healthcare and Public Health Sector. Table 2 lists MD5 and SHA256 hashes associated with malware implants, RATs, and  other tools used by DPRK cyber actors, including tools that drop Maui ransomware files. 1.0  Ransomware Attacks on Critical Infrastructure Fund DPRK Malicious Cyber Activities  18  TLP:CLEAR TLP:CLEAR a6e1efd70a077be032f052bb75544358  3b9fe1713f638f85f20ea56fd09d20a96cd6  d288732b04b073248b56cdaef878  802e7d6e80d7a60e17f9ffbd62fcbbeb  87bdb1de1dd6b0b75879d8b8aef80b562e  c4fad365d7abbc629bcfc1d386afa6  --  0054147db54544d77a9efd9baf5ec96a80b  430e170d6e7c22fcf75261e9a3a71    Table 4 lists MD5 and SHA256 hashes associated with H0lyGh0st Ransomware files."
ESXiArgs Ransomware Virtual Machine Recovery Guidance,2023-02-08,1,"{""Ransomware"": 26, ""Malware"": 3, ""Phishing/Spoofing"": 4, ""IPR*/Copyright&Counterfeit"": 1}","{""Phishing/Spoofing"": {""phishing"": 3, ""spearphishing"": 1}, ""Extortion"": {}, ""Personal Data Breach"": {}, ""Non-Payment/Non-Delivery"": {}, ""Investment"": {}, ""Tech Support"": {}, ""Business Email Compromise"": {}, ""Identity Theft"": {}, ""Employment"": {}, ""Confidence/Romance"": {}, ""Government Impersonation"": {}, ""Credit Card/Check Fraud"": {}, ""Harassment/Stalking"": {}, ""Real Estate"": {}, ""Advanced Fee"": {}, ""Crimes Against Children"": {}, ""Lottery/Sweepstakes/Inheritance"": {}, ""Data Breach"": {}, ""Ransomware"": {""ransomware"": 18, ""ransom"": 6, ""ransoms"": 2}, ""Overpayment"": {}, ""IPR*/Copyright&Counterfeit"": {""trademark"": 1}, ""Threats of Violence"": {}, ""SIM Swap"": {}, ""Botnet"": {}, ""Malware"": {""malware"": 3}, ""Cryptocurrency"": {}}","TLP:CLEAR Product ID: AA23-039A February 8, 2023 TLP:CLEAR Co-Authored by:  ESXiArgs Ransomware Virtual Machine  Recovery Guidance  SUMMARY  The Cybersecurity and Infrastructure Security Agency (CISA) and the Federal Bureau of Investigation  (FBI) are releasing this joint Cybersecurity Advisory (CSA) in response to the ongoing ransomware  campaign, known as “ESXiArgs.” Malicious actors may be exploiting known vulnerabilities in VMware  ESXi servers that are likely running unpatched and out-of-service or out-of-date versions of VMware  ESXi software to gain access and deploy ransomware. The ESXiArgs ransomware encrypts  configuration files on ESXi servers, potentially rendering virtual machines (VMs) unusable. Organizations that have fallen victim to ESXiArgs ransomware can use this script to attempt to  recover their files. If malicious actors have compromised your organization with ESXiArgs ransomware, CISA and FBI  recommend following the script and guidance provided in this CSA to attempt to recover access to  your files. The actors are likely  targeting end-of-life ESXi servers or ESXi servers that do not have the available ESXi software  patches applied.[1]   ESXiArgs ransomware encrypts certain configuration files on ESXi servers, potentially rendering VMs  unusable. The full list of file extensions encrypted by the  malware is: vmdk, vmx, vmxf, vmsd, vmsn, vswp, vmss, nvram, vmem. RECOVERY GUIDANCE  CISA and FBI do not encourage paying the ransom as payment does not guarantee victim files will be  recovered. Furthermore, payment may also embolden adversaries to target additional organizations,  encourage other criminal actors to engage in the distribution of ransomware, and/or fund illicit  activities. CISA is aware that some organizations have reported  success in recovering files without paying ransoms. If the ESXi web interface is inaccessible, remove the ransom note and restore  access via the following steps. (Note: Taking the steps below moves the ransom note  to the file ransom.html. Run cd /usr/lib/vmware/hostd/docroot/ui/ && mv index.html  ransom.html && mv index1.html index.html. Run cd /usr/lib/vmware/hostd/docroot && mv index.html  ransom.html && rm index.html && mv index1.html index.html. In addition, CISA and FBI recommend organizations apply the following recommendations to prepare  for, mitigate/prevent, and respond to ransomware incidents. Preparing for Ransomware  •  Maintain offline backups of data, and regularly test backup and restoration [CPG 7.3]. These  practices safeguard an organization’s continuity of operations or at least minimize potential  downtime from a ransomware incident and protect against data losses. •  Create, maintain, and exercise a basic cyber incident response plan and associated  communications plan that includes response procedures for a ransomware incident [CPG  7.1, 7.2]. Threat  actors use SMB to propagate malware across organizations. •  Require phishing-resistant MFA for as many services as possible [CPG 1.3]—particularly for  webmail, VPNs, accounts that access critical systems, and privileged accounts that manage  backups. •  Implement user training program and phishing exercises to raise awareness among users  about the risks of visiting suspicious websites, clicking on suspicious links, and opening  suspicious attachments. Reinforce the appropriate user response to phishing and  spearphishing emails. Responding to Ransomware Incidents  If a ransomware incident occurs at your organization:  •  Follow your organization’s Ransomware Response Checklist (see Preparing for Ransomware  section). If possible, scan backup data with an antivirus program to check that it is free  of malware. Note: CISA and FBI strongly discourage paying ransoms as doing so does not guarantee files and  records will be recovered. Furthermore, payment may also embolden adversaries to target additional  organizations, encourage other criminal actors to engage in the distribution of ransomware, and/or  fund illicit activities. REFERENCES  [1] VMware Security Response Center (vSRC) Response to 'ESXiArgs' Ransomware Attacks -  VMware Security Blog  [2] Enes Sonmez and Ahmet Aykac, YoreGroup Tech Team: decrypt your crypted files in ESXi  servers affected by CVE-2020-3992 / CryptoLocker attack  DISCLAIMER  The information in this report is being provided “as is” for informational purposes only. Any reference  to specific commercial products, processes, or services by service mark, trademark, manufacturer, or  otherwise, does not constitute or imply endorsement, recommendation, or favoring by CISA or FBI."
HiatusRAT Actors Targeting Web Cameras and DVRs,2024-12-16,4,"{""Malware"": 5, ""Tech Support"": 1}","{""Phishing/Spoofing"": {}, ""Extortion"": {}, ""Personal Data Breach"": {}, ""Non-Payment/Non-Delivery"": {}, ""Investment"": {}, ""Tech Support"": {""technical support"": 1}, ""Business Email Compromise"": {}, ""Identity Theft"": {}, ""Employment"": {}, ""Confidence/Romance"": {}, ""Government Impersonation"": {}, ""Credit Card/Check Fraud"": {}, ""Harassment/Stalking"": {}, ""Real Estate"": {}, ""Advanced Fee"": {}, ""Crimes Against Children"": {}, ""Lottery/Sweepstakes/Inheritance"": {}, ""Data Breach"": {}, ""Ransomware"": {}, ""Overpayment"": {}, ""IPR*/Copyright&Counterfeit"": {}, ""Threats of Violence"": {}, ""SIM Swap"": {}, ""Botnet"": {}, ""Malware"": {""trojan"": 1, ""malware"": 3, ""virus"": 1}, ""Cryptocurrency"": {}}","Threat  HiatusRAT is a Remote Access Trojan (RAT) whose latest iteration has likely been employed  since July 2022. Cybersecurity companies have also observed these actors using the malware to target                                                             1 (U) Previous HiatusRAT campaigns have targeted edge routers to passively collect traffic and function as a covert  network of command-and-control (C2) infrastructure. Dahua recommends downloading a  patch or from its website, Download  Center, or contacting Dahua  technical support to upgrade to a  newer version. ▪ Automatically update antivirus and anti-malware solutions and conduct regular virus  and malware scans."
Enhanced Visibility and Hardening Guidance for Communications Infrastructure,2024-12-03,4,"{""Phishing/Spoofing"": 1, ""Lottery/Sweepstakes/Inheritance"": 1, ""IPR*/Copyright&Counterfeit"": 1}","{""Phishing/Spoofing"": {""phishing"": 1}, ""Extortion"": {}, ""Personal Data Breach"": {}, ""Non-Payment/Non-Delivery"": {}, ""Investment"": {}, ""Tech Support"": {}, ""Business Email Compromise"": {}, ""Identity Theft"": {}, ""Employment"": {}, ""Confidence/Romance"": {}, ""Government Impersonation"": {}, ""Credit Card/Check Fraud"": {}, ""Harassment/Stalking"": {}, ""Real Estate"": {}, ""Advanced Fee"": {}, ""Crimes Against Children"": {}, ""Lottery/Sweepstakes/Inheritance"": {""inherited"": 1}, ""Data Breach"": {}, ""Ransomware"": {}, ""Overpayment"": {}, ""IPR*/Copyright&Counterfeit"": {""trademark"": 1}, ""Threats of Violence"": {}, ""SIM Swap"": {}, ""Botnet"": {}, ""Malware"": {}, ""Cryptocurrency"": {}}","MFA should use a combination of credentials and a phishing-resistant secondary  verification method, such as hardware-based PKI or FIDO authentication, to ensure secure  access and prevent unauthorized entry.   Implement a Role-Based Access Control (RBAC) strategy that assigns users to a specific role  with defined and inherited permissions to better control and manage what users can do. Any reference to specific  commercial entities, products, processes, or services by service mark, trademark, manufacturer, or  otherwise, does not constitute or imply endorsement, recommendation, or favoring by the authoring  agencies."
#StopRansomware: BianLian Data Extortion Group,2024-11-20,4,"{""Extortion"": 13, ""Ransomware"": 27, ""Threats of Violence"": 2, ""Phishing/Spoofing"": 5, ""Malware"": 8, ""Personal Data Breach"": 1, ""Identity Theft"": 1, ""Data Breach"": 2, ""Cryptocurrency"": 1, ""IPR*/Copyright&Counterfeit"": 1}","{""Phishing/Spoofing"": {""phishing"": 5}, ""Extortion"": {""extortion"": 13}, ""Personal Data Breach"": {""personal data"": 1}, ""Non-Payment/Non-Delivery"": {}, ""Investment"": {}, ""Tech Support"": {}, ""Business Email Compromise"": {}, ""Identity Theft"": {""identity theft"": 1}, ""Employment"": {}, ""Confidence/Romance"": {}, ""Government Impersonation"": {}, ""Credit Card/Check Fraud"": {}, ""Harassment/Stalking"": {}, ""Real Estate"": {}, ""Advanced Fee"": {}, ""Crimes Against Children"": {}, ""Lottery/Sweepstakes/Inheritance"": {}, ""Data Breach"": {""data leak"": 1, ""data breach"": 1}, ""Ransomware"": {""ransomware"": 20, ""ransom"": 7}, ""Overpayment"": {}, ""IPR*/Copyright&Counterfeit"": {""trademark"": 1}, ""Threats of Violence"": {""threatening"": 2}, ""SIM Swap"": {}, ""Botnet"": {}, ""Malware"": {""malware"": 8}, ""Cryptocurrency"": {""bitcoin"": 1}}","TLP:CLEAR  TLP:CLEAR  Co-Authored by:   Product ID: AA23-136A          #StopRansomware: BianLian Data Extortion  Group  Summary  Note: This joint Cybersecurity Advisory is part of an ongoing  #StopRansomware effort to publish advisories for network  defenders that detail various ransomware variants and  ransomware threat actors. These #StopRansomware advisories  include recently and historically observed tactics, techniques,  and procedures (TTPs) and indicators of compromise (IOCs) to  help organizations protect against ransomware. The Federal Bureau of Investigation (FBI), Cybersecurity and Infrastructure Security Agency (CISA), and the  Australian Signals Directorate’s Australian Cyber Security Centre (ASD’s ACSC) are releasing this joint  Cybersecurity Advisory to disseminate known BianLian ransomware and data extortion group IOCs and  TTPs identified through FBI and ASD’S ACSC investigations. (New, November 20, 2024) The reporting agencies are aware of multiple ransomware groups, like  BianLian, that seek to misattribute location and nationality by choosing foreign-language names, almost  May 16, 2023 Actions to take today to mitigate  cyber threats from BianLian data  extortion:    Strictly limit the use of RDP and  other remote desktop services. BianLian is a ransomware developer, deployer, and data  extortion cybercriminal group, likely based in Russia, with multiple Russia-based affiliates. BianLian then extorts money by threatening to release data if payment is not made. FBI, CISA, and ASD’S ACSC encourage critical infrastructure organizations and small- and medium-sized  organizations to implement the recommendations in the Mitigations section of this advisory to reduce the  likelihood and impact of BianLian and other ransomware and data extortion incidents. BianLian is a ransomware developer, deployer, and data extortion cybercriminal group. BianLian group originally employed a double-extortion model in  which they exfiltrated financial, client, business, technical, and personal files for leverage and encrypted  victims’ systems. In 2023, FBI observed BianLian shift primarily to exfiltration-based extortion with victims’  systems left intact, and ASD’S ACSC observed BianLian shift exclusively to exfiltration-based extortion. Initial Access  BianLian group actors gain initial access to networks by leveraging compromised Remote Desktop Protocol  (RDP) credentials likely acquired from initial access brokers [T1078],[T1133] or via phishing [T1566]. Defense Evasion  BianLian group actors use PowerShell [T1059.001] and Windows Command Shell [T1059.003] to disable  antivirus tools [T1562.001], specifically Windows defender and Anti-Malware Scan Interface (AMSI). Collection   FBI observed BianLian group actors using malware (system.exe) that enumerates registry values [T1012]  and files [T1083] and copies clipboard data from users [T1115]. Exfiltration and Impact  BianLian group actors search for sensitive files using PowerShell scripts (See Appendix: Windows  PowerShell and Command Shell Activity) and exfiltrate them for data extortion. Prior to January 2023,  BianLian actors encrypted files [T1486] after exfiltration for double extortion. The encryptor created a ransom note in  each affected directory. According to the ransom note, BianLian group specifically looked for, encrypted,  and exfiltrated financial, client, business, technical, and personal files. (See Figure 1 for a legacy  ransomware note). Figure 1: BianLian Sample Legacy Ransom Note (Look at this instruction.txt)  (New, November 20, 2024) Newer ransomware notes state BianLian group has exfiltrated data and  threaten to leak the exfiltrated data if the ransom is not paid. See Figure  2 for a sample ransom note. Leaking of folders like ""Personal Data"" is a disclosure of personal and medical  information of people that intrusted you to keep it. If this leak will take  place they will have to monitor their credit history and identity theft for next  3 years. Path number 1:    In 3 days we will start emailing and calling your partners and employees with  notes of your company's breach and announce this data leak at our website. We got proofs that  your data was kept with a number of data security violations of data breach  laws. Employees of victim companies have also reported receiving threatening telephone calls from individuals  associated with BianLian group. Table 1: BianLian Ransomware and Data Extortion Group IOCs  Name  SHA-256 Hash  Description  def.exe  7b15f570a23a5c5ce8ff942da60834a9d0549ea3ea9f34 f900a09331325df893  Malware associated with  BianLian intrusions, which  is an example of a possible  backdoor developed by  BianLian group. Table 2: Resource Development  Technique Title  ID  Use  Develop Capabilities: Malware  T1587.001  BianLian group actors developed a custom  backdoor used in their intrusions. Phishing  T1566  BianLian group actors used phishing to obtain valid  user credentials for initial access. File and Directory Discovery  T1083  BianLian group used malware (system.exe) that  enumerates files. Query Registry  T1012  BianLian group used malware (system.exe) that  enumerates registry. Table 11: Collection  Technique Title  ID  Use  Clipboard Data  T1115  BianLian group actors’ malware collects data stored  in the clipboard from users copying information  within or between applications. o Apply phishing-resistant multifactor authentication (MFA). In addition, FBI, CISA, and ASD’S ACSC recommend network defenders apply the following mitigations to  limit potential adversarial use of common system and network discovery techniques and to reduce the  impact and risk of compromise by ransomware or data extortion actors:    Implement a recovery plan to maintain and retain multiple copies of sensitive or proprietary data  and servers in a physically separate, segmented, and secure location (e.g., hard drive, storage  device, or the cloud).   Require phishing-resistant multifactor authentication for all services to the extent possible,  particularly for webmail, virtual private networks, and accounts that access critical systems [CPG  2.H].   Segment networks to prevent the spread of ransomware. Network segmentation can help prevent  the spread of ransomware by controlling traffic flows between—and access to—various  subnetworks, restricting further lateral movement [CPG 2.F].   Identify, detect, and investigate abnormal activity and potential traversal of the indicated  ransomware with a networking monitoring tool. To aid in detecting ransomware, implement a tool  that logs and reports all network traffic, including lateral movement activity on a network. The site also provides ransomware advisories for  businesses and organizations to help mitigate cyber threats.   CISA-Multi-State Information Sharing and Analysis Center (MS-ISAC) Joint Ransomware Guide for  guidance on mitigating and responding to a ransomware attack. organizations, Cyber Hygiene Services and Ransomware  Readiness Assessment. Reporting  The FBI is seeking any information that can be shared, including boundary logs showing communication to  and from foreign IP addresses, a sample ransom note, communications with BianLian actors, Bitcoin wallet  information, decryptor files, and/or a benign sample of an encrypted file. The FBI and CISA do not  encourage paying ransom, as payment does not guarantee victim files will be recovered. Any  reference to specific commercial products, processes, or services by service mark, trademark,  manufacturer, or otherwise, does not constitute or imply endorsement, recommendation, or favoring by  FBI, CISA, or ASD’S ACSC. AMSI is a built-in feature on  Windows 10 and newer that provides an interface for anti- malware scanners to inspect scripts prior to execution."
2023 Top Routinely Exploited Vulnerabilities,2024-11-12,4,"{""Ransomware"": 1, ""Phishing/Spoofing"": 1, ""Malware"": 1, ""IPR*/Copyright&Counterfeit"": 1}","{""Phishing/Spoofing"": {""phishing"": 1}, ""Extortion"": {}, ""Personal Data Breach"": {}, ""Non-Payment/Non-Delivery"": {}, ""Investment"": {}, ""Tech Support"": {}, ""Business Email Compromise"": {}, ""Identity Theft"": {}, ""Employment"": {}, ""Confidence/Romance"": {}, ""Government Impersonation"": {}, ""Credit Card/Check Fraud"": {}, ""Harassment/Stalking"": {}, ""Real Estate"": {}, ""Advanced Fee"": {}, ""Crimes Against Children"": {}, ""Lottery/Sweepstakes/Inheritance"": {}, ""Data Breach"": {}, ""Ransomware"": {""ransomware"": 1}, ""Overpayment"": {}, ""IPR*/Copyright&Counterfeit"": {""trademark"": 1}, ""Threats of Violence"": {}, ""SIM Swap"": {}, ""Botnet"": {}, ""Malware"": {""malware"": 1}, ""Cryptocurrency"": {}}","●  The actor can then steal information, launch ransomware, or conduct other malicious  activity. Identity and Access Management    Enforce phishing-resistant multifactor authentication (MFA) for all users without exception [CPG  2.H].   Continuously monitor the attack surface and investigate abnormal activity that may indicate cyber  actor or malware lateral movement [CPG 2.T]. Any reference to specific commercial products, processes, or services by  service mark, trademark, manufacturer, or otherwise, does not constitute or imply endorsement,  recommendation, or favoring."
Easy Access to Information for Conducting Fraudulent Emergency Data Requests Impacts US-Based Companies and Law Enforcement Agencies,2024-11-04,4,"{""Crimes Against Children"": 1, ""Phishing/Spoofing"": 2, ""Malware"": 6, ""Ransomware"": 4}","{""Phishing/Spoofing"": {""phishing"": 2}, ""Extortion"": {}, ""Personal Data Breach"": {}, ""Non-Payment/Non-Delivery"": {}, ""Investment"": {}, ""Tech Support"": {}, ""Business Email Compromise"": {}, ""Identity Theft"": {}, ""Employment"": {}, ""Confidence/Romance"": {}, ""Government Impersonation"": {}, ""Credit Card/Check Fraud"": {}, ""Harassment/Stalking"": {}, ""Real Estate"": {}, ""Advanced Fee"": {}, ""Crimes Against Children"": {""child"": 1}, ""Lottery/Sweepstakes/Inheritance"": {}, ""Data Breach"": {}, ""Ransomware"": {""ransomware"": 4}, ""Overpayment"": {}, ""IPR*/Copyright&Counterfeit"": {}, ""Threats of Violence"": {}, ""SIM Swap"": {}, ""Botnet"": {}, ""Malware"": {""malware"": 6}, ""Cryptocurrency"": {}}","According to PayPal, the threat  actor submitted a fraudulent Mutual Legal Assistance Treaty (MLAT) regarding a local  ongoing investigation into child trafficking, which included a case number and legal code  for verification, but the request was ultimately denied by PayPal. They further stated that the  data obtained could be used to carry out phishing or malware attacks against the  government sector and become an initial access vector. • Require phishing-resistant multifactor authentication for all services to the extent  possible, particularly for webmail, virtual private networks, and accounts that access  critical systems. • Segment networks to prevent the spread of malware/ransomware. Network  segmentation can help prevent the spread of malware/ransomware by controlling  traffic flows between—and access to—various subnetworks, and by restricting  adversary lateral movement. • Identify, detect, and investigate abnormal activity and potential traversal of any  indicated malware/ransomware with a networking monitoring tool. To aid in detecting  malware/ransomware, implement a tool that logs and reports all network traffic,  including lateral movement activity on a network. Threat actors use SMB to propagate malware across organizations."
New Tradecraft of Iranian Cyber Group Aria Sepehr Ayandehsazan aka Emennet Pasargad,2024-10-30,4,"{""Tech Support"": 1, ""Malware"": 2, ""IPR*/Copyright&Counterfeit"": 1}","{""Phishing/Spoofing"": {}, ""Extortion"": {}, ""Personal Data Breach"": {}, ""Non-Payment/Non-Delivery"": {}, ""Investment"": {}, ""Tech Support"": {""technical support"": 1}, ""Business Email Compromise"": {}, ""Identity Theft"": {}, ""Employment"": {}, ""Confidence/Romance"": {}, ""Government Impersonation"": {}, ""Credit Card/Check Fraud"": {}, ""Harassment/Stalking"": {}, ""Real Estate"": {}, ""Advanced Fee"": {}, ""Crimes Against Children"": {}, ""Lottery/Sweepstakes/Inheritance"": {}, ""Data Breach"": {}, ""Ransomware"": {}, ""Overpayment"": {}, ""IPR*/Copyright&Counterfeit"": {""trademark"": 1}, ""Threats of Violence"": {}, ""SIM Swap"": {}, ""Botnet"": {}, ""Malware"": {""trojan"": 2}, ""Cryptocurrency"": {}}","FBI has also  observed ASA using these cover re-sellers to provide technical support to identified Lebanon-based  individuals, including with hosting for HAMAS-affiliated or themed websites. The 'bd' executable is a remote access trojan (RAT) program that is heavily obfuscated. Remote Access Trojan  T1219  Collects basis system information about an infected computer and  connect to a specified web-server when the program is run on the  command line. Any reference to specific commercial entities, products,  processes, or services by service mark, trademark, manufacturer, or otherwise, does not constitute or  imply endorsement, recommendation, or favoring by the authoring agencies."
Safe Software Deployment: How Software Manufacturers Can Ensure Reliability for Customers,2024-10-24,4,"{""IPR*/Copyright&Counterfeit"": 1}","{""Phishing/Spoofing"": {}, ""Extortion"": {}, ""Personal Data Breach"": {}, ""Non-Payment/Non-Delivery"": {}, ""Investment"": {}, ""Tech Support"": {}, ""Business Email Compromise"": {}, ""Identity Theft"": {}, ""Employment"": {}, ""Confidence/Romance"": {}, ""Government Impersonation"": {}, ""Credit Card/Check Fraud"": {}, ""Harassment/Stalking"": {}, ""Real Estate"": {}, ""Advanced Fee"": {}, ""Crimes Against Children"": {}, ""Lottery/Sweepstakes/Inheritance"": {}, ""Data Breach"": {}, ""Ransomware"": {}, ""Overpayment"": {}, ""IPR*/Copyright&Counterfeit"": {""trademark"": 1}, ""Threats of Violence"": {}, ""SIM Swap"": {}, ""Botnet"": {}, ""Malware"": {}, ""Cryptocurrency"": {}}","Any reference to specific commercial  entities, products, processes, or services by service mark, trademark, manufacturer, or otherwise,  does not constitute or imply endorsement, recommendation, or favoring by CISA and co-sealers."
Product Security Bad Practices,2024-10-16,4,"{""Phishing/Spoofing"": 1}","{""Phishing/Spoofing"": {""phishing"": 1}, ""Extortion"": {}, ""Personal Data Breach"": {}, ""Non-Payment/Non-Delivery"": {}, ""Investment"": {}, ""Tech Support"": {}, ""Business Email Compromise"": {}, ""Identity Theft"": {}, ""Employment"": {}, ""Confidence/Romance"": {}, ""Government Impersonation"": {}, ""Credit Card/Check Fraud"": {}, ""Harassment/Stalking"": {}, ""Real Estate"": {}, ""Advanced Fee"": {}, ""Crimes Against Children"": {}, ""Lottery/Sweepstakes/Inheritance"": {}, ""Data Breach"": {}, ""Ransomware"": {}, ""Overpayment"": {}, ""IPR*/Copyright&Counterfeit"": {}, ""Threats of Violence"": {}, ""SIM Swap"": {}, ""Botnet"": {}, ""Malware"": {}, ""Cryptocurrency"": {}}","•  Providing time-limited setup passwords that disable themselves when a setup process is  complete and require configuration of a secure password (or more secure authentication  approaches, such as phishing-resistant MFA)."
Iranian Cyber Actors' Brute Force and Credential Access Activity Compromises Critical Infrastructure Organizations,2024-10-16,4,"{""Investment"": 1, ""Phishing/Spoofing"": 2, ""IPR*/Copyright&Counterfeit"": 1}","{""Phishing/Spoofing"": {""phishing"": 2}, ""Extortion"": {}, ""Personal Data Breach"": {}, ""Non-Payment/Non-Delivery"": {}, ""Investment"": {""investment"": 1}, ""Tech Support"": {}, ""Business Email Compromise"": {}, ""Identity Theft"": {}, ""Employment"": {}, ""Confidence/Romance"": {}, ""Government Impersonation"": {}, ""Credit Card/Check Fraud"": {}, ""Harassment/Stalking"": {}, ""Real Estate"": {}, ""Advanced Fee"": {}, ""Crimes Against Children"": {}, ""Lottery/Sweepstakes/Inheritance"": {}, ""Data Breach"": {}, ""Ransomware"": {}, ""Overpayment"": {}, ""IPR*/Copyright&Counterfeit"": {""trademark"": 1}, ""Threats of Violence"": {}, ""SIM Swap"": {}, ""Botnet"": {}, ""Malware"": {}, ""Cryptocurrency"": {}}","These voluntary CPGs strive to help small-  and medium-sized organizations kick-start their cybersecurity efforts by prioritizing investment in a limited  number of essential actions with high-impact security outcomes. ▪  Implement phishing-resistant MFA [CPG 2.H]. See CISA’s resources Phishing-Resistant Multifactor  Authentication and More than a Password for additional information on strengthening user  credentials. Any reference to specific commercial entities, products,  processes, or services by service mark, trademark, manufacturer, or otherwise, does not constitute or  imply endorsement, recommendation, or favoring by the authoring agencies."
Update on SVR Cyber Operations and Vulnerability Exploitation,2024-10-10,4,"{""Phishing/Spoofing"": 4, ""Malware"": 1, ""Cryptocurrency"": 1, ""Botnet"": 2, ""IPR*/Copyright&Counterfeit"": 1}","{""Phishing/Spoofing"": {""spearphishing"": 2, ""phishing"": 2}, ""Extortion"": {}, ""Personal Data Breach"": {}, ""Non-Payment/Non-Delivery"": {}, ""Investment"": {}, ""Tech Support"": {}, ""Business Email Compromise"": {}, ""Identity Theft"": {}, ""Employment"": {}, ""Confidence/Romance"": {}, ""Government Impersonation"": {}, ""Credit Card/Check Fraud"": {}, ""Harassment/Stalking"": {}, ""Real Estate"": {}, ""Advanced Fee"": {}, ""Crimes Against Children"": {}, ""Lottery/Sweepstakes/Inheritance"": {}, ""Data Breach"": {}, ""Ransomware"": {}, ""Overpayment"": {}, ""IPR*/Copyright&Counterfeit"": {""trademark"": 1}, ""Threats of Violence"": {}, ""SIM Swap"": {}, ""Botnet"": {""botnet"": 2}, ""Malware"": {""virus"": 1}, ""Cryptocurrency"": {""cryptocurrencies"": 1}}","The SVR continues using TTPs such as spearphishing [T1566], password  spraying [T1078], abuse of supply chain [T1195] and trusted relationships [T1199], custom and  The authoring agencies recommend the  following mitigations to protect their networks. •  Also in 2023, SVR cyber actors used Microsoft Teams accounts impersonating technical  support entities to send spearphishing messages [T1566] via Microsoft Teams Chat to socially  engineer the victims to grant the actors account access. To remain undetected, the SVR  frequently uses tools and programs already on victim networks to avoid anti-virus software. Phishing  T1566  The actors commonly conduct spear phishing  campaigns. Acquire  Infrastructure  T1583  The actors use cryptocurrencies, fake identities, and  low reputation email accounts to lease  infrastructure. Compromise  Infrastructure:  Botnet  T1584.005  The actors compromise numerous third-party  systems to form a botnet. Any reference to specific commercial entities,  products, processes, or services by service mark, trademark, manufacturer, or otherwise, does not  constitute or imply endorsement, recommendation, or favoring by the authoring agencies."
Principles of Operational Technology Cyber Security,2024-10-01,4,"{""Ransomware"": 3, ""Malware"": 3, ""IPR*/Copyright&Counterfeit"": 1}","{""Phishing/Spoofing"": {}, ""Extortion"": {}, ""Personal Data Breach"": {}, ""Non-Payment/Non-Delivery"": {}, ""Investment"": {}, ""Tech Support"": {}, ""Business Email Compromise"": {}, ""Identity Theft"": {}, ""Employment"": {}, ""Confidence/Romance"": {}, ""Government Impersonation"": {}, ""Credit Card/Check Fraud"": {}, ""Harassment/Stalking"": {}, ""Real Estate"": {}, ""Advanced Fee"": {}, ""Crimes Against Children"": {}, ""Lottery/Sweepstakes/Inheritance"": {}, ""Data Breach"": {}, ""Ransomware"": {""ransom"": 2, ""ransomware"": 1}, ""Overpayment"": {}, ""IPR*/Copyright&Counterfeit"": {""intellectual property"": 1}, ""Threats of Violence"": {}, ""SIM Swap"": {}, ""Botnet"": {}, ""Malware"": {""malware"": 2, ""virus"": 1}, ""Cryptocurrency"": {}}","Principles of operational technology cyber security 5  •	 If there is a cyber incident in an area that  requires software running correctly for  the work environment to be considered  safe (safety and protection systems), in  many instances this means that paying a  ransom cannot be an option, as there is no  timely large-scale method to verify that the  system has been returned to a safe state. 1	  Note ASD ACSC’s advice is never pay a ransom. This level of  information allows a bad actor to create and  test targeted malware, facilitating a greater  range of possible malicious outcomes. Securing OT data is also important for  the protection of intellectual property (IP) and  personally identifiable information (PII), such as  for metering in electricity, gas or water, or for  patient records in health. •	 Is there anything to prevent technologies  Principles of operational technology cyber security 8  such as endpoint detection and response  (EDR) or anti-virus causing an inadvertent  data spill by sending copies of OT files  out of the organisation’s network? Also well understood since 2017’s  Hatman malware, is the need to separate more  critical OT networks such as those essential to  safety, from less critical OT networks. If the  corporate environment becomes compromised,  through ransomware or other mechanisms,  even if the virtualised OT environment has  not been directly affected, the privileged  IT accounts required to manage the OT  environment would be no longer accessible."
Iranian Cyber Actors Targeting Personal Accounts to Support Operations,2024-09-27,3,"{""Phishing/Spoofing"": 8, ""Business Email Compromise"": 1, ""IPR*/Copyright&Counterfeit"": 1}","{""Phishing/Spoofing"": {""spoofing"": 3, ""phishing"": 4, ""spear-phishing"": 1}, ""Extortion"": {}, ""Personal Data Breach"": {}, ""Non-Payment/Non-Delivery"": {}, ""Investment"": {}, ""Tech Support"": {}, ""Business Email Compromise"": {""compromised email"": 1}, ""Identity Theft"": {}, ""Employment"": {}, ""Confidence/Romance"": {}, ""Government Impersonation"": {}, ""Credit Card/Check Fraud"": {}, ""Harassment/Stalking"": {}, ""Real Estate"": {}, ""Advanced Fee"": {}, ""Crimes Against Children"": {}, ""Lottery/Sweepstakes/Inheritance"": {}, ""Data Breach"": {}, ""Ransomware"": {}, ""Overpayment"": {}, ""IPR*/Copyright&Counterfeit"": {""trademark"": 1}, ""Threats of Violence"": {}, ""SIM Swap"": {}, ""Botnet"": {}, ""Malware"": {}, ""Cryptocurrency"": {}}","The authoring agencies recommend the following mitigation actions:  Social Engineering/Spoofing  •  Be suspicious of unsolicited contact from any individual you do not know personally or contact  from people you may know but are claiming to be using new accounts or phone numbers.   Refer to the guides in Appendix A for detecting malicious actor email rules enabling auto- forwarding or fetching from compromised email accounts. Enterprise Mitigation  •  Implement a user training program with phishing exercises to raise and maintain awareness  among users about risks of visiting malicious websites or opening malicious attachments. Reinforce the appropriate user response to phishing and spear-phishing emails. •  Enable anti-phishing and anti-spoofing security features that block malicious email. •  Configure Sender Policy Framework, DomainKeys Identified Mail, and Domain-based  Message Authentication Reporting and Conformance to prevent spoofing and validate email. •  When available, use single sign on with either Passkeys, alternate Fast Identity Online (FIDO)  authenticators, or Single Sign On backed by a phishing-resistant multi-factor authentication. Any reference to specific commercial products, processes, or services by service  mark, trademark, manufacturer, or otherwise does not constitute or imply endorsement,  recommendation, or favoring."
People's Republic of China-Linked Actors Compromise Routers and IoT Devices for Botnet Operations,2024-09-18,3,"{""Botnet"": 40, ""Malware"": 8, ""IPR*/Copyright&Counterfeit"": 1}","{""Phishing/Spoofing"": {}, ""Extortion"": {}, ""Personal Data Breach"": {}, ""Non-Payment/Non-Delivery"": {}, ""Investment"": {}, ""Tech Support"": {}, ""Business Email Compromise"": {}, ""Identity Theft"": {}, ""Employment"": {}, ""Confidence/Romance"": {}, ""Government Impersonation"": {}, ""Credit Card/Check Fraud"": {}, ""Harassment/Stalking"": {}, ""Real Estate"": {}, ""Advanced Fee"": {}, ""Crimes Against Children"": {}, ""Lottery/Sweepstakes/Inheritance"": {}, ""Data Breach"": {}, ""Ransomware"": {}, ""Overpayment"": {}, ""IPR*/Copyright&Counterfeit"": {""trademark"": 1}, ""Threats of Violence"": {}, ""SIM Swap"": {}, ""Botnet"": {""botnet"": 27, ""distributed denial of service"": 1, ""ddos"": 6, ""botnets"": 6}, ""Malware"": {""malware"": 8}, ""Cryptocurrency"": {}}","Product ID: JCSA-20240918-001 September 18, 2024  TLP:CLEAR     People’s Republic of China-Linked Actors  Compromise Routers and IoT Devices for  Botnet Operations  Summary  The Federal Bureau of Investigation (FBI), Cyber National Mission Force (CNMF), and National Security  Agency (NSA) assess that People’s Republic of China (PRC)-linked cyber actors have compromised  thousands of Internet-connected devices, including small office/home office (SOHO) routers, firewalls,  network-attached storage (NAS) and Internet of Things (IoT) devices with the goal of creating a network of  compromised nodes (a “botnet”) positioned for malicious activity. The actors may then use the botnet as a  proxy to conceal their identities while deploying distributed denial of service (DDoS) attacks or  compromising targeted U.S. Integrity Technology Group (Integrity Tech), a PRC-based company, has controlled and managed a botnet  active since mid-2021. The botnet has regularly maintained between tens to hundreds of thousands of  compromised devices. As of June 2024, the botnet consisted of over 260,000 devices. Victim devices  which are part of the botnet have been observed in North America, South America, Europe, Africa,  Southeast Asia and Australia. While devices aged beyond their end-of-life dates are known to be more vulnerable to intrusion, many of the  compromised devices in the Integrity Tech-controlled botnet are likely still supported by their respective vendors. FBI, CNMF, NSA, and allied partners are releasing this Joint Cyber Security Advisory to highlight the threat  posed by these actors and their botnet activity and to encourage exposed device vendors, owners, and  operators to update and secure their devices from being compromised and joining the botnet. Network  defenders are advised to follow the guidance in the mitigations section to protect against the PRC-linked  cyber actors’ botnet activity. Cyber security companies can also leverage the information in this advisory to  assist with identifying malicious activity and reducing the number of devices present in botnets worldwide. Integrity Tech has used  China Unicom Beijing Province Network IP addresses to control and manage the botnet described in this  advisory. In addition to managing the botnet, these same China Unicom Beijing Province Network IP addresses were  used to access other operational infrastructure employed in computer intrusion activities against U.S. Botnet Command and Control  As with similar botnets, this botnet infrastructure is comprised of a network of devices, known as “bots,”  which are infected with a type of malware that provides threat actors with unauthorized remote access. A  functioning botnet can be used for a variety of purposes, including malware delivery, distributed denial of  service (DDoS) attacks, or routing nefarious Internet traffic. The botnet uses the Mirai family of malware, designed to hijack IoT devices such as webcams, DVRs, IP  cameras, and routers running Linux-based operating systems. The Mirai source code was posted publicly  on the Internet in 2016, resulting in other hackers creating their own botnets based on the malware. Since  that time, various Mirai botnets have been used to conduct DDoS and other malicious activities against  victim entities within the U.S. The investigated botnet’s customized Mirai malware is a component of a system that automates the  compromise of a variety of devices. To recruit a new “bot,” the botnet system first compromises an  Internet-connected device using one of a variety of known vulnerability exploits (see Appendix B: Observed  CVEs). Post-compromise, the victim device executes a Mirai-based malware payload from a remote server. Some  malware payloads were self-deleting to evade detection. These  management servers host a MySQL database which stored information used for the control of the botnet. The management servers hosted an application known as “Sparrow,” which allows users to interact with  the botnet. The code for the Sparrow application, stored within a Git repository, defines functions that allow registered  users to manage and control the botnet and C2 servers, sending tasks to victim devices including DDoS  and exploitation commands to grow the botnet. A subcomponent called “vulnerability arsenal” also allows users to  exploit traditional computer networks through the victim devices in the botnet. Compromised Device Distribution  The following tables approximate the count of devices compromised by the botnet system as of June 2024,  by location and by processor architecture. There were at least 50 different Linux operating system versions  found among botnet nodes. The following guidance applies both to  preventing IoT devices from becoming part of a botnet, as well as to defending networks from botnets  already in operation. Routers and IoT devices may provide features such as Universal Plug and Play (UPnP),  remote management options, and file sharing services, which threat actors may abuse to gain  initial access or to spread malware to other networked devices. Since DDoS attacks originating from botnets may at first  appear similar to normal traffic, it is critical for organizations to define, monitor and prepare for  abnormal traffic volumes. Some  network solutions such as proxies may mitigate DDoS incidents. Any reference to specific commercial entities, products,  processes, or services by service mark, trademark, manufacturer, or otherwise, does not constitute or  imply endorsement, recommendation, or favoring by the authoring organizations."
Secure by Design Alert: Eliminating Cross-Site Scripting Vulnerabilities,2024-09-17,3,"{""Investment"": 2, ""IPR*/Copyright&Counterfeit"": 1}","{""Phishing/Spoofing"": {}, ""Extortion"": {}, ""Personal Data Breach"": {}, ""Non-Payment/Non-Delivery"": {}, ""Investment"": {""investments"": 2}, ""Tech Support"": {}, ""Business Email Compromise"": {}, ""Identity Theft"": {}, ""Employment"": {}, ""Confidence/Romance"": {}, ""Government Impersonation"": {}, ""Credit Card/Check Fraud"": {}, ""Harassment/Stalking"": {}, ""Real Estate"": {}, ""Advanced Fee"": {}, ""Crimes Against Children"": {}, ""Lottery/Sweepstakes/Inheritance"": {}, ""Data Breach"": {}, ""Ransomware"": {}, ""Overpayment"": {}, ""IPR*/Copyright&Counterfeit"": {""trademark"": 1}, ""Threats of Violence"": {}, ""SIM Swap"": {}, ""Botnet"": {}, ""Malware"": {}, ""Cryptocurrency"": {}}","Key security investments should include providing secure building blocks for developers to prevent single errors  from compromising millions of users' data. •  Make the appropriate investments and develop the right incentive structures that promote security as a stated  business goal. Any reference to specific commercial entities, products, processes, or services by service mark,  trademark, manufacturer, or otherwise, does not constitute or imply endorsement, recommendation, or favoring by the  authoring organizations."
Russian Military Cyber Actors Target U.S. and Global Critical Infrastructure,2024-09-05,3,"{""Threats of Violence"": 2, ""Malware"": 25, ""Phishing/Spoofing"": 2, ""Data Breach"": 1, ""IPR*/Copyright&Counterfeit"": 1, ""Ransomware"": 1}","{""Phishing/Spoofing"": {""phishing"": 2}, ""Extortion"": {}, ""Personal Data Breach"": {}, ""Non-Payment/Non-Delivery"": {}, ""Investment"": {}, ""Tech Support"": {}, ""Business Email Compromise"": {}, ""Identity Theft"": {}, ""Employment"": {}, ""Confidence/Romance"": {}, ""Government Impersonation"": {}, ""Credit Card/Check Fraud"": {}, ""Harassment/Stalking"": {}, ""Real Estate"": {}, ""Advanced Fee"": {}, ""Crimes Against Children"": {}, ""Lottery/Sweepstakes/Inheritance"": {}, ""Data Breach"": {""data leak"": 1}, ""Ransomware"": {""ransomware"": 1}, ""Overpayment"": {}, ""IPR*/Copyright&Counterfeit"": {""trademark"": 1}, ""Threats of Violence"": {""harm"": 2}, ""SIM Swap"": {}, ""Botnet"": {}, ""Malware"": {""malware"": 25}, ""Cryptocurrency"": {}}","and  Global Critical Infrastructure  Summary  The Federal Bureau of Investigation (FBI), Cybersecurity and Infrastructure Security Agency (CISA), and  National Security Agency (NSA) assess that cyber actors affiliated with the Russian General Staff Main  Intelligence Directorate (GRU) 161st Specialist Training Center (Unit 29155) are responsible for computer  network operations against global targets for the purposes of espionage, sabotage, and reputational harm  since at least 2020. GRU Unit 29155 cyber actors began deploying the destructive WhisperGate malware  against multiple Ukrainian victim organizations as early as January 13, 2022.   Enable phishing-resistant multifactor authentication (MFA) for all externally facing account services,  especially for webmail, virtual private networks (VPNs), and accounts that access critical systems. This Cybersecurity Advisory provides tactics, techniques, and procedures (TTPs) associated with Unit  29155 cyber actors—both during and succeeding their deployment of WhisperGate against Ukraine—as  well as further analysis (see Appendix A) of the WhisperGate malware initially published in the joint  advisory, Destructive Malware Targeting Organizations in Ukraine, published February 26, 2022. Unit 29155 cyber actors’ objectives appear to  include the collection of information for espionage purposes, reputational harm caused by the theft and  leakage of sensitive information, and systematic sabotage caused by the destruction of data [T1485]. The activity  includes cyber campaigns such as website defacements, infrastructure scanning, data exfiltration, and  data leak operations. While Unit 29155 cyber actors are best known for their  use of WhisperGate malware against Ukraine, the use of WhisperGate is not unique to the group. Technical  analysis can be found in Appendix A: WhisperGate Malware Analysis.   In one instance shortly following a deployment of WhisperGate malware, Unit 29155 cyber actors  exfiltrated data to mega[.]nz using Rclone [T1567.002].   Cyber actors may have used Raspberry Robin malware in the role of an access broker [T1588.001]. Obtain Capabilities:  Malware  T1588.001  Unit 29155 cyber actors obtain publicly available malware and malware  loaders to support their operations. For example, analysis suggests  Raspberry Robin malware may have been used in the role of an access  broker. Best practice  mitigations include updating Identity and Access Management (IAM) and employing phishing- resistant MFA for all devices and accounts identified as organizational assets. Microsoft Threat Intelligence Center: Destructive Malware Targeting Ukrainian Organizations  2. Any reference to specific commercial entities,  products, processes, or services by service mark, trademark, manufacturer, or otherwise, does not  constitute or imply endorsement, recommendation, or favoring by CISA and the authoring agencies. Unit 29155 cyber actors’ use of WhisperGate involved the deployment of the malware files, stage1.exe  and stage2.exe. WhisperGate has two stages that corrupts a system’s master boot record, displays a  fake ransomware note, and encrypts files based on certain file extensions (see AA22-057A). The actors  used multiple Discord accounts to store malware files, including what appears to be development versions  or iterations of the binaries. All clusters used Discord as a staging environment for malware  deployment. These groupings are based on analysis of threat actor IP addresses and the nature of the  malware that existed within the accounts. al  TLP:CLEAR TLP:CLEAR Static Analysis  Static analysis was further conducted on two files (stage2.exe, Tbopbh.jpg) to uncover additional  malware functionality and attributes. al  TLP:CLEAR TLP:CLEAR   When the above string was base64 decoded, the system displayed the following PowerShell  command: Start-Sleep -s 10    stage2.exe served as the downloader and driver logic for the malware payload, Tbopbh.jpg. Tbopbh.jpg (payload for stage2.exe variant)  An account in Discord Cluster 1 contained malware with the following hashes, labeled as Tbopbh.jpg:    MD5: b3370eb3c5ef6c536195b3bea0120929    SHA-256: 923eb77b3c9e11d6c56052318c119c1a22d11ab71675e6b95d05eeb73d1accd6  When viewing payload Tbopbh.jpg using a hex editor, it ended with value “ZM” or hex values “5A 4D”— this indicated the payload was a reversed PE. Malware analysts  decoded and decrypted one of the resources from Frkmlkdkdubkznbkmcf.dll  (78c855a088924e92a7f60d661c3d1845). Waqybg is known as WhisperKill—a malware downloaded by WhisperGate that destroys  files with specific extensions.[19],[21]  The following file extensions listed in Table 25 were targeted for file corruption with the equivalent of the  “wcscmp” C function logic (a string compare function). al  TLP:CLEAR TLP:CLEAR Malware Related to Tbopbh.jpg  stage2.exe and its respective payload, Tbopbh.jpg, served as a template for other malware within  Discord Cluster 1. While most of these other malware files have not been observed in open source  reporting, malware analysts assess them as payloads that follow the unravelling process listed in Figure 1  below."
#StopRansomware: RansomHub Ransomware,2024-08-29,3,"{""Ransomware"": 34, ""Phishing/Spoofing"": 8, ""Data Breach"": 2, ""Tech Support"": 1, ""IPR*/Copyright&Counterfeit"": 1}","{""Phishing/Spoofing"": {""phishing"": 7, ""spear-phishing"": 1}, ""Extortion"": {}, ""Personal Data Breach"": {}, ""Non-Payment/Non-Delivery"": {}, ""Investment"": {}, ""Tech Support"": {""technical support"": 1}, ""Business Email Compromise"": {}, ""Identity Theft"": {}, ""Employment"": {}, ""Confidence/Romance"": {}, ""Government Impersonation"": {}, ""Credit Card/Check Fraud"": {}, ""Harassment/Stalking"": {}, ""Real Estate"": {}, ""Advanced Fee"": {}, ""Crimes Against Children"": {}, ""Lottery/Sweepstakes/Inheritance"": {}, ""Data Breach"": {""data leak"": 1, ""data breaches"": 1}, ""Ransomware"": {""ransomware"": 28, ""ransom"": 6}, ""Overpayment"": {}, ""IPR*/Copyright&Counterfeit"": {""trademark"": 1}, ""Threats of Violence"": {}, ""SIM Swap"": {}, ""Botnet"": {}, ""Malware"": {}, ""Cryptocurrency"": {}}","TLP:CLEAR  TLP:CLEAR   Co-Authored by:   Product ID: AA24-242A                #StopRansomware: RansomHub Ransomware  Summary  Note: This joint Cybersecurity Advisory is part of an ongoing  #StopRansomware effort to publish advisories for network  defenders that detail various ransomware variants and  ransomware threat actors. These #StopRansomware  advisories include recently and historically observed tactics,  techniques, and procedures (TTPs) and indicators of  compromise (IOCs) to help organizations protect against  ransomware. The Federal Bureau of Investigation (FBI), the Cybersecurity and Infrastructure Security Agency (CISA), the  Multi-State Information Sharing and Analysis Center (MS-ISAC), and the Department of Health and Human  Services (HHS) (hereafter referred to as the authoring organizations) are releasing this joint advisory to  disseminate known RansomHub ransomware IOCs and TTPs. RansomHub is a  ransomware-as-a-service variant—formerly known as Cyclops and Knight—that has established itself as an  efficient and successful service model (recently attracting high-profile affiliates from other prominent  variants such as LockBit and ALPHV). August 29, 2024 Actions to take today to mitigate  cyber threats from ransomware:  •  Install updates for operating  systems, software, and firmware  as soon as they are released. •  Require phishing-resistant MFA  (i.e., non-SMS text based) for as  many services as possible. •  Train users to recognize and  report phishing attempts. The ransom note dropped during encryption does not generally include an initial  ransom demand or payment instructions. Instead, the note provides victims with a client ID and instructs  them to contact the ransomware group via a unique .onion URL (reachable through the Tor browser). The  ransom note typically gives victims between three and 90 days to pay the ransom (depending on the  affiliate) before the ransomware group publishes their data on the RansomHub Tor data leak site. The authoring organizations encourage network defenders to implement the recommendations in the  Mitigations section of this cybersecurity advisory to reduce the likelihood and impact of ransomware  incidents. Initial Access  RansomHub affiliates typically compromise internet facing systems and user endpoints by using methods  such as phishing emails [T1566], exploitation of known vulnerabilities [T1190], and password spraying  [T1110.003]. Password spraying targets accounts compromised through data breaches. Note: Software versions which have reached End of  Technical Support (EoTS) are not evaluated. Defense Evasion  Cybersecurity researchers have observed affiliates renaming the ransomware executable with innocuous  file names, such as Windows.exe, left on the user’s desktop (C:\Users\%USERNAME%\Desktop) or  downloads (C:\Users\%USERNAME%\Downloads) [T1036]. The  ransomware binary does not normally include any mechanism for data exfiltration. Encryption  RansomHub ransomware has typically leveraged an Elliptic Curve Encryption algorithm called Curve 25519  to encrypt user accessible files on the system [T1486]. The ransomware executable does not typically encrypt executable files. A random file extension is added to  file names and a ransom note generally titled How To Restore Your Files.txt is left on the compromised  system. To further inhibit system recovery, the ransomware executable typically leverages the  vssadmin.exe program to delete volume shadow copies [T1490]. Table 2: Directory Structure TTPs  Filename  Description  C:\Users\%USERNAME%\AppData\Local\Programs\Python\Python311\Scripts\crackmapex ec.exe  CrackMapExe c  C:\Users\%USERNAME%\AppData\Local\Programs\Python\Python311\Scripts\kerbrute.exe  Kerberoastin g  C:\Users\%USERNAME%\Downloads\Anydesk.exe  Anydesk C2  C:\Users\%USERNAME%\Desktop\IamBatMan.exe  Ransomware  C:\Users\backupexec\Desktop\stealer_cli_v2.exe  Info Stealer  C:\Users\%USERNAME%\Downloads\nmap-7.94-setup.exe  Nmap  C:\Program Files (x86)\Nmap\nmap.exe  Nmap  C:\Users\%USERNAME%\Downloads\mimikatz_trunk\x64\mimikatz.exe  Mimikatz  C:\Users\backupexec\Downloads\x64\mimikatz.exe  Mimikatz  Disclaimer: The authoring organizations recommend network defenders investigate or vet IP addresses prior  to taking action, such as blocking. Table 7: Initial Access  Technique Title  ID  Use  Phishing  T1566  RansomHub affiliates used mass phishing and spear-phishing  emails to obtain initial access. Table 17: Impact  Technique Title  ID  Use  Data Encrypted for  Impact  T1486  RansomHub affiliates used encryption for ransomware  operations. Inhibit System  Recovery  T1490  RansomHub ransomware deleted volume shadow copies and  affiliates removed backups for ransomware operations.   Require Phishing-Resistant multifactor authentication to administrator accounts [CPG 2.H] and  require standard MFA for all services to the extent possible (particularly for webmail, virtual private  networks, and accounts that access critical systems).   Segment networks [CPG 2.F] to prevent the spread of ransomware. Network segmentation can help  prevent the spread of ransomware by controlling traffic flows between—and access to—various  subnetworks and by restricting adversary lateral movement.   Identify, detect, and investigate abnormal activity and potential traversal of the indicated  ransomware with a networking monitoring tool [CPG 3.A]. To aid in detecting the ransomware,  implement a tool that logs and reports all network traffic, including lateral movement activity on a  network.   Mandate MFA, ideally phishing-resistant MFA, for privileged users and make MFA a default, rather  than opt-in, feature. Resources    #StopRansomware is a whole-of-government approach that gives one central location for  ransomware resources and alerts.   Resource to reduce the risk of a ransomware attack: #StopRansomware Guide.   No-cost cyber hygiene services: Cyber Hygiene Services and Ransomware Readiness Assessment. Knight Ransomware - X-Industry - Red Sky Alliance  3. The authoring organizations do not encourage paying a ransom, as payment does not guarantee victim  files will be recovered. Furthermore, payment may also embolden adversaries to target additional  organizations, encourage other criminal actors to engage in the distribution of ransomware, and/or fund  illicit activities. Any reference to specific commercial entities, products,  processes, or services by service mark, trademark, manufacturer, or otherwise, does not constitute or  imply endorsement, recommendation, or favoring by the authoring organizations."
Iran-based Cyber Actors Enabling Ransomware Attacks on US Organizations,2024-08-28,3,"{""Ransomware"": 20, ""Cryptocurrency"": 1, ""Malware"": 2, ""Extortion"": 1, ""IPR*/Copyright&Counterfeit"": 1}","{""Phishing/Spoofing"": {}, ""Extortion"": {""extort"": 1}, ""Personal Data Breach"": {}, ""Non-Payment/Non-Delivery"": {}, ""Investment"": {}, ""Tech Support"": {}, ""Business Email Compromise"": {}, ""Identity Theft"": {}, ""Employment"": {}, ""Confidence/Romance"": {}, ""Government Impersonation"": {}, ""Credit Card/Check Fraud"": {}, ""Harassment/Stalking"": {}, ""Real Estate"": {}, ""Advanced Fee"": {}, ""Crimes Against Children"": {}, ""Lottery/Sweepstakes/Inheritance"": {}, ""Data Breach"": {}, ""Ransomware"": {""ransomware"": 15, ""ransom"": 4, ""ransoms"": 1}, ""Overpayment"": {}, ""IPR*/Copyright&Counterfeit"": {""trademark"": 1}, ""Threats of Violence"": {}, ""SIM Swap"": {}, ""Botnet"": {}, ""Malware"": {""malware"": 2}, ""Cryptocurrency"": {""cryptocurrency"": 1}}","TLP:CLEAR Product ID: AA24-241A August 28, 2024  TLP:CLEAR Iran-based Cyber Actors Enabling  Ransomware Attacks on US Organizations  Summary  The Federal Bureau of Investigation (FBI), Cybersecurity and Infrastructure Security Agency (CISA), and the  Department of Defense Cyber Crime Center (DC3) are releasing this joint Cybersecurity Advisory (CSA) to  warn network defenders that, as of August 2024, a group of Iran-based cyber actors continues to exploit  U.S. The FBI assesses a significant  percentage of these threat actors’ operations against US organizations are intended to obtain and develop  network access to then collaborate with ransomware affiliate actors to deploy ransomware. The FBI further  assesses these Iran-based cyber actors are associated with the Government of Iran (GOI) and—separate  from the ransomware activity—conduct computer network exploitation activity in support of the GOI (such  as intrusions enabling the theft of sensitive technical data against organizations in Israel and Azerbaijan). A significant percentage of the group’s US-focused cyber activity is in furtherance of  obtaining and maintaining technical access to victim networks to enable future ransomware attacks. More recently, the FBI identified these actors collaborating directly with ransomware affiliates to  enable encryption operations in exchange for a percentage of the ransom payments. These actors have  collaborated with the ransomware affiliates NoEscape[3], Ransomhouse[4], and ALPHV (aka BlackCat)  (#StopRansomware: ALPHV Blackcat). The FBI assesses these actors do not disclose their Iran-based  location to their ransomware affiliate contacts and are intentionally vague as to their nationality and origin. While this technique has traditionally been used to influence  victims to pay ransoms, the FBI does not believe the objective of Pay2Key was to obtain ransom payments. The FBI judges this activity to be separate from the previously  referenced ransomware-enabling activity. This group directs their activity towards countries and  organizations consistent with Iranian state interests, and typically not of interest to the group’s  ransomware affiliate contacts, such as U.S. However, the group’s ransomware activities are likely not  sanctioned by the GOI, as the actors have expressed concern for government monitoring of cryptocurrency  movement associated with their malicious activity.   Use a scheduled task to load malware through installed backdoors [T1053]. Exfiltration and Impact  After infiltrating victim networks, the actors collaborate with ransomware affiliates (including NoEscape,  Ransomhouse, and ALPHV [aka BlackCat]) in exchange for a percentage of the ransom payments by  providing affiliates with access to victim networks, locking victim networks, and strategizing to extort  victims [T1657]. Scheduled  Task/Job  T1053  Iranian cyber actors implement a scheduled task that uses a DLL side- loading technique and a scheduled task that loads malware through back  doors. Indicators of Compromise – Historical  Indicator  First Seen  Most Recently Observed Date  18.134.0[.]66  September 2023  November 2023  193.149.190[.]248  September 2023  January 2024  45.76.65[.]42  September 2023  December 2023  206.71.148[.]78  October 2023  January 2024  193.149.187[.]41  October 2023  November 2023  login.forticloud[.]online  October 2023  November 2023  fortigate.forticloud.[]online  October 2023  November 2023  cloud.sophos[.]one  October 2023  November 2023  Actor Identifiers  Disclaimer: The FBI observed the following identifiers associated with the Iranian cyber group and their  ransomware affiliates. Pay2Key Ransomware Alert - Check Point Research  Reporting  Your organization has no obligation to respond or provide information back to the FBI in response to this  joint advisory. The FBI and CISA do not encourage paying ransom as payment does not guarantee victim files will be  recovered. Furthermore, payment may also embolden adversaries to target additional organizations,  encourage other criminal actors to engage in the distribution of ransomware, and/or fund illicit activities. Any reference to specific commercial entities, products, processes, or  services by service mark, trademark, manufacturer, or otherwise, does not constitute or imply  endorsement, recommendation, or favoring by FBI and CISA."
Best Practices For Event Logging and Threat Detection,2024-08-22,3,"{""Malware"": 6, ""Threats of Violence"": 1, ""Phishing/Spoofing"": 1, ""SIM Swap"": 1, ""Botnet"": 1}","{""Phishing/Spoofing"": {""spoofing"": 1}, ""Extortion"": {}, ""Personal Data Breach"": {}, ""Non-Payment/Non-Delivery"": {}, ""Investment"": {}, ""Tech Support"": {}, ""Business Email Compromise"": {}, ""Identity Theft"": {}, ""Employment"": {}, ""Confidence/Romance"": {}, ""Government Impersonation"": {}, ""Credit Card/Check Fraud"": {}, ""Harassment/Stalking"": {}, ""Real Estate"": {}, ""Advanced Fee"": {}, ""Crimes Against Children"": {}, ""Lottery/Sweepstakes/Inheritance"": {}, ""Data Breach"": {}, ""Ransomware"": {}, ""Overpayment"": {}, ""IPR*/Copyright&Counterfeit"": {}, ""Threats of Violence"": {""harm"": 1}, ""SIM Swap"": {""sim swapping"": 1}, ""Botnet"": {""botnet"": 1}, ""Malware"": {""malware"": 6}, ""Cryptocurrency"": {}}","Best practices for event logging and threat detection 4  Introduction The increased prevalence of malicious actors employing LOTL techniques, such as LOTL binaries  (LOLBins) and fileless malware, highlights the importance of implementing and maintaining an  effective event logging solution. When assessing the risks to a system,  consider that in some cases, it can take up to 18 months to discover a cyber security incident and some  malware can dwell on the network from 70 to 200 days before causing overt harm.3 Log retention  periods should also be compliant with any regulatory requirements and cyber security frameworks  that may apply in an organisation’s jurisdiction. These include malware, malicious insiders,  and exploitation of unpatched applications and services. For example,  malicious actors can access OT networks through IT networks by exploiting unpatched vulnerabilities,  delivering malware, or conducting denial-of-service campaigns to impact critical services. Such monitoring includes: •	 signalling exploitation •	 binary/invisible SMS •	 CLI spoofing •	 SIM/eSIM activities such as SIM swapping •	 null cipher downgrade •	 connection downgrade (false base station) •	 network API/query against user •	 roaming traffic protection •	 roaming steering. Their campaign has been enabled by privately-owned SOHO routers,  infected with the ‘KV Botnet’ malware. While Volt Typhoon uses LOTL techniques to make detection more difficult, the behaviours that the  malware exhibits would be considered abnormal compared to business-as-usual activity and could be  used to create detection use cases."
#StopRansomware: BlackSuit (Royal) Ransomware,2024-08-07,3,"{""Ransomware"": 40, ""Phishing/Spoofing"": 13, ""Extortion"": 2, ""Non-Payment/Non-Delivery"": 1, ""Malware"": 2, ""IPR*/Copyright&Counterfeit"": 2, ""Cryptocurrency"": 1}","{""Phishing/Spoofing"": {""phishing"": 13}, ""Extortion"": {""extortion"": 2}, ""Personal Data Breach"": {}, ""Non-Payment/Non-Delivery"": {""non-payment"": 1}, ""Investment"": {}, ""Tech Support"": {}, ""Business Email Compromise"": {}, ""Identity Theft"": {}, ""Employment"": {}, ""Confidence/Romance"": {}, ""Government Impersonation"": {}, ""Credit Card/Check Fraud"": {}, ""Harassment/Stalking"": {}, ""Real Estate"": {}, ""Advanced Fee"": {}, ""Crimes Against Children"": {}, ""Lottery/Sweepstakes/Inheritance"": {}, ""Data Breach"": {}, ""Ransomware"": {""ransomware"": 31, ""ransom"": 9}, ""Overpayment"": {}, ""IPR*/Copyright&Counterfeit"": {""intellectual property"": 1, ""trademark"": 1}, ""Threats of Violence"": {}, ""SIM Swap"": {}, ""Botnet"": {}, ""Malware"": {""malware"": 2}, ""Cryptocurrency"": {""bitcoin"": 1}}","Product ID: AA23-061A March 2, 2023 TLP: CLEAR TLP:CLEAR #StopRansomware: BlackSuit (Royal)  Ransomware  Summary  Note: This joint Cybersecurity Advisory is part of an  ongoing #StopRansomware effort to publish  advisories for network defenders that detail  various ransomware variants and ransomware  threat actors. These #StopRansomware advisories  include recently and historically observed tactics,  techniques, and procedures (TTPs) and indicators  of compromise (IOCs) to help organizations protect  against ransomware.   August 7, 2024: The advisory was updated to notify network defenders of the rebrand of “Royal”  ransomware actors to “BlackSuit.” The update includes new TTPs, IOCs, and detection methods  related to BlackSuit ransomware. (New August 7, 2024) The Federal Bureau of Investigation (FBI) and the Cybersecurity and Infrastructure  Security Agency (CISA) are releasing this joint advisory to disseminate known BlackSuit ransomware IOCs  • Prioritize remediating known exploited  vulnerabilities. • Train users to recognize and report phishing  attempts. BlackSuit ransomware is the evolution of the ransomware previously identified as Royal  ransomware, which was used from approximately September 2022 through June 2023. BlackSuit shares  numerous coding similarities with Royal ransomware and has exhibited improved capabilities. (Updated August 7, 2024) BlackSuit conducts data exfiltration and extortion prior to encryption and then  publishes victim data to a leak site if a ransom is not paid. Phishing emails are among the most successful  vectors for initial access by BlackSuit threat actors. After gaining access to victims’ networks, BlackSuit  actors disable antivirus software and exfiltrate large amounts of data before ultimately deploying the  ransomware and encrypting the systems. Ransom amounts are not part of the initial ransom note, but  require direct interaction with the threat actor via a .onion URL (reachable through the Tor browser)  provided after encryption. Recently, an uptick was observed in the number of instances where victims  received telephonic or email communications from BlackSuit actors regarding the compromise and  ransom. BlackSuit uses a leak site to publish victim data based on non-payment. FBI and CISA encourage organizations to implement the recommendations found in the Mitigations section  of this CSA to reduce the likelihood and impact of ransomware incidents. This approach allows the actor to lower the encryption percentage  for larger files, which helps evade detection, and also significantly improves ransomware speed.[1] In  addition to encrypting files, BlackSuit actors also engage in double extortion tactics in which they threaten  to publicly release the exfiltrated data if the victim does not pay the ransom. According to third-party reporting, BlackSuit actors most commonly gain initial access to  victim networks via phishing emails [T1566]. o According to open source reporting, victims have unknowingly installed malware that delivers  BlackSuit ransomware after receiving phishing emails containing malicious PDF documents  [T1566.001] and malvertising [T1566.002].[2]    Remote Desktop Protocol (RDP). Ransomware operators often use  open source projects to aid their intrusion activities. (New August 7, 2024) BlackSuit actors use SystemBC and Gootloader malware to load additional tools and  maintain persistence. Batch files create a new admin user [T1078.002], force a group policy update, set  pertinent registry keys to auto-extract [T1119] and execute the ransomware, monitor the encryption  process, and delete files upon completion—including Application, System, and Security event logs  [T1070.001]. BlackSuit actors have been  observed using legitimate software and open source tools during ransomware operations. Indicators of Compromise (IOC)  See Table 1 through Table 5 for Royal ransomware IOCs obtained by FBI during threat response activities  as of January 2023. (New November 13, 2023) See Table 6 and Table 7 for Royal and BlackSuit Ransomware IOCs as of June  2023. (New August 7, 2024) See Table 9 through Table 15 for BlackSuit ransomware IOCs obtained by FBI during  threat response activities as of July 2024 and Figure 1 for a sample ransom note. BlackSuit Ransom Note  MITRE ATT&CK Tactics and Techniques  See Table 18 through Table 23 for all referenced threat actor tactics and techniques in this advisory, as  well as corresponding detection and/or mitigation recommendations. Now we have all your files like: financial reports, intellectual property, accounting, law actions and  complaints, personal files and so on and so forth. Phishing  T1566  BlackSuit actors most commonly gain initial access to victim  networks via phishing. Phishing: Spear  phishing Attachment  T1566.001  BlackSuit actors used malicious PDF document attachments in  phishing campaigns. Phishing: Spear  phishing Link  T1566.002  The actors gain initial access using malvertising links via emails and  public-facing sites.   Require Phishing-Resistant multifactor authentication to administrator accounts [CPG 2.H], and  require standard MFA for all services to the extent possible, particularly for webmail, virtual private  networks, and accounts that access critical systems.   Segment networks [CPG 2.F] to prevent the spread of ransomware. Network segmentation can help  prevent the spread of ransomware by controlling traffic flows between—and access to—various  subnetworks and by restricting adversary lateral movement.   Identify, detect, and investigate abnormal activity and potential traversal of the indicated  ransomware with a networking monitoring tool [CPG 3.A]. To aid in detecting the ransomware,  implement a tool that logs and reports all network traffic, including lateral movement activity on a  network.   Mandate MFA, ideally phishing-resistant MFA, for privileged users and make MFA a default, rather  than opt-in, feature.   Resource to mitigate a ransomware attack: CISA-Multi-State Information Sharing and Analysis  Center (MS-ISAC) Joint Ransomware Guide. Note: The joint Ransomware Guide provides preparation, prevention, and mitigation best practices  as well as a ransomware response checklist.   No-cost cyber hygiene services: Cyber Hygiene Services and Ransomware Readiness Assessment. The FBI is interested in any information that can be shared, to include boundary logs showing  communication to and from foreign IP addresses, a sample ransom note, communications with BlackSuit  actors, Bitcoin wallet information, decryptor files, and/or a benign sample of an encrypted file. The FBI and CISA do not encourage paying ransom as payment does not guarantee victim files will be  recovered. Furthermore, payment may also embolden adversaries to target additional organizations,  encourage other criminal actors to engage in the distribution of ransomware, and/or fund illicit activities. Any reference to specific commercial entities, products, processes, or services  by service mark, trademark, manufacturer, or otherwise, does not constitute or imply endorsement,  recommendation, or favoring by FBI and CISA."
Secure by Demand Guide: How Software Customers Can Drive a Secure Technology Ecosystem,2024-08-06,3,"{""Ransomware"": 1, ""Phishing/Spoofing"": 2}","{""Phishing/Spoofing"": {""phishing"": 2}, ""Extortion"": {}, ""Personal Data Breach"": {}, ""Non-Payment/Non-Delivery"": {}, ""Investment"": {}, ""Tech Support"": {}, ""Business Email Compromise"": {}, ""Identity Theft"": {}, ""Employment"": {}, ""Confidence/Romance"": {}, ""Government Impersonation"": {}, ""Credit Card/Check Fraud"": {}, ""Harassment/Stalking"": {}, ""Real Estate"": {}, ""Advanced Fee"": {}, ""Crimes Against Children"": {}, ""Lottery/Sweepstakes/Inheritance"": {}, ""Data Breach"": {}, ""Ransomware"": {""ransomware"": 1}, ""Overpayment"": {}, ""IPR*/Copyright&Counterfeit"": {}, ""Threats of Violence"": {}, ""SIM Swap"": {}, ""Botnet"": {}, ""Malware"": {}, ""Cryptocurrency"": {}}","Ensuring that  the products they use and procure are secure by design is essential for organizations to be resilient against ransomware  and other forms of malicious cyber activity. •  If the software manufacturer manages authentication, does it enable multi-factor authentication (MFA) or other  phishing-resistant forms of authentication like passkeys by default, and at no cost? Any form of MFA has been shown to  significantly reduce the success of such activity, with more secure forms of MFA, like phishing-resistant MFA, offering  even more protection against targeted activity."
North Korea Cyber Group Conducts Global Espionage Campaign to Advance Regime's Military and Nuclear Programs,2024-07-25,3,"{""Ransomware"": 10, ""Malware"": 17, ""Phishing/Spoofing"": 1, ""IPR*/Copyright&Counterfeit"": 5}","{""Phishing/Spoofing"": {""phishing"": 1}, ""Extortion"": {}, ""Personal Data Breach"": {}, ""Non-Payment/Non-Delivery"": {}, ""Investment"": {}, ""Tech Support"": {}, ""Business Email Compromise"": {}, ""Identity Theft"": {}, ""Employment"": {}, ""Confidence/Romance"": {}, ""Government Impersonation"": {}, ""Credit Card/Check Fraud"": {}, ""Harassment/Stalking"": {}, ""Real Estate"": {}, ""Advanced Fee"": {}, ""Crimes Against Children"": {}, ""Lottery/Sweepstakes/Inheritance"": {}, ""Data Breach"": {}, ""Ransomware"": {""ransomware"": 9, ""block access"": 1}, ""Overpayment"": {}, ""IPR*/Copyright&Counterfeit"": {""intellectual property"": 1, ""trademark"": 2, ""trademarks"": 2}, ""Threats of Violence"": {}, ""SIM Swap"": {}, ""Botnet"": {}, ""Malware"": {""malware"": 16, ""malicious software"": 1}, ""Cryptocurrency"": {}}","RGB 3rd Bureau actors fund their espionage activity through ransomware operations  against U.S. The actors deploy and leverage custom malware implants, remote access  tools (RATs), and open source tooling for execution, lateral movement, and data exfiltration. The actors also conduct phishing activity using malicious attachments, including Microsoft Windows  Shortcut File (LNK) files or HTML Application (HTA) script files inside encrypted or unencrypted zip archives. and South Korean organizations to conducting specialized cyber espionage and  ransomware operations. Cyber Espionage  The actors currently target sensitive military information and intellectual property of defense, aerospace,  nuclear, engineering organizations. Ransomware  Andariel actors fund their espionage activity through ransomware operations against U.S. healthcare  entities, and in some instances, the authoring agencies have observed the actors launching ransomware  attacks and conducting cyber espionage operations on the same day and/or leveraging ransomware and  cyber espionage against the same entity. For more information on this ransomware activity, see joint  advisories #StopRansomware: Ransomware Attacks on Critical Infrastructure Fund DPRK Malicious Cyber  Activities and North Korean State-Sponsored Cyber Actors Use Maui Ransomware to Target the Healthcare  and Public Health Sector. Commodity Malware and Dual-Use Applications  Commodity malware is malicious software widely available for purchase or use and is leveraged by  numerous different threat actors. The use  of publicly available malware and dual-use applications enables the actors to conceal and obfuscate their  identities and leads to attribution problems. The authoring agencies are reliant on the use of custom  malware and loaders, along with overlapping C2 nodes to attribute commodity malware to the actors. The  actors have at times achieved great success obfuscating their identities by leveraging open source  malware or dual-use applications. The typos also illustrate a poor  grasp of the English language, including common errors such as “Microsoft Cooperation” (rather than  “Microsoft Corporation”) found across numerous RGB 3rd Bureau malware samples. The actors disguise their malware within HTTP packets to appear as benign  network traffic. Collection and Exfiltration   Malware previously used by the actors permitted placement and access to search through files that could  be of interest, including scanning computer files for keywords related to defense and military sectors in  English and Korean. Web Shell Malware   Web shell malware is deployed by adversaries on a victim’s web server to execute arbitrary system  commands. The NSA and Australian Signals Directorate’s report titled “Detect and Prevent Web Shell  Malware” provides mitigating actions to identify and recover from web shells. Additional Mitigation Measures for Malicious Activities  ▪  Check for security vulnerabilities, apply patches, and update to the latest version of software  ▪  Encrypt all sensitive data including personal information  ▪  Block access to unused ports  ▪  Change passwords when they are suspected of being compromised  ▪  Alert on unexpected use of dual-use applications  ▪  Strengthen the subscriber identity authentication process for leased servers  DPRK Rewards for Justice  The U.S. Any  reference to specific commercial products, processes, or service by service mark, trademark,  manufacturer, or otherwise, does not constitute or imply endorsement, recommendation, or favoring by the  co-authors. August 6, 2024: Updated “Credential Access” and “Commodity Malware and Dual-Use Applications”  sections. Trademark Recognition   Active Directory®, Microsoft®, PowerShell®, and Windows® are registered trademarks of Microsoft  Corporation. MITRE® and ATT&CK® are registered trademarks of The MITRE Corporation. 001  The actors develop malware and malware components that can be used  during targeting."
Secure by Design Alert: Eliminating OS Command Injection Vulnerabilities,2024-07-10,3,"{""Threats of Violence"": 1, ""Crimes Against Children"": 1, ""Investment"": 1, ""IPR*/Copyright&Counterfeit"": 1}","{""Phishing/Spoofing"": {}, ""Extortion"": {}, ""Personal Data Breach"": {}, ""Non-Payment/Non-Delivery"": {}, ""Investment"": {""investments"": 1}, ""Tech Support"": {}, ""Business Email Compromise"": {}, ""Identity Theft"": {}, ""Employment"": {}, ""Confidence/Romance"": {}, ""Government Impersonation"": {}, ""Credit Card/Check Fraud"": {}, ""Harassment/Stalking"": {}, ""Real Estate"": {}, ""Advanced Fee"": {}, ""Crimes Against Children"": {""child"": 1}, ""Lottery/Sweepstakes/Inheritance"": {}, ""Data Breach"": {}, ""Ransomware"": {}, ""Overpayment"": {}, ""IPR*/Copyright&Counterfeit"": {""trademark"": 1}, ""Threats of Violence"": {""harm"": 1}, ""SIM Swap"": {}, ""Botnet"": {}, ""Malware"": {}, ""Cryptocurrency"": {}}","Despite this fact, OS command injection  vulnerabilities continue to surface, allowing adversaries to exploit them  to cause harm. Note: CWE-78 is the child weakness of CWE-77 and is related to  several other weaknesses. •  Make the appropriate investments and develop the right incentive structures that promote security as a stated  business goal. Any reference to specific commercial entities, products, processes, or services by service mark,  trademark, manufacturer, or otherwise, does not constitute or imply endorsement, recommendation, or favoring by the  authoring organizations."
State-Sponsored Russian Media Leverages Meliorator Software for Foreign Malign Influence Activity,2024-07-09,3,"{""IPR*/Copyright&Counterfeit"": 1}","{""Phishing/Spoofing"": {}, ""Extortion"": {}, ""Personal Data Breach"": {}, ""Non-Payment/Non-Delivery"": {}, ""Investment"": {}, ""Tech Support"": {}, ""Business Email Compromise"": {}, ""Identity Theft"": {}, ""Employment"": {}, ""Confidence/Romance"": {}, ""Government Impersonation"": {}, ""Credit Card/Check Fraud"": {}, ""Harassment/Stalking"": {}, ""Real Estate"": {}, ""Advanced Fee"": {}, ""Crimes Against Children"": {}, ""Lottery/Sweepstakes/Inheritance"": {}, ""Data Breach"": {}, ""Ransomware"": {}, ""Overpayment"": {}, ""IPR*/Copyright&Counterfeit"": {""trademark"": 1}, ""Threats of Violence"": {}, ""SIM Swap"": {}, ""Botnet"": {}, ""Malware"": {}, ""Cryptocurrency"": {}}","Any reference to specific commercial entities, products,  processes, or services by service mark, trademark, manufacturer, or otherwise, does not constitute or  imply endorsement, recommendation, or favoring by the authoring organizations."
APT40 Advisory: PRC MSS tradecraft in action,2024-07-08,3,"{""IPR*/Copyright&Counterfeit"": 2, ""Phishing/Spoofing"": 1, ""Malware"": 1}","{""Phishing/Spoofing"": {""phishing"": 1}, ""Extortion"": {}, ""Personal Data Breach"": {}, ""Non-Payment/Non-Delivery"": {}, ""Investment"": {}, ""Tech Support"": {}, ""Business Email Compromise"": {}, ""Identity Theft"": {}, ""Employment"": {}, ""Confidence/Romance"": {}, ""Government Impersonation"": {}, ""Credit Card/Check Fraud"": {}, ""Harassment/Stalking"": {}, ""Real Estate"": {}, ""Advanced Fee"": {}, ""Crimes Against Children"": {}, ""Lottery/Sweepstakes/Inheritance"": {}, ""Data Breach"": {}, ""Ransomware"": {}, ""Overpayment"": {}, ""IPR*/Copyright&Counterfeit"": {""intellectual property"": 1, ""trademark"": 1}, ""Threats of Violence"": {}, ""SIM Swap"": {}, ""Botnet"": {}, ""Malware"": {""malicious software"": 1}, ""Cryptocurrency"": {}}","Four Chinese Nationals Working with the Ministry of State Security Charged with Global  Computer Intrusion Campaign Targeting Intellectual Property and Confidential Business Information, Including Infectious Disease  Research. TTP flowchart for APT40 activity This group appears to prefer exploiting vulnerable,  public-facing infrastructure over techniques that  require user interaction, such as phishing campaigns,  and places a high priority on obtaining valid  credentials to enable a range of follow-on activities. Subsequently,  the organisation informed ASD's ACSC that they had  discovered malicious software on an internet‑facing  server which provided the login portal for the  organisation's corporate remote access solution. Any reference to specific commercial entities, products, processes, or services by  service mark, trademark, manufacturer, or otherwise, does not constitute or imply endorsement, recommendation,  or favoring by the authoring agencies."
2024 U.S. Federal Elections: The Insider Threat,2024-06-28,2,"{""Threats of Violence"": 4, ""Extortion"": 2}","{""Phishing/Spoofing"": {}, ""Extortion"": {""blackmail"": 2}, ""Personal Data Breach"": {}, ""Non-Payment/Non-Delivery"": {}, ""Investment"": {}, ""Tech Support"": {}, ""Business Email Compromise"": {}, ""Identity Theft"": {}, ""Employment"": {}, ""Confidence/Romance"": {}, ""Government Impersonation"": {}, ""Credit Card/Check Fraud"": {}, ""Harassment/Stalking"": {}, ""Real Estate"": {}, ""Advanced Fee"": {}, ""Crimes Against Children"": {}, ""Lottery/Sweepstakes/Inheritance"": {}, ""Data Breach"": {}, ""Ransomware"": {}, ""Overpayment"": {}, ""IPR*/Copyright&Counterfeit"": {}, ""Threats of Violence"": {""harm"": 3, ""threatening"": 1}, ""SIM Swap"": {}, ""Botnet"": {}, ""Malware"": {}, ""Cryptocurrency"": {}}","An insider threat can be an individual or group who uses their authorized access or special knowledge to cause harm to  an organization or entity. This harm can include malicious acts that impact the security and integrity of election systems  and information. •  Adversaries may attempt to blackmail or coerce an insider to leverage the insider’s access, collect insights on  election security efforts and vulnerabilities, or direct the insider to perform malicious activity. Prior to initiating  contact, the foreign adversaries likely would collect information on the target to uncover anything they could use  for blackmail or coercion. •  Intimidating or threatening other staff. Overall, access control systems  prevent any one individual from gaining entry to all assets within  an organization and reduce potential harm to physical or digital  systems."
Exploring Memory Safety in Critical Open Source Projects,2024-06-26,2,"{""Investment"": 2, ""IPR*/Copyright&Counterfeit"": 1}","{""Phishing/Spoofing"": {}, ""Extortion"": {}, ""Personal Data Breach"": {}, ""Non-Payment/Non-Delivery"": {}, ""Investment"": {""investment"": 2}, ""Tech Support"": {}, ""Business Email Compromise"": {}, ""Identity Theft"": {}, ""Employment"": {}, ""Confidence/Romance"": {}, ""Government Impersonation"": {}, ""Credit Card/Check Fraud"": {}, ""Harassment/Stalking"": {}, ""Real Estate"": {}, ""Advanced Fee"": {}, ""Crimes Against Children"": {}, ""Lottery/Sweepstakes/Inheritance"": {}, ""Data Breach"": {}, ""Ransomware"": {}, ""Overpayment"": {}, ""IPR*/Copyright&Counterfeit"": {""trademark"": 1}, ""Threats of Violence"": {}, ""SIM Swap"": {}, ""Botnet"": {}, ""Malware"": {}, ""Cryptocurrency"": {}}","It  may, however, be an effective security investment to transition these types of projects to  memory safe languages, and new projects should also consider using memory safe  languages. For those considering further  investment in memory safe programming practices, we recommend two references: The  Case for Memory Safe Roadmaps and the December 2023 report on memory safety by the  Technical Advisory Council of CISA’s Cybersecurity Advisory Committee.37   Disclaimer  CISA, FBI, ASD’s ACSC, and CCCS do not endorse any commercial entity, product, company,  or service, including any entities, products, or services mentioned within this document. Any  reference to specific commercial entities, products, processes, or services by service mark,  trademark, manufacturer, or otherwise, does not constitute or imply endorsement,  recommendation, or favoring by CISA, FBI, ASD’s ACSC, or CCCS."
Modern Approaches to Network Access Security,2024-06-18,2,"{""Phishing/Spoofing"": 3, ""Ransomware"": 2, ""Tech Support"": 1, ""Data Breach"": 1, ""Business Email Compromise"": 1, ""IPR*/Copyright&Counterfeit"": 1}","{""Phishing/Spoofing"": {""spoofing"": 1, ""phishing"": 2}, ""Extortion"": {}, ""Personal Data Breach"": {}, ""Non-Payment/Non-Delivery"": {}, ""Investment"": {}, ""Tech Support"": {""technical support"": 1}, ""Business Email Compromise"": {""business email compromise"": 1}, ""Identity Theft"": {}, ""Employment"": {}, ""Confidence/Romance"": {}, ""Government Impersonation"": {}, ""Credit Card/Check Fraud"": {}, ""Harassment/Stalking"": {}, ""Real Estate"": {}, ""Advanced Fee"": {}, ""Crimes Against Children"": {}, ""Lottery/Sweepstakes/Inheritance"": {}, ""Data Breach"": {""data breach"": 1}, ""Ransomware"": {""ransomware"": 1, ""block access"": 1}, ""Overpayment"": {}, ""IPR*/Copyright&Counterfeit"": {""trademark"": 1}, ""Threats of Violence"": {}, ""SIM Swap"": {}, ""Botnet"": {}, ""Malware"": {}, ""Cryptocurrency"": {}}","Despite this, once a user establishes a connection over a VPN to access resources on the  internal enterprise network, the organization may be susceptible to compromise through various VPN  limitations—including vulnerabilities inherent to the network’s design (e.g., IP address and Domain Name  System [DNS] spoofing), the complexity of implementation, a misconfiguration, or even a vulnerability in  the VPN solution. Through hijacking legitimate user sessions,  threat actors acquired elevated permissions to harvest credentials, move laterally, and access data  and resources.[3] Lockbit 3.0 affiliates exploited this vulnerability in ransomware attacks.[3]  Aside from exploiting vulnerabilities, threat actors can gain access to all services within an organization’s  network if they use a compromised device or account and connect through VPN services. Without the ability to deploy, monitor, and manage through  one centralized point, the cost associated with technical support, troubleshooting VPN connections,  and support of the VPN client increases. Additionally, if a data breach occurs due to user error or third-party vendors, an  organization cannot readily prove the origin of the issue without the aforementioned centralized  access to data identifying the user, application, and/or connection.[7]    Implement network segmentation. Integrate systems that  immediately block access to compromised devices suspected of being malicious and disconnect  established connections to systems. 10  CISA │ FBI │ GCSB │CERT-NZ │CCCS    TLP:CLEAR  TLP:CLEAR   Have annual trainings on basic security concepts (such as phishing, business email compromise,  basic operational security, password security, etc.) and make them mandatory for all employees  and contractors to foster an internal culture of security and cyber awareness [CPG 2.I].   Implement a strong identity and access management solution that verifies identity with phishing  resistant multifactor authentication (MFA) [CPG 2.H]. Any reference to specific  commercial products, processes, or services by service mark, trademark, manufacturer, or otherwise is     12  CISA │ FBI │ GCSB │CERT-NZ │CCCS    TLP:CLEAR  TLP:CLEAR provided for informational purposes and does not constitute or imply their endorsement, recommendation,  or favoring by CISA, DHS, or the authoring organizations."
Swatting Prevention and Response Guidance For Election Workers and Law Enforcement,2024-05-29,2,"{""Phishing/Spoofing"": 2, ""Threats of Violence"": 1}","{""Phishing/Spoofing"": {""phishing"": 1, ""spoofed"": 1}, ""Extortion"": {}, ""Personal Data Breach"": {}, ""Non-Payment/Non-Delivery"": {}, ""Investment"": {}, ""Tech Support"": {}, ""Business Email Compromise"": {}, ""Identity Theft"": {}, ""Employment"": {}, ""Confidence/Romance"": {}, ""Government Impersonation"": {}, ""Credit Card/Check Fraud"": {}, ""Harassment/Stalking"": {}, ""Real Estate"": {}, ""Advanced Fee"": {}, ""Crimes Against Children"": {}, ""Lottery/Sweepstakes/Inheritance"": {}, ""Data Breach"": {}, ""Ransomware"": {}, ""Overpayment"": {}, ""IPR*/Copyright&Counterfeit"": {}, ""Threats of Violence"": {""harm"": 1}, ""SIM Swap"": {}, ""Botnet"": {}, ""Malware"": {}, ""Cryptocurrency"": {}}","Similar to doxing and phishing tactics, malicious actors engaging in  swatting often rely on open-source information or social engineering techniques to uncover information about their target. Swatting also  diverts limited emergency response resources away from real emergencies, indirectly causing harm to victims beyond the  specific target(s). The ITG routinely obtains this information within a  day or two, if not hours, of initiating a traceback, and the process works even if a call is spoofed."
Mitigating Cyber Threats with Limited Resources: Guidance for Civil Society,2024-05-14,2,"{""Threats of Violence"": 1, ""Malware"": 20, ""Harassment/Stalking"": 3, ""Phishing/Spoofing"": 27, ""Data Breach"": 1, ""IPR*/Copyright&Counterfeit"": 1, ""Personal Data Breach"": 1}","{""Phishing/Spoofing"": {""phishing"": 19, ""spearphishing"": 8}, ""Extortion"": {}, ""Personal Data Breach"": {""personal data"": 1}, ""Non-Payment/Non-Delivery"": {}, ""Investment"": {}, ""Tech Support"": {}, ""Business Email Compromise"": {}, ""Identity Theft"": {}, ""Employment"": {}, ""Confidence/Romance"": {}, ""Government Impersonation"": {}, ""Credit Card/Check Fraud"": {}, ""Harassment/Stalking"": {""harassment"": 3}, ""Real Estate"": {}, ""Advanced Fee"": {}, ""Crimes Against Children"": {}, ""Lottery/Sweepstakes/Inheritance"": {}, ""Data Breach"": {""data exposure"": 1}, ""Ransomware"": {}, ""Overpayment"": {}, ""IPR*/Copyright&Counterfeit"": {""trademark"": 1}, ""Threats of Violence"": {""harm"": 1}, ""SIM Swap"": {}, ""Botnet"": {}, ""Malware"": {""malicious software"": 4, ""malware"": 15, ""trojans"": 1}, ""Cryptocurrency"": {}}","Regularly conducted as a type of transnational repression (also referred to as digital  transnational repression), state-sponsored actors compromise organizational or personal devices  and networks to intimidate, silence, coerce, harass, or harm civil society organizations and  individuals. Actors target organization networks or personal  accounts (e.g., email) and devices of individuals for surveillance and monitoring, often via spyware  applications—malicious software that collects data from affected devices. Specifically, they target organizations and individuals online primarily  as a means of intimidation, harassment,§ coercion, and surveillance—a type of transnational  repression called digital transnational repression. After research, state-sponsored actors will often  gain access to organization networks or personal devices via (a) social engineering that lures victims  to divulge account credentials or download malware or (b) having users download seemingly  legitimate apps that house malicious software. § Harassment, as an independent tool, is deployed by states to silence, control, or suppress dissidents, and digital  harassment is when this occurs online, for example via mobilizing social media accounts against individuals. To mitigate  state-sponsored actors performing reconnaissance  and gaining initial access to enterprise networks via  phishing and compromised credentials, prioritize  the following:  1) Keep software updated on user devices and IT infrastructure. 2) Implement phishing-resistant multifactor authentication (MFA) [CPG 2.H]. Set up phishing- resistant MFA makes it more difficult for actors to compromise user accounts, and often  make legitimate user sign-ins simpler at the same time. See CISA’s Phishing-Resistant  Multifactor Authentication guide for additional information. 9) Implement basic cybersecurity training to cover concepts such as account phishing, email  and web browsing security, and password security [CPG 2.I]. Without encryption, threat actors can  exploit unencrypted or unauthenticated channels to inject malware into user devices, posing  significant risks to privacy and security. •  Regularly review and restrict app permissions to minimize data exposure, which will enhance  overall security [Project Upskill, Module 1, Topic 1.3]. Malicious cyber actors often exploit well- known weaknesses in software to deliver their payloads via malware. •  Implement attention grabbing alerts so customers are aware of unsafe configurations,  suspicious behavior, and when they are downloading malware. Any reference to specific commercial entities,  products, processes, or services by service mark, trademark, manufacturer, or otherwise, does not  constitute or imply endorsement, recommendation, or favoring by the authoring agencies. Threat actors also use phishing, a form of social engineering, to steal login credentials for initial  network access. State-sponsored actors invest substantial time and resources crafting identities for phishing  attempts, leading to meticulously tailored attempts (this is specifically known as “spearphishing”). Information  about identities may include a variety of details,  including personal data (e.g., employee names,  email addresses) as well as sensitive details such  as credentials. Phishing for Information  T1598  Malicious actors send phishing messages to elicit  sensitive information (e.g., login credentials) that  can be used for future operations. Description of Known Initial Access Techniques: Advanced persistent threat (APT) actors use  credentials obtained via their phishing attempts (see the Reconnaissance section) to gain access to  networks. APT actors also leverage malware-based phishing to obtain initial access to targets. In malware- based phishing attacks, malicious actors pose as trustworthy sources to lure a victim into interacting  with a malicious hyperlink or opening an email attachment to execute malware on host systems. The  malware deployed enables data theft, surveillance, or advanced cyber intrusions. Note: Phishing is  often made easier by the prevalence of well-known weaknesses in software that actors exploit to  deliver their malware payloads. Examples: APT groups associated with Iran, China, North Korea, and Russia integrate spearphishing  emails into broader campaigns aimed at high-risk communities. Notably, these  links frequently conceal malware that provides Velvet Chollima with  unauthorized access to the victim’s personal computer and facilitating the  surveillance of the victim’s communications. Velvet Chollima’s spearphishing operations showcase a nuanced and targeted  cyber espionage strategy, employing social engineering and malicious  payloads to infiltrate and monitor the communications of high-value targets. 16 TLP:CLEAR TLP:CLEAR Mustang Panda:  The group’s preferred initial intrusion vector is spearphishing emails, primarily  to deploy remote access Trojans. Table 2: MITRE ATT&CK for Enterprise: Initial Access Techniques  Technique Title  ID  Use  Phishing  T1566  Malicious actors send phishing messages to gain  access to victim systems. The messages result in  code execution or malware download on victim  systems. Phishing: Spearphishing  Attachment  T1566.001  Malicious actors send spearphishing emails with a  malicious attachment in an attempt to gain access  to victim systems. Phishing: Spearphishing  Link  T1566.002  Malicious actors send spearphishing emails with a  malicious link in an attempt to gain access to  victim systems. The links lead to the download of  malware to the victim system generally via social  engineering encouraging recipients to actively click  or copy the URL (this requires the related technique  User Execution [T1204]). Description of Known Techniques: Actors use phishing to gain access to devices, often through SMS. Users download these seemingly legitimate apps that house  malicious software enabling actors to access of sensitive user information, including call logs and  geolocation data, and to take over a user's device. Analysis by TrendMicro revealed that upon downloading these apps, the  user's device became infected with malware. The malicious software  orchestrated by Earth Empusa aimed to collect a range of sensitive data,  including geolocation information, call logs, and SMS messages. Additionally,  the malware granted unauthorized access to the device's camera,  microphone, and screenshot capabilities, exemplifying the group's advanced  and intrusive surveillance techniques. Table 3: MITRE ATT&CK for Mobile: Initial Access Techniques  Technique Title  ID  Description  Phishing  T1660  Malicious actors send malicious content to gain  access to victim devices. Table 6: MITRE ATT&CK for Mobile: Command and Control Techniques  Technique Title  ID  Use  Ingress Tool Transfer  T1544  Malicious actors transfer tools, files, or malware to  a victim device from an external system."
#StopRansomware: Black Basta,2024-05-11,2,"{""Ransomware"": 17, ""Phishing/Spoofing"": 19, ""Extortion"": 1, ""Tech Support"": 2, ""Cryptocurrency"": 1, ""IPR*/Copyright&Counterfeit"": 1}","{""Phishing/Spoofing"": {""phishing"": 14, ""spearphishing"": 4, ""spoofed"": 1}, ""Extortion"": {""extortion"": 1}, ""Personal Data Breach"": {}, ""Non-Payment/Non-Delivery"": {}, ""Investment"": {}, ""Tech Support"": {""technical support"": 2}, ""Business Email Compromise"": {}, ""Identity Theft"": {}, ""Employment"": {}, ""Confidence/Romance"": {}, ""Government Impersonation"": {}, ""Credit Card/Check Fraud"": {}, ""Harassment/Stalking"": {}, ""Real Estate"": {}, ""Advanced Fee"": {}, ""Crimes Against Children"": {}, ""Lottery/Sweepstakes/Inheritance"": {}, ""Data Breach"": {}, ""Ransomware"": {""ransomware"": 11, ""ransom"": 6}, ""Overpayment"": {}, ""IPR*/Copyright&Counterfeit"": {""trademark"": 1}, ""Threats of Violence"": {}, ""SIM Swap"": {}, ""Botnet"": {}, ""Malware"": {}, ""Cryptocurrency"": {""bitcoin"": 1}}","TLP:CLEAR  TLP:CLEAR  Co-Authored by:   Product ID: AA24-131A          #StopRansomware: Black Basta  SUMMARY  Note: This joint Cybersecurity Advisory (CSA) is part of an  ongoing #StopRansomware effort to publish advisories for  network defenders that detail various ransomware variants  and ransomware threat actors. These #StopRansomware  advisories include recently and historically observed tactics,  techniques, and procedures (TTPs) and indicators of  compromise (IOCs) to help organizations protect against  ransomware. The Federal Bureau of Investigation (FBI), Cybersecurity and Infrastructure Security Agency (CISA),  Department of Health and Human Services (HHS), and Multi-State Information Sharing and Analysis Center  (MS-ISAC) (hereafter referred to as the authoring organizations) are releasing this joint CSA to provide  information on Black Basta, a ransomware variant whose actors have encrypted and stolen data from at  least 12 out of 16 critical infrastructure sectors, including the Healthcare and Public Health (HPH) Sector. Black  Basta is considered a ransomware-as-a-service (RaaS) variant and was first identified in April 2022. Black  Basta affiliates have impacted a wide range of businesses and critical infrastructure in North America,  Actions for critical infrastructure  organizations to take today to mitigate  cyber threats from ransomware:    Install updates for operating  systems, software, and firmware  as soon as they are released.   Require phishing-resistant MFA  for as many services as  possible.   Train users to recognize and  report phishing attempts. Black Basta affiliates use common initial access techniques—such as phishing and exploiting known  vulnerabilities—and then employ a double-extortion model, both encrypting systems and exfiltrating data. Ransom notes do not generally include an initial ransom demand or payment instructions. Instead, the  notes provide victims with a unique code and instructs them to contact the ransomware group via a  .onion URL (reachable through the Tor browser). Typically, the ransom notes give victims between 10 and  12 days to pay the ransom before the ransomware group publishes their data on the Black Basta TOR site,  Basta News. The authoring organizations urge HPH Sector and all critical infrastructure organizations to apply the  recommendations in the Mitigations section of this CSA to reduce the likelihood of compromise from Black  Basta and other ransomware attacks. Victims of ransomware should report the incident to their local FBI  field office or CISA (see the Reporting section for contact information). Initial Access  Black Basta affiliates primarily use spearphishing [T1566] to obtain initial access. Black Basta affiliates would subsequently call the victim, act  as technical support, and offer to fix the issue [T1566.004]. Black Basta affiliated operators would message the victims from legitimate Microsoft Teams  accounts from external organizations, posing as technical support to resolve the email spam issues. Table 2: Black Basta ATT&CK Techniques for Initial Access  Technique Title  ID  Use  Phishing  T1566  Black Basta affiliates have used spearphishing  emails to obtain initial access. Phishing: Spearphishing Voice  T1566.004  Black Basta affiliates have used spearphishing  phone and Microsoft Teams calls to trick users into  providing initial access.   Require phishing-resistant multi-factor authentication (MFA) [CPG 2.H] for as many services as  possible.   Implement recommendations, including training users to recognize and report phishing attempts  [CPG 2.I], from joint Phishing Guidance: Stopping the Attack Cycle at Phase One. ○ Check for embedded or spoofed hyperlinks: Validate the URL of the link matches the text of the  link itself.   Access Management: Phishing-resistant MFA completes the same process but removes ‘people’  from the equation to help thwart social engineering scams and targeted phishing attacks that may  have been successful using traditional MFA. The two main forms of phishing-resistant MFA are  FIDO/Web Authentication (WebAuthn) authentication and Public Key Infrastructure (PKI)-based  authentication. Prioritize phishing-resistant MFA on accounts with the highest risk, such as  privileged administrative accounts on key assets. For additional information on phishing-resistant  MFA, see CISA’s Implementing Phishing-Resistant MFA Guide. FBI is interested in any information that can be shared, to include boundary logs showing communication  to and from foreign IP addresses, a sample ransom note, communications with threat actors, Bitcoin wallet  information, decryptor files, and/or a benign sample of an encrypted file. FBI, CISA, and HHS do not encourage paying ransom as payment does not guarantee victim files will be  recovered. Furthermore, payment may also embolden adversaries to target additional organizations,  encourage other criminal actors to engage in the distribution of ransomware, and/or fund illicit activities. Any reference to specific commercial entities, products,  processes, or services by service mark, trademark, manufacturer, or otherwise, does not constitute or  imply endorsement, recommendation, or favoring by FBI, CISA, HHS, and MS-ISAC."
Cyber Criminals Phishing and Smishing US Retail Corporations for Gift Card Fraud,2024-05-07,2,"{""Phishing/Spoofing"": 13, ""Malware"": 2}","{""Phishing/Spoofing"": {""smishing"": 6, ""phishing"": 7}, ""Extortion"": {}, ""Personal Data Breach"": {}, ""Non-Payment/Non-Delivery"": {}, ""Investment"": {}, ""Tech Support"": {}, ""Business Email Compromise"": {}, ""Identity Theft"": {}, ""Employment"": {}, ""Confidence/Romance"": {}, ""Government Impersonation"": {}, ""Credit Card/Check Fraud"": {}, ""Harassment/Stalking"": {}, ""Real Estate"": {}, ""Advanced Fee"": {}, ""Crimes Against Children"": {}, ""Lottery/Sweepstakes/Inheritance"": {}, ""Data Breach"": {}, ""Ransomware"": {}, ""Overpayment"": {}, ""IPR*/Copyright&Counterfeit"": {}, ""Threats of Violence"": {}, ""SIM Swap"": {}, ""Botnet"": {}, ""Malware"": {""virus"": 1, ""malware"": 1}, ""Cryptocurrency"": {}}","STORM-0539 used smishing campaigns to target employees and gain  unauthorized access to employee accounts and corporate systems. Once they gained access,  STORM-0539 actors used phishing campaigns to target other employees to elevate network     TLP:CLEAR      TLP: CLEAR   access and target the gift card department in order to create fraudulent gift cards. Some of the  techniques, tactics, and procedures (TTPs) observed by STORM-0539 actors included:   • Targeting a variety of employees’ personal and work mobile phones in retail  departments with smishing campaigns. • Using a sophisticated phishing kit with the ability to bypass multi-factor authentication. STORM-0539 actors continued their smishing attacks and  regained access to corporate systems. In addition, the following mitigation strategies can be considered to help reduce the  risk of and impact from smishing/phishing campaigns. TLP:CLEAR      TLP: CLEAR   Organizational Strategies:  • Provide education and training for employees on how smishing/phishing scams work,  how to identify them, and how to report them. Ensure there is mechanism and process  for employees to report smishing/phishing attacks. When practical, use phishing-resistant authentication options. •  Employ anti-virus and anti-malware solutions and make sure they are updated regularly. • Consider using network and end-point SMS filtering and anti-phishing tools."
Secure by Design Alert: Eliminating Directory Traversal Vulnerabilities in Software,2024-05-02,2,"{""Crimes Against Children"": 1, ""Investment"": 1, ""IPR*/Copyright&Counterfeit"": 1}","{""Phishing/Spoofing"": {}, ""Extortion"": {}, ""Personal Data Breach"": {}, ""Non-Payment/Non-Delivery"": {}, ""Investment"": {""investments"": 1}, ""Tech Support"": {}, ""Business Email Compromise"": {}, ""Identity Theft"": {}, ""Employment"": {}, ""Confidence/Romance"": {}, ""Government Impersonation"": {}, ""Credit Card/Check Fraud"": {}, ""Harassment/Stalking"": {}, ""Real Estate"": {}, ""Advanced Fee"": {}, ""Crimes Against Children"": {""child"": 1}, ""Lottery/Sweepstakes/Inheritance"": {}, ""Data Breach"": {}, ""Ransomware"": {}, ""Overpayment"": {}, ""IPR*/Copyright&Counterfeit"": {""trademark"": 1}, ""Threats of Violence"": {}, ""SIM Swap"": {}, ""Botnet"": {}, ""Malware"": {}, ""Cryptocurrency"": {}}","For example, CWE-22 is listed in the top 25 lists for both the “most  dangerous” and “stubborn” software weaknesses in 2023.3 Note: CWE-22 is a parent of several child weaknesses that  involve directory traversal variations. Executives should make the appropriate investments and  develop the right incentive structures that promote security as a stated business goal. Any reference to specific commercial entities, products, processes, or services by service mark,  trademark, manufacturer, or otherwise, does not constitute or imply endorsement, recommendation, or favoring by the  authoring organizations."
North Korean Actors Exploit Weak DMARC Security Policies to Mask Spearphishing Efforts,2024-05-02,2,"{""Phishing/Spoofing"": 16, ""Business Email Compromise"": 1, ""IPR*/Copyright&Counterfeit"": 1}","{""Phishing/Spoofing"": {""spearphishing"": 10, ""spoofed"": 5, ""spoof"": 1}, ""Extortion"": {}, ""Personal Data Breach"": {}, ""Non-Payment/Non-Delivery"": {}, ""Investment"": {}, ""Tech Support"": {}, ""Business Email Compromise"": {""compromised email"": 1}, ""Identity Theft"": {}, ""Employment"": {}, ""Confidence/Romance"": {}, ""Government Impersonation"": {}, ""Credit Card/Check Fraud"": {}, ""Harassment/Stalking"": {}, ""Real Estate"": {}, ""Advanced Fee"": {}, ""Crimes Against Children"": {}, ""Lottery/Sweepstakes/Inheritance"": {}, ""Data Breach"": {}, ""Ransomware"": {}, ""Overpayment"": {}, ""IPR*/Copyright&Counterfeit"": {""trademark"": 1}, ""Threats of Violence"": {}, ""SIM Swap"": {}, ""Botnet"": {}, ""Malware"": {}, ""Cryptocurrency"": {}}","Co-Authored by:  TLP:CLEAR Product ID: JCSA-20240502-001  May 2, 2024                              North Korean Actors Exploit Weak DMARC  Security Policies to Mask Spearphishing Efforts  SUMMARY  The Federal Bureau of Investigation (FBI), the U.S. Without properly  configured DMARC policies, malicious cyber actors are able to send spoofed emails as if they came  from a legitimate domain’s email exchange. The North Korean cyber actors have conducted  spearphishing campaigns posing as legitimate journalists, academics, or other experts in East Asian  affairs with credible links to North Korean policy circles. North Korea leverages these spearphishing  campaigns to collect intelligence on geopolitical events, adversary foreign policy strategies, and any  information affecting North Korean interests by gaining illicit access to targets’ private documents,  research, and communications. This Joint Cybersecurity Advisory (CSA) includes indicators of North  Korean social engineering (page 4) for potential victims receiving spearphishing emails as well as  mitigation measures (page 9) for organizations who could be victims of North Korean impersonation. Successful compromises further enable  Kimsuky actors to craft more credible and effective spearphishing emails, which can then be  leveraged against more sensitive, higher-value targets. The authoring agencies seek to bring awareness of these campaigns to degrade or minimize the  effectiveness of Kimsuky spearphishing operations. When an organization securely configures a DMARC policy, it helps ensure  malicious actors, like Kimsuky, are unable to spoof the organization’s legitimate email domain when  sending spearphishing messages to a target. Kimsuky spearphishing campaigns begin with  broad research and preparation, including leveraging open source information to identify potential  targets of value and then creating tailored online personas to appear more realistic and appealing to  their targets. The cyber actors may also use content from emails of previously compromised email  accounts to enhance the seeming authenticity of their spoofed emails. Spoofed emails do not come from the trusted organization’s actual domain email  exchange, but rather from the actor-controlled email address and domain. Even if a skeptical recipient  wanted to verify whether the sender was legitimate, the recipient email response would be sent back  to a spoofed email address at the trusted domain. The sample emails beginning on page 5 are real unedited examples of Kimsuky spearphishing  attempts reported to the USG and contain spelling and other errors. This ultimately allows the spearphishing email to be delivered to the victim’s inbox. The North Korean actor spoofed  both the name of a legitimate journalist and the real email domain of that journalist’s news media  outlet as given in the “From” and “Sender” portions of the email’s header information. Any  reference to specific commercial products, processes, or service by service mark, trademark,  manufacturer, or otherwise, does not constitute or imply endorsement, recommendation, or favoring  by the authoring agencies."
Defending OT Operations Against Ongoing Pro-Russia Hacktivist Activity,2024-05-01,2,"{""Data Breach"": 1, ""Botnet"": 1, ""IPR*/Copyright&Counterfeit"": 1}","{""Phishing/Spoofing"": {}, ""Extortion"": {}, ""Personal Data Breach"": {}, ""Non-Payment/Non-Delivery"": {}, ""Investment"": {}, ""Tech Support"": {}, ""Business Email Compromise"": {}, ""Identity Theft"": {}, ""Employment"": {}, ""Confidence/Romance"": {}, ""Government Impersonation"": {}, ""Credit Card/Check Fraud"": {}, ""Harassment/Stalking"": {}, ""Real Estate"": {}, ""Advanced Fee"": {}, ""Crimes Against Children"": {}, ""Lottery/Sweepstakes/Inheritance"": {}, ""Data Breach"": {""data leaks"": 1}, ""Ransomware"": {}, ""Overpayment"": {}, ""IPR*/Copyright&Counterfeit"": {""trademark"": 1}, ""Threats of Violence"": {}, ""SIM Swap"": {}, ""Botnet"": {""distributed denial of service"": 1}, ""Malware"": {}, ""Cryptocurrency"": {}}","Since 2022, they  have claimed on social media to have conducted cyber operations (such as distributed denial of service, data leaks, and  data wiping) against a variety of North American and international organizations. Any reference to specific commercial entities, products, processes, or services by service mark,  trademark, manufacturer, or otherwise, does not constitute or imply endorsement, recommendation, or favoring by the  authoring organizations."
#StopRansomware: Akira Ransomware,2024-04-18,2,"{""Ransomware"": 31, ""Phishing/Spoofing"": 7, ""Extortion"": 2, ""Cryptocurrency"": 3, ""Crimes Against Children"": 1, ""IPR*/Copyright&Counterfeit"": 1}","{""Phishing/Spoofing"": {""phishing"": 5, ""spearphishing"": 2}, ""Extortion"": {""extortion"": 2}, ""Personal Data Breach"": {}, ""Non-Payment/Non-Delivery"": {}, ""Investment"": {}, ""Tech Support"": {}, ""Business Email Compromise"": {}, ""Identity Theft"": {}, ""Employment"": {}, ""Confidence/Romance"": {}, ""Government Impersonation"": {}, ""Credit Card/Check Fraud"": {}, ""Harassment/Stalking"": {}, ""Real Estate"": {}, ""Advanced Fee"": {}, ""Crimes Against Children"": {""child"": 1}, ""Lottery/Sweepstakes/Inheritance"": {}, ""Data Breach"": {}, ""Ransomware"": {""ransomware"": 24, ""ransom"": 7}, ""Overpayment"": {}, ""IPR*/Copyright&Counterfeit"": {""trademark"": 1}, ""Threats of Violence"": {}, ""SIM Swap"": {}, ""Botnet"": {}, ""Malware"": {}, ""Cryptocurrency"": {""bitcoin"": 2, ""cryptocurrency"": 1}}","Product ID: AA24-109A April 18, 2024 Co-Authored by:  TLP:CLEAR TLP:CLEAR #StopRansomware: Akira Ransomware  SUMMARY  Note: This joint Cybersecurity Advisory (CSA) is part of  an ongoing #StopRansomware effort to publish  advisories for network defenders that detail various  ransomware variants and ransomware threat actors. These #StopRansomware advisories include recently  and historically observed tactics, techniques, and  procedures (TTPs) and indicators of compromise (IOCs)  to help organizations protect against ransomware. The United States’ Federal Bureau of Investigation  (FBI), Cybersecurity and Infrastructure Security Agency  (CISA), Europol’s European Cybercrime Centre (EC3), and the Netherlands’ National Cyber Security  Centre (NCSC-NL) are releasing this joint CSA to disseminate known Akira ransomware IOCs and  TTPs identified through FBI investigations as recently as February 2024 and trusted third party  reporting. Since March 2023, Akira ransomware has impacted a wide range of businesses and critical  infrastructure entities in North America, Europe, and Australia. Actions to take today to mitigate cyber  threats from Akira ransomware:  •  Prioritize remediating known exploited  vulnerabilities. Initial Access  The FBI and cybersecurity researchers have observed Akira threat actors obtaining initial access to  organizations through a virtual private network (VPN) service without multifactor authentication (MFA)  configured[1], mostly using known Cisco vulnerabilities [T1190] CVE-2020-3259 and CVE-2023- 20269.[2],[3],[4] Additional methods of initial access include the use of external-facing services such  as Remote Desktop Protocol (RDP) [T1133], spear phishing [T1566.001][T1566.002], and the abuse  of valid credentials [T1078].[4]  Persistence and Discovery  Once initial access is obtained, Akira threat actors attempt to abuse the functions of domain  controllers by creating new domain accounts [T1136.002] to establish persistence. Defense Evasion  Based on trusted third party investigations, Akira threat actors have been observed deploying two  distinct ransomware variants against different system architectures within the same compromise  event. Akira threat actors were first  observed deploying the Windows-specific “Megazord” ransomware, with further analysis revealing  that a second payload was concurrently deployed in this attack (which was later identified as a novel  variant of the Akira ESXi encryptor, “Akira_v2”). Akira threat actors use a double-extortion model [T1657] and encrypt systems [T1486] after  exfiltrating data. The Akira ransom note provides each company with a unique code and instructions  to contact the threat actors via a .onion URL. Akira threat actors do not leave an initial ransom  demand or payment instructions on compromised networks, and do not relay this information until  contacted by the victim. Ransom payments are paid in Bitcoin to cryptocurrency wallet addresses  provided by the threat actors. Additionally, a ransom note named fn.txt appears in both the root directory (C:) and each users’  home directory (C:\Users). Previous  versions of the encryptor provided options to include arguments at runtime, which included:  •  -p --encryption_path (targeted file/folder paths)  •  -s --share_file (targeted network drive path)  •  -n --encryption_percent (percentage of encryption)  •  --fork (create a child process for encryption  The additional inclusion of threads allows the actor to have more granular control over the number of  CPU cores in use, increasing the speed and efficiency of the encryption process. After encryption, the  Linux ESXi variant may include the file extension “akiranew” or an added file named “akiranew.txt”  as a ransom note in directories where files were encrypted with the new nomenclature. Table 1: Tools Leveraged by Akira Ransomware Actors  Name  Description  AdFind  AdFind.exe is used to query and retrieve information from Active Directory. Table 2: Malicious Files Affiliated with Akira Ransomware  Name  Description  threat actors have used it to transfer data [T1048] from a compromised network to  actor-controlled accounts. Phishing: Spearphishing  Attachment   T1566.001  Akira threat actors use phishing  emails with malicious attachments to  gain access to networks. Phishing: Spearphishing Link   T1566.002  Akira threat actors use phishing  emails with malicious links to gain  access to networks. Financial Theft  T1657  Akira threat actors use a double- extortion model for financial gain. •  Segment networks to prevent the spread of ransomware. Network segmentation can help  prevent the spread of ransomware by controlling traffic flows between—and access to— various subnetworks and by restricting adversary lateral movement [CPG 2.F]. •  Identify, detect, and investigate abnormal activity and potential traversal of the  indicated ransomware with a networking monitoring tool. To aid in detecting the  ransomware, implement a tool that logs and reports all network traffic, including lateral  movement activity on a network. •  Resource to mitigate a ransomware attack: #StopRansomware Guide. •  No cost cyber hygiene services: Cyber Hygiene Services, Ransomware Readiness  Assessment. REFERENCES  [1] Fortinet: Ransomware Roundup - Akira  [2] Cisco: Akira Ransomware Targeting VPNs without MFA  [3] Truesec: Indications of Akira Ransomware Group Actively Exploiting Cisco AnyConnect CVE- 2020-3259  [4] TrendMicro: Akira Ransomware Spotlight  [5] CrowdStrike: What is a Kerberoasting Attack? [6] Sophos: Akira, again: The ransomware that keeps on taking  [7] Sophos: Akira Ransomware is “bringin’ 1988 back”  REPORTING  Your organization has no obligation to respond or provide information back to the FBI in response to  this joint CSA. The FBI is interested in any information that can be shared, to include boundary logs showing  communication to and from foreign IP addresses, a sample ransom note, communications with Akira  threat actors, Bitcoin wallet information, decryptor files, and/or a benign sample of an encrypted file. The FBI, CISA, EC3, and NCSC-NL do not encourage paying ransom as payment does not  guarantee victim files will be recovered. Furthermore, payment may also embolden adversaries to  target additional organizations, encourage other criminal actors to engage in the distribution of  ransomware, and/or fund illicit activities. Any reference to specific commercial  products, processes, or services by service mark, trademark, manufacturer, or otherwise, does not  constitute or imply endorsement, recommendation, or favoring by the FBI or CISA."
Deploying AI Systems Securely: Best Practices for Deploying Secure and Resilient AI Systems,2024-04-15,2,"{""IPR*/Copyright&Counterfeit"": 3, ""Phishing/Spoofing"": 2, ""Ransomware"": 1}","{""Phishing/Spoofing"": {""phishing"": 2}, ""Extortion"": {}, ""Personal Data Breach"": {}, ""Non-Payment/Non-Delivery"": {}, ""Investment"": {}, ""Tech Support"": {}, ""Business Email Compromise"": {}, ""Identity Theft"": {}, ""Employment"": {}, ""Confidence/Romance"": {}, ""Government Impersonation"": {}, ""Credit Card/Check Fraud"": {}, ""Harassment/Stalking"": {}, ""Real Estate"": {}, ""Advanced Fee"": {}, ""Crimes Against Children"": {}, ""Lottery/Sweepstakes/Inheritance"": {}, ""Data Breach"": {}, ""Ransomware"": {""block access"": 1}, ""Overpayment"": {}, ""IPR*/Copyright&Counterfeit"": {""intellectual property"": 2, ""trademark"": 1}, ""Threats of Violence"": {}, ""SIM Swap"": {}, ""Botnet"": {}, ""Malware"": {}, ""Cryptocurrency"": {}}","Actors, who have historically used data theft  of sensitive information and intellectual property to advance their interests, may seek to  co-opt deployed AI systems and apply them to malicious ends.   Ensure the use of phishing-resistant multifactor authentication (MFA) for access to  information and services. Also  integrate a means to immediately block access by users suspected of being  malicious or to disconnect all inbound connections to the AI models and systems in  case of a major incident when a quick response is warranted. Ensure user awareness and training  Educate users, administrators, and developers about security best practices, such as  strong password management, phishing prevention, and secure data handling. These steps help protect the  organization’s intellectual property, models, and data from theft or misuse. Reference herein to any specific commercial products, process, or service by trade name, trademark,  manufacturer, or otherwise, does not constitute or imply its endorsement, recommendation, or favoring by the United  States Government, and this guidance shall not be used for advertising or product endorsement purposes."
Secure by Design Alert: Eliminating SQL Injection Vulnerabilities in Software,2024-03-25,1,"{""Investment"": 1}","{""Phishing/Spoofing"": {}, ""Extortion"": {}, ""Personal Data Breach"": {}, ""Non-Payment/Non-Delivery"": {}, ""Investment"": {""investments"": 1}, ""Tech Support"": {}, ""Business Email Compromise"": {}, ""Identity Theft"": {}, ""Employment"": {}, ""Confidence/Romance"": {}, ""Government Impersonation"": {}, ""Credit Card/Check Fraud"": {}, ""Harassment/Stalking"": {}, ""Real Estate"": {}, ""Advanced Fee"": {}, ""Crimes Against Children"": {}, ""Lottery/Sweepstakes/Inheritance"": {}, ""Data Breach"": {}, ""Ransomware"": {}, ""Overpayment"": {}, ""IPR*/Copyright&Counterfeit"": {}, ""Threats of Violence"": {}, ""SIM Swap"": {}, ""Botnet"": {}, ""Malware"": {}, ""Cryptocurrency"": {}}",Leaders should make  the appropriate investments and develop the right incentive structures that promote security as a stated business goal.
PRC State-Sponsored Cyber Activity: Actions For Critical Infrastructure Leaders,2024-03-21,1,"{""Investment"": 1, ""Malware"": 1, ""Ransomware"": 2, ""IPR*/Copyright&Counterfeit"": 1}","{""Phishing/Spoofing"": {}, ""Extortion"": {}, ""Personal Data Breach"": {}, ""Non-Payment/Non-Delivery"": {}, ""Investment"": {""investments"": 1}, ""Tech Support"": {}, ""Business Email Compromise"": {}, ""Identity Theft"": {}, ""Employment"": {}, ""Confidence/Romance"": {}, ""Government Impersonation"": {}, ""Credit Card/Check Fraud"": {}, ""Harassment/Stalking"": {}, ""Real Estate"": {}, ""Advanced Fee"": {}, ""Crimes Against Children"": {}, ""Lottery/Sweepstakes/Inheritance"": {}, ""Data Breach"": {}, ""Ransomware"": {""ransomware"": 2}, ""Overpayment"": {}, ""IPR*/Copyright&Counterfeit"": {""trademark"": 1}, ""Threats of Violence"": {}, ""SIM Swap"": {}, ""Botnet"": {}, ""Malware"": {""malware"": 1}, ""Cryptocurrency"": {}}","The CPGs help leaders make strategic  investments in a limited number of essential actions with high-impact security outcomes. Volt  Typhoon does not rely on malware to maintain  access to networks and conduct their activity. • See CISA’s Fact Sheet Rising Ransomware Threats to Operational Technology Assets for more information on reducing the vulnerability to severe business degradation if affected by malicious cyber activity. Although tailored to ransomware, the Fact Sheet has applicable guidance for other cyber threats. Any reference to specific commercial entities, products, processes, or services by service mark,  trademark, manufacturer, or otherwise, does not constitute or imply endorsement, recommendation, or favoring by the  authoring agencies."
Threat Actors Exploit Multiple Vulnerabilities in Ivanti Connect Secure and Policy Secure Gateways,2024-03-01,1,"{""Malware"": 1, ""Phishing/Spoofing"": 1, ""IPR*/Copyright&Counterfeit"": 1}","{""Phishing/Spoofing"": {""phishing"": 1}, ""Extortion"": {}, ""Personal Data Breach"": {}, ""Non-Payment/Non-Delivery"": {}, ""Investment"": {}, ""Tech Support"": {}, ""Business Email Compromise"": {}, ""Identity Theft"": {}, ""Employment"": {}, ""Confidence/Romance"": {}, ""Government Impersonation"": {}, ""Credit Card/Check Fraud"": {}, ""Harassment/Stalking"": {}, ""Real Estate"": {}, ""Advanced Fee"": {}, ""Crimes Against Children"": {}, ""Lottery/Sweepstakes/Inheritance"": {}, ""Data Breach"": {}, ""Ransomware"": {}, ""Overpayment"": {}, ""IPR*/Copyright&Counterfeit"": {""trademark"": 1}, ""Threats of Violence"": {}, ""SIM Swap"": {}, ""Botnet"": {}, ""Malware"": {""malware"": 1}, ""Cryptocurrency"": {}}","This will limit the ability of an actor to download tools or malware onto the  device or establish outbound connections to command and control (C2) servers. o Apply phishing-resistant multifactor authentication (MFA). Any reference to specific  commercial entities, products, processes, or services by service mark, trademark, manufacturer, or  otherwise, does not constitute or imply endorsement, recommendation, or favoring by CISA and  authoring organizations."
#StopRansomware: Phobos Ransomware,2024-02-29,1,"{""Ransomware"": 47, ""Phishing/Spoofing"": 7, ""Malware"": 8, ""Extortion"": 2, ""IPR*/Copyright&Counterfeit"": 1}","{""Phishing/Spoofing"": {""phishing"": 6, ""spoofed"": 1}, ""Extortion"": {""extort"": 1, ""extortion"": 1}, ""Personal Data Breach"": {}, ""Non-Payment/Non-Delivery"": {}, ""Investment"": {}, ""Tech Support"": {}, ""Business Email Compromise"": {}, ""Identity Theft"": {}, ""Employment"": {}, ""Confidence/Romance"": {}, ""Government Impersonation"": {}, ""Credit Card/Check Fraud"": {}, ""Harassment/Stalking"": {}, ""Real Estate"": {}, ""Advanced Fee"": {}, ""Crimes Against Children"": {}, ""Lottery/Sweepstakes/Inheritance"": {}, ""Data Breach"": {}, ""Ransomware"": {""ransomware"": 42, ""ransom"": 5}, ""Overpayment"": {}, ""IPR*/Copyright&Counterfeit"": {""trademark"": 1}, ""Threats of Violence"": {}, ""SIM Swap"": {}, ""Botnet"": {}, ""Malware"": {""trojan"": 3, ""malware"": 3, ""virus"": 2}, ""Cryptocurrency"": {}}","Product ID: AA24-060A February 29, 2024 Co-Authored by:  TLP:CLEAR TLP:CLEAR  #StopRansomware: Phobos Ransomware  SUMMARY  Note: This joint Cybersecurity Advisory (CSA) is part of  an ongoing #StopRansomware effort to publish  advisories for network defenders that detail various  ransomware variants and ransomware threat actors. These #StopRansomware advisories include recently  and historically observed tactics, techniques, and  procedures (TTPs) and indicators of compromise  (IOCs) to help organizations protect against  ransomware. The Federal Bureau of Investigation (FBI), the Cybersecurity and Infrastructure Security Agency  (CISA), and the Multi-State Information Sharing and Analysis Center (MS-ISAC) are releasing this  joint CSA, to disseminate known TTPs and IOCs associated with the Phobos ransomware variants  observed as recently as February 2024, according to open source reporting. Phobos is structured as  a ransomware-as-a-service (RaaS) model. Since May 2019, Phobos ransomware incidents impacting  state, local, tribal, and territorial (SLTT) governments have been regularly reported to the MS-ISAC. These incidents targeted municipal and county governments, emergency services, education, public  healthcare, and other critical infrastructure entities to successfully ransom several million U.S. dollars.[1],[2]  The FBI, CISA, and the MS-ISAC encourage organizations to implement the recommendations in the  Mitigations section of this CSA to reduce the likelihood and impact of Phobos ransomware and other  ransomware incidents. For a downloadable copy of indicators of compromise (IOCs), see:  •  AA24-060A (STIX XML, 148KB)  •  AA24-060A (STIX JSON, 120KB)  Actions to take today to mitigate  Phobos ransomware activity:  •  Secure RDP ports to prevent threat  actors from abusing and leveraging  RDP tools. Overview  According to open source reporting, Phobos ransomware is likely connected to numerous variants  (including Elking, Eight, Devos, Backmydata, and Faust ransomware) due to similar TTPs observed in  Phobos intrusions. Phobos ransomware operates in conjunction with various open source tools such  as Smokeloader, Cobalt Strike, and Bloodhound. These tools are all widely accessible and easy to  use in various operating environments, making it (and associated variants) a popular choice for many  threat actors.[3],[4]  Reconnaissance and Initial Access  Phobos actors typically gain initial access to vulnerable networks by leveraging phishing campaigns  [T1598] to drop hidden payloads or using internet protocol (IP) scanning tools, such as Angry IP  Scanner, to search for vulnerable Remote Desktop Protocol (RDP) ports [T1595.001] or by leveraging  RDP on Microsoft Windows environments.[5],[6]  Once they discover an exposed RDP service, the actors use open source brute force tools to gain  access [T1110]. Threat actors leveraging Phobos have notably  deployed remote access tools to establish a remote connection within the compromised network  [T1219].[7]  Alternatively, threat actors send spoofed email attachments [T1566.001] that are embedded with  hidden payloads [T1204.002] such as SmokeLoader, a backdoor trojan that is often used in  conjunction with Phobos. After SmokeLoader’s hidden payload is downloaded onto the victim’s  system, threat actors use the malware’s functionality to download the Phobos payload and exfiltrate  data from the compromised system. Finally, once Smokeloader reaches its third stage, it unpacks a program-erase cycle from stored  memory, which is then sent to be extracted from a SHA 256 hash as a payload.[7] Following  successful payload decryption, the threat actors can begin downloading additional malware. Additional Phobos Defense Evasion Capabilities  Phobos ransomware actors have been observed bypassing organizational network defense protocols  by modifying system firewall configurations using commands like netsh firewall set opmode  mode=disable [T1562.004]. Additionally, Phobos actors can evade detection by using the following  tools: Universal Virus Sniffer, Process Hacker, and PowerTool [T1562]. Persistence and Privilege Escalation  According to open source reporting, Phobos ransomware uses commands such as Exec.exe or the  bcdedit[.]exe control mechanism. Furthermore, Phobos ransomware is able to enumerate connected storage devices [T1082], running  processes [T1057], and encrypt user files [T1083]. Each Phobos ransomware executable has unique build identifiers (IDs), affiliate IDs, as well as a  unique ransom note which is embedded in the executable. After the ransom note has populated on  infected workstations, Phobos ransomware continues to search for and encrypt additional files. Finally, the Phobos  ransom note is displayed to the end user using mshta.exe. Table 7: Phobos IOCs from September through December 2023  Associated IP  Address  File Type  File Name  SHA 256 Hash  194.165.16[.]4  (October 2023)  Win32.exe  Ahpdate.exe [13]  0000599cbc6e5b0633c5a6261c79e4d3d810 05c77845c6b0679d854884a8e02f  45.9.74[.]14  (December 2023)    147.78.47[.]224  (December 2023)  Executable  and Linkable  Format (ELF)  [14]  1570442295  (Trojan Linux Mirai)  7451be9b65b956ee667081e1141531514b1 ec348e7081b5a9cd1308a98eec8f0  185.202.0[.]111  (September 2023)  Win32.exe  [15]  cobaltstrike_shellcode[.]exe (C2  activity)    185.202.0[.]111  (December 2023)   .txt [16]  f1425cff3d28afe5245459afa6d7 985081bc6a62f86dce64c63dae b2136d7d2c.bin (Trojan)    Disclaimer: Organizations are encouraged to investigate the use of the file hashes in Tables 8 and 9  for related signs of compromise prior to performing remediation actions. Phishing for Information  T1598  Phobos actors use phishing campaigns to social  engineer information from users and gain access  to vulnerable RDP ports. Malicious File  T1204.002  Phobos actors attached a malicious email  attachment to deliver ransomware. Table 14: Phobos Threat Actors ATT&CK Techniques for Enterprise – Persistence  Technique Title  ID  Use  Registry Run Keys / Startup  Folder  T1547.001  Phobos ransomware operates using the  Exec.exe control mechanism and has been  observed using Windows Startup folders and Run  Registry Keys. Asynchronous Procedure Call  T1055.004  During phase two of execution, Phobos  ransomware sends a call back from an identified  entry point. Embedded Payloads  T1027.009  Phobos actors embedded the ransomware as a  hidden payload by using Smokeloader. Deobfuscate/Decode Files or  Information  T1140  During phase two of execution, Phobos actors’  malware stores and decrypts information. Impair Defenses  T1562  Phobos actors can use Universal Virus Sniffer,  Process Hacker, and PowerTool to evade  detection. Disable or Modify System  Firewall  T1562.004  Phobos ransomware has been observed  bypassing organizational network defense  protocols through modifying system firewall  configurations. Table 18: Phobos Threat Actors ATT&CK Techniques for Enterprise – Discovery  Technique Title  ID  Use  Process Discovery  T1057  Phobos ransomware is able to run processes. System Information Discovery  T1082  Phobos ransomware is able to enumerate  connected storage devices. File and Directory Discovery  T1083  Phobos ransomware can encrypt user files. Ingress Tool Transfer  T1105  Phobos ransomware extracts its final payload  from the hashed file. Financial Theft  T1657  Phobos threat actor’s extort victims for financial  gain. The FBI,  CISA, and MS-ISAC recommend that software  manufacturers incorporate secure by design and  default principles and tactics into their software  development practices limiting the impact of  ransomware techniques, thus, strengthening the  secure posture for their customers. o Apply phishing-resistant multifactor authentication (MFA). In addition, the authoring authorities of this CSA recommend network defenders apply the following  mitigations to limit potential adversarial use of common system and network discovery techniques, and  to reduce the impact and risk of compromise by ransomware or data extortion actors:  •  Implement a recovery plan to maintain and retain multiple copies of sensitive or proprietary  data and servers in a physically separate, segmented, and secure location (i.e., hard drive,  storage device, or the cloud). •  Require phishing-resistant multifactor authentication (MFA) for all services to the extent  possible, particularly for webmail, virtual private networks (VPNs), and accounts that access  critical systems [CPG 2.H]. •  Segment networks to prevent the spread of ransomware. Network segmentation can help  prevent the spread of ransomware by controlling traffic flows between—and access to— various subnetworks and by restricting adversary lateral movement [CPG 2.F]. •  Identify, detect, and investigate abnormal activity and potential traversal of the  indicated ransomware with a networking monitoring tool. To aid in detecting the  ransomware, implement a tool that logs and reports all network traffic and activity, including  lateral movement, on a network. •  Resource to mitigate a ransomware attack: CISA, NSA, FBI, and Multi-State Information  Sharing and Analysis Center’s (MS-ISAC) Joint #StopRansomware Guide. •  SLTT organizations are encouraged to implement MS-ISAC’s Ransomware Defense-in-Depth  guidance. •  No-cost cyber hygiene services: Cyber Hygiene Services and Ransomware Readiness  Assessment. •  CISA: Known Exploited Vulnerabilities Catalog  •  CISA, MITRE: Best Practices for MITRE ATT&CK Mapping  •  CISA: Decider Tool  •  CISA: Cross-Sector Cybersecurity Performance Goals  •  CISA: Secure by Design  •  CISA: Implementing Phishing-Resistant MFA  •  CISA: Guide to Securing Remote Access Software  REFERENCES  [1] Privacy Affairs: “Moral” 8Base Ransomware Targets 2 New Victims  [2] VMware: 8base ransomware: A Heavy Hitting Player  [3] Infosecurity Magazine: Phobos Ransomware Family Expands With New FAUST Variant  [4] The Record: Hospitals offline across Romania following ransomware attack on IT platform  [5] Comparitech: What is Phobos Ransomware & How to Protect Against It? The FBI and CISA do not encourage paying ransom as payment does not guarantee victim files will  be recovered. Furthermore, payment may also embolden adversaries to target additional  organizations, encourage other criminal actors to engage in the distribution of ransomware, and/or  fund illicit activities. Any  reference to specific commercial products, processes, or services by service mark, trademark,  manufacturer, or otherwise does not constitute or imply endorsement, recommendation, or favoring  by CISA, the FBI, and the MS-ISAC."
Russian Cyber Actors Use Compromised Routers to Facilitate Cyber Operations,2024-02-27,1,"{""Phishing/Spoofing"": 6, ""Botnet"": 4, ""Malware"": 10, ""IPR*/Copyright&Counterfeit"": 1}","{""Phishing/Spoofing"": {""spear-phishing"": 3, ""spoofed"": 1, ""phishing"": 2}, ""Extortion"": {}, ""Personal Data Breach"": {}, ""Non-Payment/Non-Delivery"": {}, ""Investment"": {}, ""Tech Support"": {}, ""Business Email Compromise"": {}, ""Identity Theft"": {}, ""Employment"": {}, ""Confidence/Romance"": {}, ""Government Impersonation"": {}, ""Credit Card/Check Fraud"": {}, ""Harassment/Stalking"": {}, ""Real Estate"": {}, ""Advanced Fee"": {}, ""Crimes Against Children"": {}, ""Lottery/Sweepstakes/Inheritance"": {}, ""Data Breach"": {}, ""Ransomware"": {}, ""Overpayment"": {}, ""IPR*/Copyright&Counterfeit"": {""trademark"": 1}, ""Threats of Violence"": {}, ""SIM Swap"": {}, ""Botnet"": {""botnet"": 4}, ""Malware"": {""trojans"": 2, ""trojan"": 7, ""malware"": 1}, ""Cryptocurrency"": {}}","The FBI, NSA, US Cyber Command, and  international partners – including authorities from  Belgium, Brazil, France, Germany, Latvia,  Lithuania, Norway, Poland, South Korea, and the  United Kingdom -- assess the Russian General Staff Main Intelligence Directorate (GRU), 85th Main  Special Service Center (GTsSS), also known as APT28, Fancy Bear, and Forest Blizzard (Strontium),  have used compromised EdgeRouters globally to harvest credentials, collect NTLMv2 digests, proxy  network traffic, and host spear-phishing landing pages and custom tools. Department of Justice, including the FBI, and international partners recently disrupted a  GRU botnet consisting of such routers. An FBI investigation revealed APT28 actors accessed EdgeRouters compromised by Moobot, a  botnet that installs OpenSSH trojans on compromised hardware [T1588]. APT28 actors have used compromised EdgeRouters to collect credentials, proxy network traffic, and  host spoofed landing pages and custom post-exploitation tools. APT28 actors uploaded these custom Python scripts [T1587] to a subset of compromised  Ubiquiti routers to validate stolen webmail account credentials collected via cross-site scripting and  browser-in-the-browser spear-phishing campaigns [T1566]. Indicators of Compromise  The FBI identified IOCs for the Moobot OpenSSH trojan and for APT28 activity on EdgeRouters. Moobot OpenSSH Trojan  APT28 actors have leveraged default credentials and trojanized OpenSSH server processes to  access EdgeRouters. Trojanized OpenSSH server processes are associated with Moobot, a Mirai- based botnet that infects internet of things (IoT) devices using remotely exploitable vulnerabilities,  such as weak or default passwords. The trojan also introduces an OpenDNS server IP  address in /etc/resolv.conf, 208[.]67[.]220[.]222, and a user-land process named .kworker  to masquerade as a legitimate kernel thread. Network defenders can also query network traffic for connections with the following domains, which  were identified by the FBI and are associated with the OpenSSH trojan. Additionally, query repositories of banners collected from internet hosts, e.g., Shodan or Censys, to  locate EdgeRouters infected by the OpenSSH trojan. The EdgeOS portion of the query can be negated to return other types of devices infected by the  trojan. Obtain Capabilities  T1588  APT28 actors accessed EdgeRouters compromised by  Moobot, a botnet that installs OpenSSH trojans on  compromised hardware. Table 2: APT28 ATT&CK Techniques for Initial Access   Technique Title   ID   Use   Compromise  Infrastructure    T1584   APT28 threat actors have accessed EdgeRouters  previously compromised by an OpenSSH trojan. Phishing    T1566   APT28 threat actors conducted cross-site scripting and  browser-in-the-browser spear-phishing campaigns. MITIGATIONS  Rebooting a compromised EdgeRouter will not remove the existing malware of concern, if present. REFERENCES   [1] Mandiant: Campaign 23.056: Suspected Espionage Group with Russia Nexus Conducts Phishing  Campaign for Credential Harvesting  [2] Mandiant: Campaign 23.021: Suspected Espionage Group with Russia Nexus Targeted Multiple  Organizations and Governments with CVE-2023-23397  [3] Microsoft: Guidance For Investigating Attacks Using CVE 2023-23397  [4] Github: Fortra/impacket  [5] Github: lgandx/Responder  [6] CERT-Ukraine: APT28: From Initial Damage to Domain Controller Threats in an Hour (CERT- UA#8399)  [7] Microsoft: Overview of Server Message Block Signing  DISCLAIMER  The information in this report is being provided “as is” for informational purposes only. Any reference to specific commercial entities,  products, processes, or services by service mark, trademark, manufacturer, or otherwise, does not  constitute or imply endorsement, recommendation, or favoring by the authoring agencies."
SVR Cyber Actors Adapt Tactics for Initial Cloud Access,2024-02-26,1,"{""Phishing/Spoofing"": 1}","{""Phishing/Spoofing"": {""phishing"": 1}, ""Extortion"": {}, ""Personal Data Breach"": {}, ""Non-Payment/Non-Delivery"": {}, ""Investment"": {}, ""Tech Support"": {}, ""Business Email Compromise"": {}, ""Identity Theft"": {}, ""Employment"": {}, ""Confidence/Romance"": {}, ""Government Impersonation"": {}, ""Credit Card/Check Fraud"": {}, ""Harassment/Stalking"": {}, ""Real Estate"": {}, ""Advanced Fee"": {}, ""Crimes Against Children"": {}, ""Lottery/Sweepstakes/Inheritance"": {}, ""Data Breach"": {}, ""Ransomware"": {}, ""Overpayment"": {}, ""IPR*/Copyright&Counterfeit"": {}, ""Threats of Violence"": {}, ""SIM Swap"": {}, ""Botnet"": {}, ""Malware"": {}, ""Cryptocurrency"": {}}",All material is UK Crown Copyright ©  enrolment is required then use a strong form of 2SV that is resistant to  phishing and prompt bombing.
Top Cyber Actions for Securing Water Systems,2024-02-21,1,"{""Ransomware"": 1, ""Phishing/Spoofing"": 2, ""IPR*/Copyright&Counterfeit"": 1}","{""Phishing/Spoofing"": {""phishing"": 2}, ""Extortion"": {}, ""Personal Data Breach"": {}, ""Non-Payment/Non-Delivery"": {}, ""Investment"": {}, ""Tech Support"": {}, ""Business Email Compromise"": {}, ""Identity Theft"": {}, ""Employment"": {}, ""Confidence/Romance"": {}, ""Government Impersonation"": {}, ""Credit Card/Check Fraud"": {}, ""Harassment/Stalking"": {}, ""Real Estate"": {}, ""Advanced Fee"": {}, ""Crimes Against Children"": {}, ""Lottery/Sweepstakes/Inheritance"": {}, ""Data Breach"": {}, ""Ransomware"": {""ransomware"": 1}, ""Overpayment"": {}, ""IPR*/Copyright&Counterfeit"": {""trademark"": 1}, ""Threats of Violence"": {}, ""SIM Swap"": {}, ""Botnet"": {}, ""Malware"": {}, ""Cryptocurrency"": {}}","•  Free resources: CISA’s Cyber Essentials Toolkit Chapter 5: Your Data and NIST’s Protecting Data From  Ransomware and Other Data Loss Events provide guidance on backing up your systems. Also see CISA's Secure our World  Campaign: Employee Phishing Training for practical steps to help your employees avoid phishing scams. Any reference to specific commercial entities, products,  processes, or services by service mark, trademark, manufacturer, or otherwise, does not constitute or imply endorsement,  recommendation, or favoring by the authoring agencies."
Identification and Disruption of the Warzone Remote Access Trojan (RAT),2024-02-15,1,"{""Malware"": 17, ""Phishing/Spoofing"": 10, ""Extortion"": 1}","{""Phishing/Spoofing"": {""phishing"": 7, ""spearphishing"": 2, ""spoofing"": 1}, ""Extortion"": {""extortion"": 1}, ""Personal Data Breach"": {}, ""Non-Payment/Non-Delivery"": {}, ""Investment"": {}, ""Tech Support"": {}, ""Business Email Compromise"": {}, ""Identity Theft"": {}, ""Employment"": {}, ""Confidence/Romance"": {}, ""Government Impersonation"": {}, ""Credit Card/Check Fraud"": {}, ""Harassment/Stalking"": {}, ""Real Estate"": {}, ""Advanced Fee"": {}, ""Crimes Against Children"": {}, ""Lottery/Sweepstakes/Inheritance"": {}, ""Data Breach"": {}, ""Ransomware"": {}, ""Overpayment"": {}, ""IPR*/Copyright&Counterfeit"": {}, ""Threats of Violence"": {}, ""SIM Swap"": {}, ""Botnet"": {}, ""Malware"": {""trojan"": 3, ""malware"": 13, ""malicious software"": 1}, ""Cryptocurrency"": {}}","TLP: CLEAR  TLP: CLEAR  15 February 2024  MU-000174-MW    Identification and Disruption of the Warzone Remote  Access Trojan (RAT)      Summary  The Federal Bureau of Investigation (FBI) is releasing this FLASH to disseminate indicators of  compromise (IOCs) and tactics, techniques, and procedures (TTPs) associated with the Warzone  Remote Access Trojan (RAT), also identified as “Ave Maria” through open-source reporting and  FBI investigation. Beginning in October 2018, the Warzone service offered a malware-as-a-service (MaaS) remote  access trojan, along with other malware products and attracted a customer database of over  7,000 users. Overview  The Warzone RAT, also identified as Ave Maria due to variations of the text “Ave_Maria”  appearing in the code, was used in nation-state attack campaigns, spam or phishing campaigns  by cyber criminals, and as a precursor to follow-on exfiltration and extortion attacks. The Microsoft  exploits, which allowed malware to be embedded into a .doc or Excel file, exploited the  reported Common Vulnerabilities and Exposures (CVEs), in particular CVE-2017-8570, CVE- 2017-11882, and CVE-2018-0802. Malicious files generated by the exploit builders were  typically delivered via phishing email. Spearphishing Campaign   Campaign attempting to compromise  government employees and military personnel  of India’s National Informatics Centre (NIC). Phishing Campaign   Phishing campaign spoofing official Hungarian  government employee communications  Sandworm (Russian APT)   Cyber espionage attack(s) against Ukrainian  telecommunication providers. APT-C-36 Campaign   Phishing email campaign targeting various  entities in South America. Distribution    Warzone RAT was primarily distributed as a malicious attachment in an email (T1566), either  through broad malware spam (malspam) campaigns or targeted phishing attempts. The  malware was often also distributed with or through malicious Microsoft Office files (T1221),  which exploit Microsoft CVE-2017-11882, a CVE that has been in multiple Top Routinely  Exploited Vulnerabilities reports coauthored by the Cybersecurity and Infrastructure Security  Agency’s (CISA), the FBI, the NSA and FVEY partners. The RAT can however be  distributed by or with other malicious software or tools. Persistence       During installation, the malware gains persistence by copying itself to  C:\Users\User\AppData\Roaming\ and creating a registry key with a value set to the location of  Warzone’s executable binary to enable automatic execution of the code after each machine  reboot. Communication      The malware communicates with C2 servers via TCP over a configurable port which defaults to  port 5200. Variations in the C2  communications could be attributable to the progressive versions of the malware sold by the  developers. After decrypting the communication and connecting with the C2 server, the  malware collects basic system information about the compromised host, such as PC name and  operating system, and sends it back to the C2 server. Table 2:  Warzone RAT ATT&CK Techniques for Enterprise – Initial Access  Technique Title  ID  Use  Phishing: Spearphishing  Attachment  T1566.001  Warzone RAT has been distributed as a  malicious attachment within an email. Indicators of Compromise  The following are strings that can be used to identify and detect unpacked Warzone payload  inside memory:     •  “warzone160\x00”   o Encryption password/key for communication with C2 server   •  “Ave_Maria Stealer”   o String in the binary code of the RAT   •  “nevergonnagiveyouup”   o Encryption password/key for communication with C2 server      The following are other embedded communication passwords identified through the FBI’s  analysis of data associated with the malware:   •  “warzoneTURBO”  •  “MushroomFunguy”  •  “doghoroscopes”           Recommended Mitigations:  The FBI recommends network defenders apply the following mitigations to limit potential  adversarial use of common system and network discovery techniques and to reduce the risk of  compromise:  Preparing for Cyber Incidents:  • Maintain offline backups of data, and regularly maintain backup and restoration. Protective Controls and Architecture:  • Segment networks to prevent the spread of malware or actor traversal. Network  segmentation can help prevent the spread of malware by controlling traffic flows  between, and access to, various subnetworks and by restricting adversary lateral  movement. To aid in detecting malware and actor activity,  implement a tool that logs and reports all network traffic, including lateral  movement activity on a network."
"Risk Management for Electronic Ballot Delivery, Marking, and Return",2024-02-14,1,"{""Malware"": 4, ""Phishing/Spoofing"": 1}","{""Phishing/Spoofing"": {""phishing"": 1}, ""Extortion"": {}, ""Personal Data Breach"": {}, ""Non-Payment/Non-Delivery"": {}, ""Investment"": {}, ""Tech Support"": {}, ""Business Email Compromise"": {}, ""Identity Theft"": {}, ""Employment"": {}, ""Confidence/Romance"": {}, ""Government Impersonation"": {}, ""Credit Card/Check Fraud"": {}, ""Harassment/Stalking"": {}, ""Real Estate"": {}, ""Advanced Fee"": {}, ""Crimes Against Children"": {}, ""Lottery/Sweepstakes/Inheritance"": {}, ""Data Breach"": {}, ""Ransomware"": {}, ""Overpayment"": {}, ""IPR*/Copyright&Counterfeit"": {}, ""Threats of Violence"": {}, ""SIM Swap"": {}, ""Botnet"": {}, ""Malware"": {""malware"": 4}, ""Cryptocurrency"": {}}","Furthermore, email is  often used in cyberattacks on organizations, such as attackers sending messages with malicious links or attachments  to infect computers with malware. This malware could spread to other machines on the network if strong network  segmentation techniques are not used. Use encryption where possible (e.g., implement STARTTLS on your email servers to create a secure connection,  encrypt attached files, etc.)  Implement Domain-based Message Authentication, Reporting and Conformance (DMARC) to help identify  phishing emails. Utilize anti-malware detection and encourage voters to as well. Make sure to update the anti-malware regularly."
Joint Guidance: Identifying and Mitigating Living Off the Land Techniques,2024-02-07,1,"{""Investment"": 4, ""Phishing/Spoofing"": 3, ""Ransomware"": 1, ""Crimes Against Children"": 1, ""IPR*/Copyright&Counterfeit"": 1, ""Malware"": 1}","{""Phishing/Spoofing"": {""phishing"": 3}, ""Extortion"": {}, ""Personal Data Breach"": {}, ""Non-Payment/Non-Delivery"": {}, ""Investment"": {""investing"": 3, ""investment"": 1}, ""Tech Support"": {}, ""Business Email Compromise"": {}, ""Identity Theft"": {}, ""Employment"": {}, ""Confidence/Romance"": {}, ""Government Impersonation"": {}, ""Credit Card/Check Fraud"": {}, ""Harassment/Stalking"": {}, ""Real Estate"": {}, ""Advanced Fee"": {}, ""Crimes Against Children"": {""child"": 1}, ""Lottery/Sweepstakes/Inheritance"": {}, ""Data Breach"": {}, ""Ransomware"": {""blocked access"": 1}, ""Overpayment"": {}, ""IPR*/Copyright&Counterfeit"": {""trademark"": 1}, ""Threats of Violence"": {}, ""SIM Swap"": {}, ""Botnet"": {}, ""Malware"": {""malware"": 1}, ""Cryptocurrency"": {}}","TLP:CLEAR        3  TLP:CLEAR  • It enables cyber threat actors to avoid investing in developing and deploying custom  tools. • Enabling phishing-resistant MFA as a default feature. Cyber threat actors effectively use  LOTL across multiple environments, including in on-premises, cloud, hybrid, Windows, Linux,  and macOS environments, in part because it enables the ability to avoid investing in the  development and deployment of custom tools. These red team assessments demonstrate  how an adversary could achieve full domain compromise with little to no investment in  tooling. This includes allocating budget and time for  implementing advanced security measures like EDR and investing in security tools specific  to macOS. Enforce phishing-resistant multi-factor authentication (MFA) across all systems,  especially for privileged accounts. Some ways of discovering potential LOTL activity and their indicators may include the  following:  • Review blocked access attempts in firewall logs. Establish baselines for normal parent-child process activities to  effectively spot deviations. • Mandate MFA, ideally phishing-resistant MFA, for privileged users and make MFA a default, rather than opt-in, feature. Any reference to  specific commercial entities, products, processes, or services by service mark, trademark,  manufacturer, or otherwise, does not constitute or imply endorsement, recommendation, or  favoring by the authoring agencies. • Bypassing Gatekeeper for malware execution: Cyber threat actors may bypass Gatekeeper by leveraging trusted developer certificates or modifying system settings to allow execution from unidentified developers."
State-Sponsored Actors Compromise and Maintain Persistent Access to U.S. Critical Infrastructure,2024-02-07,1,"{""Botnet"": 6, ""Malware"": 7, ""Phishing/Spoofing"": 2, ""Business Email Compromise"": 1, ""Credit Card/Check Fraud"": 2}","{""Phishing/Spoofing"": {""phishing"": 2}, ""Extortion"": {}, ""Personal Data Breach"": {}, ""Non-Payment/Non-Delivery"": {}, ""Investment"": {}, ""Tech Support"": {}, ""Business Email Compromise"": {""business email compromise"": 1}, ""Identity Theft"": {}, ""Employment"": {}, ""Confidence/Romance"": {}, ""Government Impersonation"": {}, ""Credit Card/Check Fraud"": {""credit card"": 2}, ""Harassment/Stalking"": {}, ""Real Estate"": {}, ""Advanced Fee"": {}, ""Crimes Against Children"": {}, ""Lottery/Sweepstakes/Inheritance"": {}, ""Data Breach"": {}, ""Ransomware"": {}, ""Overpayment"": {}, ""IPR*/Copyright&Counterfeit"": {}, ""Threats of Violence"": {}, ""SIM Swap"": {}, ""Botnet"": {""botnet"": 6}, ""Malware"": {""malware"": 7}, ""Cryptocurrency"": {}}","Government Disrupts Botnet People’s Republic of China Used to Conceal Hacking of Critical  Infrastructure. In addition to leveraging stolen account credentials, the actors use LOTL techniques and avoid  leaving malware artifacts on systems that would cause alerts. Recently, Volt Typhoon actors used Cisco and NETGEAR end-of- life SOHO routers implanted with KV Botnet malware to support their operations [T1584.005]. Government Disrupts Botnet People’s Republic of China Used to Conceal  Hacking of Critical Infrastructure for more information). Execution  Volt Typhoon actors rarely use malware for post-compromise execution. Volt Typhoon actors also obfuscate their malware. See Appendix C  and CISA Malware Analysis Report (MAR)-10448362-1.v1 for more information. Government  Disrupts Botnet People’s Republic of China Used to Conceal Hacking of Critical Infrastructure). Secure Accounts  •  Implement phishing-resistant MFA for access to assets [CPG 2H]. •  Implement periodic training for all employees and contractors that covers basic  security concepts (such as phishing, business email compromise, basic operational security,  password security, etc.), as well as fostering an internal culture of security and cyber  awareness [CPG 2I]. Table 4: Volt Typhoon Malicious Files and Associated Hashes  Note: See MAR-10448362-1.v1 for more information on this malware. Compromise  Infrastructure:  Botnet  T1584.005  Volt Typhoon used Cisco and NETGEAR end-of-life SOHO  routers implanted with KV Botnet malware to support their  operations. Credentials from  Password Stores  T1555  Volt Typhoon has installed browsers saved passwords history,  credit card details, and cookies. Browser Information  Discovery  T1217  Volt Typhoon has installed browsers saved passwords history,  credit card details, and cookies."
Secure by Design Alert: Malicious Cyber Actors Exploiting Insecure SOHO Routers,2024-01-31,1,"{""Threats of Violence"": 1, ""Investment"": 1}","{""Phishing/Spoofing"": {}, ""Extortion"": {}, ""Personal Data Breach"": {}, ""Non-Payment/Non-Delivery"": {}, ""Investment"": {""investments"": 1}, ""Tech Support"": {}, ""Business Email Compromise"": {}, ""Identity Theft"": {}, ""Employment"": {}, ""Confidence/Romance"": {}, ""Government Impersonation"": {}, ""Credit Card/Check Fraud"": {}, ""Harassment/Stalking"": {}, ""Real Estate"": {}, ""Advanced Fee"": {}, ""Crimes Against Children"": {}, ""Lottery/Sweepstakes/Inheritance"": {}, ""Data Breach"": {}, ""Ransomware"": {}, ""Overpayment"": {}, ""IPR*/Copyright&Counterfeit"": {}, ""Threats of Violence"": {""harm"": 1}, ""SIM Swap"": {}, ""Botnet"": {}, ""Malware"": {}, ""Cryptocurrency"": {}}","This case exemplifies how a lack of secure by design practices can lead to real-world harm both to  customers, and, in this case, our nation’s critical infrastructure. Leaders should  make the appropriate investments and develop the right incentive structures that promote security as a stated business  goal."
Incident Response Guide: Water and Wastewater Sector,2024-01-18,1,"{""IPR*/Copyright&Counterfeit"": 1, ""Ransomware"": 7, ""Malware"": 7, ""Phishing/Spoofing"": 1, ""Tech Support"": 1, ""Investment"": 1, ""Data Breach"": 1}","{""Phishing/Spoofing"": {""phishing"": 1}, ""Extortion"": {}, ""Personal Data Breach"": {}, ""Non-Payment/Non-Delivery"": {}, ""Investment"": {""investment"": 1}, ""Tech Support"": {""technical support"": 1}, ""Business Email Compromise"": {}, ""Identity Theft"": {}, ""Employment"": {}, ""Confidence/Romance"": {}, ""Government Impersonation"": {}, ""Credit Card/Check Fraud"": {}, ""Harassment/Stalking"": {}, ""Real Estate"": {}, ""Advanced Fee"": {}, ""Crimes Against Children"": {}, ""Lottery/Sweepstakes/Inheritance"": {}, ""Data Breach"": {""data breach"": 1}, ""Ransomware"": {""ransomware"": 7}, ""Overpayment"": {}, ""IPR*/Copyright&Counterfeit"": {""trademark"": 1}, ""Threats of Violence"": {}, ""SIM Swap"": {}, ""Botnet"": {}, ""Malware"": {""malware"": 6, ""malicious software"": 1}, ""Cryptocurrency"": {}}","Any reference to specific  commercial entities, products, processes, or services by service mark, trademark,  manufacturer, or otherwise, does not constitute or imply endorsement, recommendation, or  favoritism by CISA, FBI, or EPA. In recent years, various malicious cyber incidents have impacted WWS  including, but not limited to, unauthorized access, and ransomware.3   Cyber threat actors frequently use ransomware against WWS utilities. On internet-facing  operational technology (OT) networks, ransomware can quickly propagate to affect  operations. For example, in July 2021, criminal cyber actors used the ransomware ZuCaNo,  via remote access, to compromise a supervisory control and data acquisition (SCADA)  computer on the OT network of a Maine-based WWS utility. Additionally, in August 2021, malicious cyber  actors used Ghost variant ransomware against a California-based WWS utility. The  ransomware variant resided in the system for about a month before discovery when three  SCADA servers displayed a ransomware message.4  Nation-state cyber actors also have demonstrated an intent to target U.S. • Security Software Alerts: The utility’s anti-malware or firewall software sends  warnings. • Phishing Attempts: Suspicious emails, messages, or phone calls asking for personal  information or login credentials come into the utility. •  Indicates unauthorized access to or malicious software on critical  information technology systems. CISA provides in-depth malware reverse  engineering analysis of malware samples. CISA provides findings via detailed  Malware Analysis Reports that explain how submitted malware operated when  executed and detail any associated indicators. FBI Technical Analysis and Support   FBI has specially trained cyber squads in each of their 56 field offices, working hand-in-hand  with interagency task force partners across government, to provide technical support and  analysis. With advanced  training in computer intrusions, forensic investigations, and malware analysis, the  CAT can deploy across the country within hours to respond to major incidents. Resources to Raise the Cyber Baseline:   There are a variety of resources aimed at understanding an organization’s cyber baseline  and improving cyber hygiene:     • Cybersecurity Performance Goals (CPGs): CISA’s CPGs are a subset of voluntary  cybersecurity practices to help small- and medium-sized organizations kickstart their  cybersecurity efforts by prioritizing investment in a limited number of essential  actions with high-impact security outcomes. For  example, data breach notification requirements vary by state."
Cybersecurity Guidance: Chinese-Manufactured UAS,2024-01-18,1,"{""IPR*/Copyright&Counterfeit"": 1, ""Malware"": 1, ""Phishing/Spoofing"": 1}","{""Phishing/Spoofing"": {""phishing"": 1}, ""Extortion"": {}, ""Personal Data Breach"": {}, ""Non-Payment/Non-Delivery"": {}, ""Investment"": {}, ""Tech Support"": {}, ""Business Email Compromise"": {}, ""Identity Theft"": {}, ""Employment"": {}, ""Confidence/Romance"": {}, ""Government Impersonation"": {}, ""Credit Card/Check Fraud"": {}, ""Harassment/Stalking"": {}, ""Real Estate"": {}, ""Advanced Fee"": {}, ""Crimes Against Children"": {}, ""Lottery/Sweepstakes/Inheritance"": {}, ""Data Breach"": {}, ""Ransomware"": {}, ""Overpayment"": {}, ""IPR*/Copyright&Counterfeit"": {""intellectual property"": 1}, ""Threats of Violence"": {}, ""SIM Swap"": {}, ""Botnet"": {}, ""Malware"": {""malware"": 1}, ""Cryptocurrency"": {}}","economic  and national security by: • Exposing intellectual property to Chinese companies and jeopardizing an organization’s competitive advantage. •	 Incorporate UAS and its components into an organizational  cybersecurity framework for Internet of Things (IoT) devices,  subjecting them to the same level of protection and monitoring  as other organizational ICT devices.11 •	 Isolate, air gap, or segment networks to prevent any potential  malware or breach from spreading to the enterprise network. •	 Implement phishing-resistant multifactor authentication methods to secure organizational accounts and data.14 •	 Consider integrating cybersecurity and physical security  functions across the organization to achieve a unified  approach to risk management.15 PROCURE  Identify and select the UAS platforms that best meet the operational and security requirements of the  organization."
Known Indicators of Compromise Associated with Androxgh0st Malware,2024-01-16,1,"{""Malware"": 11, ""Botnet"": 5, ""IPR*/Copyright&Counterfeit"": 1}","{""Phishing/Spoofing"": {}, ""Extortion"": {}, ""Personal Data Breach"": {}, ""Non-Payment/Non-Delivery"": {}, ""Investment"": {}, ""Tech Support"": {}, ""Business Email Compromise"": {}, ""Identity Theft"": {}, ""Employment"": {}, ""Confidence/Romance"": {}, ""Government Impersonation"": {}, ""Credit Card/Check Fraud"": {}, ""Harassment/Stalking"": {}, ""Real Estate"": {}, ""Advanced Fee"": {}, ""Crimes Against Children"": {}, ""Lottery/Sweepstakes/Inheritance"": {}, ""Data Breach"": {}, ""Ransomware"": {}, ""Overpayment"": {}, ""IPR*/Copyright&Counterfeit"": {""trademark"": 1}, ""Threats of Violence"": {}, ""SIM Swap"": {}, ""Botnet"": {""botnet"": 5}, ""Malware"": {""malware"": 11}, ""Cryptocurrency"": {}}","Product ID: AA24-016A January 16, 2024 Co-Authored by:  TLP:CLEAR TLP:CLEAR Known Indicators of Compromise Associated  with Androxgh0st Malware  SUMMARY  The Federal Bureau of Investigation (FBI) and the  Cybersecurity and Infrastructure Security Agency (CISA)  are releasing this joint Cybersecurity Advisory (CSA) to  disseminate known indicators of compromise (IOCs) and  tactics, techniques, and procedures (TTPs) associated  with threat actors deploying Androxgh0st malware. Multiple, ongoing investigations and trusted third party  reporting yielded the IOCs and TTPs, and provided  information on Androxgh0st malware’s ability to  establish a botnet that can further identify and  compromise vulnerable networks. Overview  Androxgh0st malware has been observed establishing a botnet [T1583.005] for victim identification  and exploitation in target networks. According to open source reporting[1], Androxgh0st is a Python- scripted malware [T1059.006] primarily used to target .env files that contain confidential information,  such as credentials [T1552.001] for various high profile applications (i.e., Amazon Web Services  [AWS], Microsoft Office 365, SendGrid, and Twilio from the Laravel web application framework). Androxgh0st malware also supports numerous functions capable of abusing the Simple Mail Transfer  Protocol (SMTP), such as scanning [T1046] and exploiting exposed credentials [T1078] and  application programming interfaces (APIs) [T1114], and web shell deployment [T1505.003]. Targeting the PHPUnit  Androxgh0st malware TTPs commonly involves the use of scripts, conducting scanning [T1595] and  searching for websites with specific vulnerabilities. Laravel Framework Targeting  Androxgh0st malware establishes a botnet to scan for websites using the Laravel web application  framework. Table 2: Resource Development  Technique Title  ID  Use  Acquire  Infrastructure:  Botnet  T1583.005  The threat actor establishes a botnet to identify and exploit  victims. Table 4: Execution  Technique Title  ID  Use  Command and  Scripting Interpreter:  Python  T1059.006  The threat actor uses Androxgh0st, a Python-scripted  malware, to target victim files. The FBI and CISA recommend network defenders apply the following mitigations to limit potential  adversarial use of common system and network discovery techniques and to reduce the risk of  compromise by actors using Androxgh0st malware. RESOURCES  •  CISA: Known Exploited Vulnerabilities Catalog  •  CISA, MITRE: Best Practices for MITRE ATT&CK Mapping  •  CISA: Decider Tool  •  NIST: CVE-2017-9841  •  NIST: CVE-2018-15133  •  NIST: CVE-2021-41773  •  CISA: Cross-Sector Cybersecurity Performance Goals  •  CISA: Secure by Design  REFERENCES  [1] Fortinet - FortiGuard Labs: Threat Signal Report: AndroxGh0st Malware Actively Used in the Wild  ACKNOWLEDGEMENTS  Amazon contributed to this CSA. Any reference to specific commercial entities, products,  processes, or services by service mark, trademark, manufacturer, or otherwise, does not constitute or  imply endorsement, recommendation, or favoring by FBI and CISA."
#StopRansomware: Akira Ransomware,2025-11-13,4,"{""Ransomware"": 33, ""Phishing/Spoofing"": 6, ""Extortion"": 2, ""Threats of Violence"": 1, ""Cryptocurrency"": 3, ""Malware"": 11, ""IPR*/Copyright&Counterfeit"": 1}","{""Phishing/Spoofing"": {""phishing"": 4, ""spearphishing"": 2}, ""Extortion"": {""extortion"": 2}, ""Personal Data Breach"": {}, ""Non-Payment/Non-Delivery"": {}, ""Investment"": {}, ""Tech Support"": {}, ""Business Email Compromise"": {}, ""Identity Theft"": {}, ""Employment"": {}, ""Confidence/Romance"": {}, ""Government Impersonation"": {}, ""Credit Card/Check Fraud"": {}, ""Harassment/Stalking"": {}, ""Real Estate"": {}, ""Advanced Fee"": {}, ""Crimes Against Children"": {}, ""Lottery/Sweepstakes/Inheritance"": {}, ""Data Breach"": {}, ""Ransomware"": {""ransomware"": 27, ""ransom"": 6}, ""Overpayment"": {}, ""IPR*/Copyright&Counterfeit"": {""trademark"": 1}, ""Threats of Violence"": {""threatening"": 1}, ""SIM Swap"": {}, ""Botnet"": {}, ""Malware"": {""malware"": 10, ""trojan"": 1}, ""Cryptocurrency"": {""bitcoin"": 2, ""cryptocurrency"": 1}}","TLP:CLEAR      TLP:CLEAR  Co-Authored by:   Product ID: AA24-109A                    #StopRansomware: Akira Ransomware    Summary  This joint Cybersecurity Advisory is part of an ongoing #StopRansomware effort to publish advisories for  network defenders that detail various ransomware variants and ransomware threat actors. These  #StopRansomware advisories include recently and historically observed tactics, techniques, and  procedures (TTPs) and indicators of compromise (IOCs) to help organizations protect against ransomware. 13, 2025, with information on  new Akira ransomware activity that presents an imminent threat to critical infrastructure.  Enable and enforce phishing-resistant multifactor authentication (MFA). Akira ransomware threat actors are associated with other groups known as Storm-1567, Howling Scorpius,  Punk Spider, and Gold Sahara, and may have connections to the defunct Conti ransomware group. End Update  Since March 2023, Akira ransomware threat actors have impacted a wide range of businesses and critical  infrastructure entities in North America, Europe, and Australia. The authoring organizations encourage organizations to implement the recommendations in the  Mitigations section of this advisory to reduce the likelihood and impact of Akira ransomware incidents. End Update  For initial access, Akira threat actors also use techniques including spearphishing  [T1566.001][T1566.002], abusing valid credentials [T1078], and techniques that leverage external-facing  services, like Remote Desktop Protocol (RDP) [T1133].6  Update Nov. 13, 2025:  Based on observations from the authoring organizations and trusted third-party reporting, it has been  determined that Megazord has likely fallen out of use since 2024.12  End Update  Trusted third-party investigations revealed that Akira threat actors deployed two distinct ransomware  variants against different system architectures during one attempted compromise. Analysts first identified  Akira threat actors deploying the Windows-specific “Megazord” ransomware, and further investigation  revealed the threat actors concurrently deployed a second payload during the attack, later identified as a  novel variant of the Akira ESXi encryptor, Akira_v2. After exfiltrating data, Akira threat actors use a double-extortion model [T1657], which involves threat  actors both encrypting systems [T1486] and threatening to leak sensitive information. The Akira ransom  note provides each company with a unique code and instructions to contact the threat actors via a .onion  URL, which is accessible through the Tor network [T1090.003][T1573.002]. This network is often leveraged by threat  actors to conceal their identities and activities, enabling secure and anonymous communication channels  for malicious purposes, such as ransomware negotiations.)  Akira threat actors do not leave an initial ransom demand or payment instructions on compromised  networks and do not relay this information until contacted by the victim. Victims make ransom payments by  using Bitcoin to cryptocurrency-wallet addresses provided by the Akira threat actors. After encryption, the Linux ESXi variant may  include the file extension akiranew or an added file named akiranew.txt as a ransom note in  directories where files were encrypted with the new nomenclature. Tools Leveraged by Akira Ransomware Actors  Name  Description  AdFind  A command-line tool used to query and retrieve information from Active Directory  [T1087.002]. SystemBC  Multi-purpose malware that Akira threat actors use as both a remote access trojan  (RAT) and a proxy bot [T1090][T1219]. POORTRY  Malware written as a signed vulnerable Windows deriver. Akira threat actors used the  malware to implement the Bring Your Own Vulnerable Driver (BYOVD) tactic [T1068]. STONESTOP  Malware that Akira threat actors used as the loader/installer for POORTRY [T1105]. See Table 2 through Table 9 for Akira ransomware IOCs. Malicious Files and SHA-256 Hash  File Name  Hash (SHA-256)  Description  w.exe  d2fd0654710c27dcf37b6c1437880020824e161dd 0bf28e3a133ed777242a0ca  Akira ransomware encryptor. Win.exe  dcfa2800754e5722acf94987bb03e814edcb9acebd a37df6da1987bf48e5b05e  Akira ransomware encryptor. qKtul.vbs  cf3465d7e49b609defa1e2b6cfcc86ffa30c72246cb 2744dbf50736c5f3d74d5  VBScript used by Akira  ransomware. Malicious Files and MD5 Hash  File Name  Hash (MD5)  Description  123.zip  57D1AEB41D9CFEA4D6899724BC4B09A5  Archive containing encryption  malware and an AnyDesk setup. End Update  Note: Trusted third-party analysis confirmed the Akira threat actors’ ransomware samples in Table 6 were  created on Dec. Phishing: Spearphishing  Attachment  T1566.001 Akira threat actors use phishing emails with malicious attachments  to gain access to networks. 13, 2025  Command and  Scripting Interpreter:  Visual Basic  T1059.005  Akira threat actors use VB scripts to execute malicious code, deploy  ransomware payloads, or establish persistence through legitimate  Windows scripting capabilities. 13, 2025  Akira threat actors use POORTRY malware written as a signed  vulnerable Windows driver to deploy BYOVD techniques to obtain  elevated privileges. 13, 2025  Obfuscated Files or  Information  T1027  Akira threat actors obfuscate or encrypt malware, scripts, and  network payloads (e.g., packers, Base64/XOR encoding, script  obfuscation, or custom encryption) to evade detection and slow  forensic analysis. 13, 2025  Akira threat actors use SystemBC malware as a proxy bot. Akira threat actors use STONESTOP malware to load additional  payloads. 13, 2025  Akira threat actors use SystemBC malware as a RAT. Financial Theft  T1657  Akira threat actors use a double extortion model for financial gain.   Segment networks to prevent the spread of ransomware, as network segmentation can help  control traffic flows between and access to various subnetworks, and by restricting adversary  lateral movement [CPG 2.F].   Identify, detect, and investigate abnormal activity and potential traversal of the indicated  ransomware with a networking monitoring tool [CPG 3.A]. o To aid in detecting the ransomware, implement a tool that logs and reports all network traffic,  including lateral movement activity on a network.   CISA’s #StopRansomware Guide provides organizations with comprehensive best practices to  mitigate the risk of ransomware attacks.   CISA’s Implementing Phishing-Resistant MFA is a fact sheet intended for network defenders to  mitigate threats to accounts and systems that use MFA.   CISA’s Ransomware Risk Assessment helps assess an organization’s ability to counteract a  ransomware infection. FBI is interested in any information that can be shared, to include boundary logs showing communication  to and from foreign IP addresses, a sample ransom note, communications with threat actors, Bitcoin wallet  information, decryptor files, and/or a benign sample of an encrypted file. FBI, CISA, and co-sealers do not encourage paying ransom as payment does not guarantee victim files will  be recovered. Furthermore, payment may also embolden adversaries to target additional organizations,  encourage other criminal actors to engage in the distribution of ransomware, and/or fund illicit activities. Any reference to specific commercial entities, products,  processes, or services by service mark, trademark, manufacturer, or otherwise, does not constitute or  imply endorsement, recommendation, or favor by FBI and co-sealers. 19 French organizations may report online scams, including ransomware, to OFAC’s Thésée platform."
Creating and maintaining a definitive view of your Operational Technology (OT) Architecture,2025-09-29,3,"{""IPR*/Copyright&Counterfeit"": 1, ""Ransomware"": 1, ""Threats of Violence"": 1, ""Malware"": 1}","{""Phishing/Spoofing"": {}, ""Extortion"": {}, ""Personal Data Breach"": {}, ""Non-Payment/Non-Delivery"": {}, ""Investment"": {}, ""Tech Support"": {}, ""Business Email Compromise"": {}, ""Identity Theft"": {}, ""Employment"": {}, ""Confidence/Romance"": {}, ""Government Impersonation"": {}, ""Credit Card/Check Fraud"": {}, ""Harassment/Stalking"": {}, ""Real Estate"": {}, ""Advanced Fee"": {}, ""Crimes Against Children"": {}, ""Lottery/Sweepstakes/Inheritance"": {}, ""Data Breach"": {}, ""Ransomware"": {""ransomware"": 1}, ""Overpayment"": {}, ""IPR*/Copyright&Counterfeit"": {""intellectual property"": 1}, ""Threats of Violence"": {""harm"": 1}, ""SIM Swap"": {}, ""Botnet"": {}, ""Malware"": {""malware"": 1}, ""Cryptocurrency"": {}}","They may also target OT systems to gain an economic  advantage by stealing intellectual property or datasets that would enable competitors to improve  their own processes. It is critical that backups are implemented to be  ransomware resistant to protect their availability. •  Safety Would a failure cause harm or damage to people, equipment, and/or the  environment? Once  connected, the device can rapidly deliver pre-programmed keystrokes to execute commands,  install malware, or alter system configurations."
Cyber Criminal Groups UNC6040 and UNC6395 Compromising Salesforce Instances for Data Theft and Extortion,2025-09-12,3,"{""Extortion"": 4, ""Phishing/Spoofing"": 3, ""Cryptocurrency"": 1, ""IPR*/Copyright&Counterfeit"": 1}","{""Phishing/Spoofing"": {""phishing"": 3}, ""Extortion"": {""extortion"": 4}, ""Personal Data Breach"": {}, ""Non-Payment/Non-Delivery"": {}, ""Investment"": {}, ""Tech Support"": {}, ""Business Email Compromise"": {}, ""Identity Theft"": {}, ""Employment"": {}, ""Confidence/Romance"": {}, ""Government Impersonation"": {}, ""Credit Card/Check Fraud"": {}, ""Harassment/Stalking"": {}, ""Real Estate"": {}, ""Advanced Fee"": {}, ""Crimes Against Children"": {}, ""Lottery/Sweepstakes/Inheritance"": {}, ""Data Breach"": {}, ""Ransomware"": {}, ""Overpayment"": {}, ""IPR*/Copyright&Counterfeit"": {""trademark"": 1}, ""Threats of Violence"": {}, ""SIM Swap"": {}, ""Botnet"": {}, ""Malware"": {}, ""Cryptocurrency"": {""cryptocurrency"": 1}}","TLP:CLEAR  TLP:CLEAR  12 September 2025  FLASH-20250912-001  Cyber Criminal Groups UNC6040 and UNC6395  Compromising Salesforce Instances for Data Theft and  Extortion      Summary  The Federal Bureau of Investigation (FBI) is releasing this FLASH to disseminate Indicators of  Compromise (IOCs) associated with recent malicious cyber activities by cyber criminal groups  UNC6040 and UNC6395, responsible for a rising number of data theft and extortion intrusions. Technical Details  Initial Access       TLP:CLEAR  TLP:CLEAR  UNC6040   Since October 2024, UNC6040 threat actors have obtained initial access by leveraging social  engineering attacks, in particular voice phishing (vishing), to gain access to organizations’  Salesforce accounts. UNC6040 threat actors have utilized phishing panels, directing victims to visit from their mobile  phones or work computers during the social engineering calls. Some UNC6040 victims have subsequently received extortion emails allegedly from the  ShinyHunters group, demanding payment in cryptocurrency to avoid publication of exfiltrated  data. These extortion demands have varied in time following UNC6040 threat actors’ access  and data exfiltration, ranging from a period of days to months. • Require phishing-resistant multi-factor authentication (MFA) for as many services as  possible. Any reference to specific  commercial entities, products, processes, or services by service mark, trademark,  manufacturer, or otherwise, does not constitute or imply endorsement, recommendation, or  favoring by FBI."
Countering Chinese State-Sponsored Actors Compromise of Networks Worldwide to Feed Global Espionage System,2025-08-27,3,"{""Botnet"": 1, ""Malware"": 1, ""Data Breach"": 1, ""Credit Card/Check Fraud"": 1, ""IPR*/Copyright&Counterfeit"": 1}","{""Phishing/Spoofing"": {}, ""Extortion"": {}, ""Personal Data Breach"": {}, ""Non-Payment/Non-Delivery"": {}, ""Investment"": {}, ""Tech Support"": {}, ""Business Email Compromise"": {}, ""Identity Theft"": {}, ""Employment"": {}, ""Confidence/Romance"": {}, ""Government Impersonation"": {}, ""Credit Card/Check Fraud"": {""ach"": 1}, ""Harassment/Stalking"": {}, ""Real Estate"": {}, ""Advanced Fee"": {}, ""Crimes Against Children"": {}, ""Lottery/Sweepstakes/Inheritance"": {}, ""Data Breach"": {""data breach"": 1}, ""Ransomware"": {}, ""Overpayment"": {}, ""IPR*/Copyright&Counterfeit"": {""trademark"": 1}, ""Threats of Violence"": {}, ""SIM Swap"": {}, ""Botnet"": {""botnet"": 1}, ""Malware"": {""malware"": 1}, ""Cryptocurrency"": {}}","  CVE-2018-0171 - Cisco IOS and IOS XE smart install remote code execution  vulnerability  The APT actors leverage infrastructure, such as virtual private servers (VPSs)  [T1583.003] and compromised intermediate routers [T1584.008], that have not been  attributable to a publicly known botnet or obfuscation network infrastructure to target  telecommunications and network service providers, including ISPs [T1090]. Operators (or malware) can run commands in other VRFs  using chvrf. Network  defenders should exercise caution when sequencing defensive measures to maximize  the chance of achieving full eviction, while remaining compliant with applicable laws,  regulations, and guidance on incident response and data breach notifications in their  jurisdictions.   Disable all unused ports and protocols (both traffic and management protocols) [D3- ACH]. Reference herein to any specific commercial products, process, or service by trade name,  trademark, manufacturer, or otherwise, does not constitute or imply its endorsement, recommendation, or  favoring by the authoring agencies, and this guidance shall not be used for advertising or product  endorsement purposes."
Foundations for OT Cybersecurity: Asset Inventory Guidance for Owners and Operators,2025-08-13,3,"{""Extortion"": 1, ""IPR*/Copyright&Counterfeit"": 1}","{""Phishing/Spoofing"": {}, ""Extortion"": {""extortion"": 1}, ""Personal Data Breach"": {}, ""Non-Payment/Non-Delivery"": {}, ""Investment"": {}, ""Tech Support"": {}, ""Business Email Compromise"": {}, ""Identity Theft"": {}, ""Employment"": {}, ""Confidence/Romance"": {}, ""Government Impersonation"": {}, ""Credit Card/Check Fraud"": {}, ""Harassment/Stalking"": {}, ""Real Estate"": {}, ""Advanced Fee"": {}, ""Crimes Against Children"": {}, ""Lottery/Sweepstakes/Inheritance"": {}, ""Data Breach"": {}, ""Ransomware"": {}, ""Overpayment"": {}, ""IPR*/Copyright&Counterfeit"": {""trademark"": 1}, ""Threats of Violence"": {}, ""SIM Swap"": {}, ""Botnet"": {}, ""Malware"": {}, ""Cryptocurrency"": {}}","OT is vital to critical infrastructure services like energy production and distribution, as well as water and  wastewater treatment, making it a prime target for malicious cyber actors seeking to disrupt or destroy  systems and services or perform other nefarious activities, such as extortion. Any reference to specific commercial entities, products,  processes, or services by service mark, trademark, manufacturer, or otherwise, does not constitute or  imply endorsement, recommendation, or favor by the authoring agencies."
Scattered Spider,2025-07-29,3,"{""Phishing/Spoofing"": 19, ""Ransomware"": 18, ""Malware"": 6, ""Extortion"": 6, ""Threats of Violence"": 1, ""SIM Swap"": 2, ""Cryptocurrency"": 1, ""IPR*/Copyright&Counterfeit"": 1}","{""Phishing/Spoofing"": {""phishing"": 13, ""smishing"": 3, ""spearphishing"": 3}, ""Extortion"": {""extortion"": 6}, ""Personal Data Breach"": {}, ""Non-Payment/Non-Delivery"": {}, ""Investment"": {}, ""Tech Support"": {}, ""Business Email Compromise"": {}, ""Identity Theft"": {}, ""Employment"": {}, ""Confidence/Romance"": {}, ""Government Impersonation"": {}, ""Credit Card/Check Fraud"": {}, ""Harassment/Stalking"": {}, ""Real Estate"": {}, ""Advanced Fee"": {}, ""Crimes Against Children"": {}, ""Lottery/Sweepstakes/Inheritance"": {}, ""Data Breach"": {}, ""Ransomware"": {""ransomware"": 14, ""ransom"": 4}, ""Overpayment"": {}, ""IPR*/Copyright&Counterfeit"": {""trademark"": 1}, ""Threats of Violence"": {""threatened"": 1}, ""SIM Swap"": {""sim swap"": 2}, ""Botnet"": {}, ""Malware"": {""malware"": 5, ""trojan"": 1}, ""Cryptocurrency"": {""bitcoin"": 1}}","▪ Enable and enforce phishing-resistant multifactor authentication (MFA). In addition to new TTPs that include more sophisticated  social engineering techniques, the advisory describes additional malware and ransomware variants  used to exfiltrate data and encrypt targeted organizations’ systems. Update July 29, 2025:  Per trusted third parties, Scattered Spider threat actors typically engage in data theft for extortion and also  use several ransomware variants, most recently deploying DragonForce ransomware alongside their usual  TTPs. Overview  Scattered Spider (also known as, UNC3944, Scatter Swine, Oktapus, Octo Tempest, Storm-0875, and  Muddled Libra) engages in data extortion and several other criminal activities.1 Scattered Spider threat  actors use multiple social engineering techniques—including push bombing—and subscriber identity  module (SIM) swap attacks, to obtain credentials, install remote access tools, and/or bypass multi-factor  authentication (MFA). ▪  Monetized access to targeted organization’s networks in numerous ways including extortion  enabled by ransomware and data theft [T1657]. Update End  In addition to using legitimate tools, Scattered Spider also uses malware as part of its TTPs. See Table 2 for  some of the malware used by Scattered Spider. Table 2: Malware Used by Scattered Spider  Malware  Use  AveMaria (also known as  WarZone [S0670])  Enables remote access to a targeted organization’s systems. Update July 29, 2025:  RattyRAT  Java-based remote access trojan, used for persistent, stealth access and  internal reconnaissance.4  DragonForce Ransomware  Infiltrates networks, encrypts data, and demands ransom. Scattered Spider threat actors have observably exfiltrated data [TA0010] after gaining access and  threatened to release it without deploying ransomware. Update End  Reconnaissance, Resource Development, and Initial Access  Scattered Spider intrusions historically began with broad phishing [T1566] and smishing [T1660] attempts  against a target using organization-specific crafted domains, such as the domains listed in Table 3  [T1583.001]. According to trusted third parties, where more recent incidents are concerned, Scattered Spider threat  actors may have deployed DragonForce ransomware onto targeted organizations’ networks—thereby  encrypting VMware Elastic Sky X integrated (ESXi) servers [T1486]. Phishing for Information  T1598  Scattered Spider threat actors use phishing to obtain login  credentials, gaining access to a targeted organization’s network. Phishing for Information:  Spearphishing Voice  T1598.004 Scattered Spider threat actors call targeted organizations to elicit  sensitive and actionable information. Table 5: Resource Development  Technique Title  ID  Use  Acquire Infrastructure:  Domains  T1583.001  Scattered Spider threat actors create domains for use in phishing  and smishing attempts against targeted organizations. Table 6: Initial Access  Technique Title  ID  Use  Phishing  T1566  Scattered Spider threat actors use broad phishing attempts against  a target to obtain information used to gain initial access. Phishing (Mobile)  T1660  Scattered Spider threat actors send SMS messages, known as  smishing, when targeting an organization. Phishing: Spearphishing  Voice  T1566.004  Scattered Spider threat actors use voice communications to  convince IT help desk personnel to reset passwords and/or MFA  tokens. SIM Swap  T1451  Scattered Spider threat actors steal OTPs, credentials, and security  answers. Table 16: Exfiltration  Technique Title  ID  Use  Exfiltration  TA0010  Scattered Spider threat actors exfiltrate data from a target network  for data extortion. Table 17: Impact  Technique Title  ID  Use  Data Encrypted for  Impact  T1486  Scattered Spider threat actors recently began encrypting data on a  target network and demanding a ransom for decryption. Financial Theft  T1657  Scattered Spider threat actors monetized access to targeted  organization’s networks in numerous ways including extortion- enabled ransomware and data theft. These  MFA implementations are resistant to phishing and not susceptible to push bombing or SIM swap  attacks, which are techniques known to be used by Scattered Spider actors. See CISA’s fact sheet  Implementing Phishing-Resistant MFA for more information. In addition, the authoring agencies recommend network defenders apply the following mitigations to limit  potential adversarial use of common system and network discovery techniques, and to reduce the impact  and risk of compromise by ransomware or data extortion actors:  ▪  Implement a recovery plan to maintain and retain multiple copies of sensitive or proprietary data  and servers in a physically separate, segmented, and secure location (i.e., hard drive, storage  device, the cloud). ▪  Require phishing-resistant multifactor authentication (MFA) for all services to the extent possible,  particularly for webmail, virtual private networks (VPNs), and accounts that access critical systems  [CPG 2.H]. Organizations should continue to perform diligent employee training against vishing and  spearphishing. ▪  Segment networks to prevent the spread of ransomware. Network segmentation can help prevent  the spread of ransomware by controlling traffic flows between—and access to—various subnetworks  and by restricting adversary lateral movement [CPG 2.F]. ▪  Identify, detect, and investigate abnormal activity and potential traversal of the indicated  ransomware with a networking monitoring tool. To aid in detecting the ransomware, leverage a tool  that logs and reports all network traffic and activity, including lateral movement, on a network. FBI is interested in any information that can be shared, to include boundary logs showing communication  to and from foreign IP addresses, a sample ransom note, communications with Scattered Spider threat  actors, Bitcoin wallet information, decryptor files, and/or a benign sample of an encrypted file. The authoring agencies do not encourage paying ransom, as payment does not guarantee targeted  organization’s files will be recovered. Furthermore, payment may also embolden adversaries to target  additional organizations, encourage other criminal actors to engage in the distribution of ransomware,  and/or fund illicit activities. Any reference to specific commercial entities, products,  processes, or services by service mark, trademark, manufacturer, or otherwise, does not constitute or  imply endorsement, recommendation, or favor by the authoring organizations."
#StopRansomware: Interlock,2025-07-22,3,"{""Ransomware"": 36, ""Extortion"": 4, ""Malware"": 5, ""Cryptocurrency"": 3, ""Threats of Violence"": 1, ""IPR*/Copyright&Counterfeit"": 1}","{""Phishing/Spoofing"": {}, ""Extortion"": {""extortion"": 4}, ""Personal Data Breach"": {}, ""Non-Payment/Non-Delivery"": {}, ""Investment"": {}, ""Tech Support"": {}, ""Business Email Compromise"": {}, ""Identity Theft"": {}, ""Employment"": {}, ""Confidence/Romance"": {}, ""Government Impersonation"": {}, ""Credit Card/Check Fraud"": {}, ""Harassment/Stalking"": {}, ""Real Estate"": {}, ""Advanced Fee"": {}, ""Crimes Against Children"": {}, ""Lottery/Sweepstakes/Inheritance"": {}, ""Data Breach"": {}, ""Ransomware"": {""ransomware"": 27, ""ransom"": 9}, ""Overpayment"": {}, ""IPR*/Copyright&Counterfeit"": {""trademark"": 1}, ""Threats of Violence"": {""threatening"": 1}, ""SIM Swap"": {}, ""Botnet"": {}, ""Malware"": {""malware"": 4, ""trojan"": 1}, ""Cryptocurrency"": {""bitcoin"": 2, ""cryptocurrency"": 1}}","TLP:CLEAR  TLP:CLEAR  Co-Authored by:   Product ID: AA25-203A          #StopRansomware: Interlock    Summary  Note: This joint Cybersecurity Advisory is part of an ongoing #StopRansomware effort to publish advisories  for network defenders that detail various ransomware variants and ransomware threat actors. These  #StopRansomware advisories include recently and historically observed tactics, techniques, and  procedures (TTPs) and indicators of compromise (IOCs) to help organizations protect against ransomware. The Interlock ransomware variant was first observed in late September 2024, targeting various business,  critical infrastructure, and other organizations in North America and Europe. FBI observed actors  obtaining initial access via drive-by download from compromised legitimate websites, which is an  uncommon method among ransomware groups. Interlock actors employ a double extortion model in which actors encrypt systems after exfiltrating data,  which increases pressure on victims to pay the ransom to both get their data decrypted and prevent it from  being leaked. FBI, CISA, HHS, and MS-ISAC encourage organizations to implement the recommendations in the  Mitigations section of this advisory to reduce the likelihood and impact of Interlock ransomware incidents. Overview  Since September 2024, Interlock ransomware actors have impacted a wide range of businesses and  critical infrastructure sectors in North America and Europe. Interlock actors leverage a double extortion model, in which they both encrypt and exfiltrate victim data. Initial Access  FBI has observed Interlock actors obtaining initial access [TA0001] via drive-by download [T1189] from  compromised legitimate websites, an atypical method for ransomware actors. Interlock ransomware  methods for initial access have previously disguised malicious payloads as fake Google Chrome or  Microsoft Edge browser updates, though a cybersecurity company recently reported a shift to payload  filenames masquerading as updates for common security software (see Table 3 and Table 4 for a list of  filenames).1F2  In some instances, FBI has observed Interlock actors using the ClickFix social engineering technique, in  which unsuspecting users are prompted to execute a malicious payload by clicking a fake Completely  Automated Public Turing test to tell Computers and Humans Apart (CAPTCHA) [T1189]. The CAPTCHA  contains instructions for users to open the Windows Run window, paste the clipboard contents, and then  execute a malicious Base64-encoded PowerShell process [T1204.004].2F3  Note: This ClickFix technique has been used in several other malware campaigns, including Lumma Stealer  and DarkGate.3F4  Execution and Persistence  Based on FBI investigations, the fake Google Chrome browser executable functions as a remote access  trojan (RAT) [T1105] designed to execute a PowerShell script [T1059.001] that drops a file into the  Windows Startup folder. According to open source reporting, the credential stealer collects login  information and associated URLs for victims’ online accounts [T1555.003], while the keylogger dynamic  link library (DLL) logs users’ keystrokes in a file named conhost.txt [T1036.005].6F7 As of February 2025,  private cybersecurity analysts also observed Interlock ransomware infections executing different versions  of information stealers [TA0006], including Lumma Stealer7F8 and Berserk Stealer, to harvest credentials for  lateral movement and privilege escalation [T1078].8F9  Interlock actors leverage compromised credentials and Remote Desktop Protocol (RDP)9F10 [T1021.001] to  move between systems. FBI has observed Interlock ransomware encryptors for both Windows  and Linux operating systems. Encrypted files are appended with either a .interlock or .1nt3rlock file extension, alongside a ransom  note titled !__README__!.txt delivered via group policy object (GPO). Interlock actors use a double- extortion model [T1657], encrypting systems after exfiltrating data. The ransom note provides each victim  with a unique code and instructions to contact the ransomware actors via a .onion URL. Interlock actors do not leave an initial ransom demand or payment instructions on compromised networks,  and do not relay this information until contacted by the victim. The actors instruct victims to make ransom  payments in Bitcoin to cryptocurrency wallet addresses provided by the actors. Tools Used by Interlock Ransomware Actors  Tool Name  Description  AnyDesk  A common legitimate remote monitoring and management (RMM) tool maliciously used by  Interlock actors to obtain remote access and maintain persistence. Leveraged Files  See Table 3 and Table 4 for files used by Interlock ransomware actors. Financial Theft   T1657  Interlock actors deliver a ransom note titled !__README__!.txt via  a GPO which provides victims with instructions to use a .onion URL  to contact the actors over the Tor network. Actors use a double- extortion model, both encrypting victim data and threatening release  of victim data on their Tor network leak site if the ransom is not paid. Mitigations  The authoring agencies recommend organizations implement the mitigations below to improve your  organization’s cybersecurity posture on the basis of the Interlock ransomware actors’ activity. At-risk organizations should implement the following mitigations:    Prevent Interlock ransomware actors from obtaining initial access:  o Implement domain name system (DNS) filtering to block users from accessing malicious sites  and applications.   Segment networks [CPG 2.F] to prevent the spread of ransomware. o Network segmentation can help prevent the spread of ransomware by controlling traffic flows  between—and access to—various subnetworks and by restricting adversary lateral movement.   Identify, detect, and investigate abnormal activity and potential traversal of the indicated  ransomware [CPG 3.A] with a networking monitoring tool [CPG 2.T]. o To aid in detecting ransomware, implement a tool that logs and reports all network traffic,  including lateral movement activity on a network.   #StopRansomware Guide: Resource to mitigate a ransomware attack.   Cyber Hygiene Services, Ransomware Readiness Assessment: CISA’s no-cost cyber hygiene  services.   Combatting Ransomware: MS-ISAC guidance on ransomware mitigation strategies aligned with  recommendations from NIST and CSF. FBI is interested in any information that can be shared, to include boundary logs showing communication  to and from foreign IP addresses, a sample ransom note, communications with threat actors, Bitcoin wallet  information, decryptor files, and/or a benign sample of an encrypted file. The authoring agencies do not encourage paying ransom as payment does not guarantee victim files will  be recovered. Furthermore, payment may also embolden adversaries to target additional organizations,  encourage other criminal actors to engage in the distribution of ransomware, and/or fund illicit activities. Any reference to specific commercial entities, products,  processes, or services by service mark, trademark, manufacturer, or otherwise, does not constitute or  imply endorsement, recommendation, or favor by the authoring agencies. 7 Biasiotto, “Unwrapping the Emerging Interlock Ransomware Attack.”  8 International law-enforcement and Microsoft took down the Lumma Stealer malware in May 2025 by  seizing internet domains the actors used to distribute the malware to actors and taking down domains that  hosted the malware’s infrastructure. 17 Sekoia Threat Detection and Research team, “Interlock Ransomware Evolving Under the Radar.”"
Iranian Cyber Actors May Target Vulnerable US Networks and Entities of Interest,2025-06-30,2,"{""Botnet"": 4, ""Ransomware"": 2, ""Harassment/Stalking"": 1, ""Phishing/Spoofing"": 1, ""IPR*/Copyright&Counterfeit"": 1}","{""Phishing/Spoofing"": {""phishing"": 1}, ""Extortion"": {}, ""Personal Data Breach"": {}, ""Non-Payment/Non-Delivery"": {}, ""Investment"": {}, ""Tech Support"": {}, ""Business Email Compromise"": {}, ""Identity Theft"": {}, ""Employment"": {}, ""Confidence/Romance"": {}, ""Government Impersonation"": {}, ""Credit Card/Check Fraud"": {}, ""Harassment/Stalking"": {""harassment"": 1}, ""Real Estate"": {}, ""Advanced Fee"": {}, ""Crimes Against Children"": {}, ""Lottery/Sweepstakes/Inheritance"": {}, ""Data Breach"": {}, ""Ransomware"": {""ransomware"": 2}, ""Overpayment"": {}, ""IPR*/Copyright&Counterfeit"": {""trademark"": 1}, ""Threats of Violence"": {}, ""SIM Swap"": {}, ""Botnet"": {""distributed denial of service"": 1, ""ddos"": 3}, ""Malware"": {}, ""Cryptocurrency"": {}}","These hacktivists are likely to significantly  increase distributed denial of service (DDoS) campaigns against U.S. Iranian-affiliated cyber actors may also conduct ransomware attacks in collaboration with other  cybercriminal groups. These actors have been observed working directly with ransomware affiliates to  conduct encryption operations, as well as steal sensitive information from these networks and leaking it  online. This campaign combined hacking and theft of data with  information operations (e.g., online amplification through social media or threats and harassment using  direct messaging).  Implement phishing-resistant MFA for accessing OT networks from any other network.  For more information on defending against DDoS attacks, refer to the joint guide Understanding and Responding to DDoS Attacks. Any reference to specific commercial entities, products,  processes, or services by service mark, trademark, manufacturer, or otherwise, does not constitute or imply  endorsement, recommendation, or favor by the authoring agencies."
People's Republic of China Cyber Threat Activity,2025-06-20,2,{},"{""Phishing/Spoofing"": {}, ""Extortion"": {}, ""Personal Data Breach"": {}, ""Non-Payment/Non-Delivery"": {}, ""Investment"": {}, ""Tech Support"": {}, ""Business Email Compromise"": {}, ""Identity Theft"": {}, ""Employment"": {}, ""Confidence/Romance"": {}, ""Government Impersonation"": {}, ""Credit Card/Check Fraud"": {}, ""Harassment/Stalking"": {}, ""Real Estate"": {}, ""Advanced Fee"": {}, ""Crimes Against Children"": {}, ""Lottery/Sweepstakes/Inheritance"": {}, ""Data Breach"": {}, ""Ransomware"": {}, ""Overpayment"": {}, ""IPR*/Copyright&Counterfeit"": {}, ""Threats of Violence"": {}, ""SIM Swap"": {}, ""Botnet"": {}, ""Malware"": {}, ""Cryptocurrency"": {}}",
#StopRansomware: Play Ransomware,2025-06-04,2,"{""Ransomware"": 71, ""Data Breach"": 1, ""Extortion"": 3, ""Threats of Violence"": 2, ""Malware"": 6, ""Cryptocurrency"": 1, ""IPR*/Copyright&Counterfeit"": 1}","{""Phishing/Spoofing"": {}, ""Extortion"": {""extortion"": 3}, ""Personal Data Breach"": {}, ""Non-Payment/Non-Delivery"": {}, ""Investment"": {}, ""Tech Support"": {}, ""Business Email Compromise"": {}, ""Identity Theft"": {}, ""Employment"": {}, ""Confidence/Romance"": {}, ""Government Impersonation"": {}, ""Credit Card/Check Fraud"": {}, ""Harassment/Stalking"": {}, ""Real Estate"": {}, ""Advanced Fee"": {}, ""Crimes Against Children"": {}, ""Lottery/Sweepstakes/Inheritance"": {}, ""Data Breach"": {""data leak"": 1}, ""Ransomware"": {""ransomware"": 64, ""ransom"": 7}, ""Overpayment"": {}, ""IPR*/Copyright&Counterfeit"": {""trademark"": 1}, ""Threats of Violence"": {""threatened"": 1, ""threatening"": 1}, ""SIM Swap"": {}, ""Botnet"": {}, ""Malware"": {""virus"": 4, ""malware"": 2}, ""Cryptocurrency"": {""cryptocurrency"": 1}}","TLP:CLEAR  TLP:CLEAR  Co-Authored by:   Product ID: AA23-352A          #StopRansomware: Play Ransomware    Summary  Note: This joint Cybersecurity Advisory is part of an ongoing #StopRansomware effort to publish advisories  for network defenders that detail various ransomware variants and ransomware threat actors. These  #StopRansomware advisories include recently and historically observed tactics, techniques, and  procedures (TTPs) and indicators of compromise (IOCs) to help organizations protect against ransomware. Note: Updates to this advisory, originally published December 18, 2023, include:  ▪  June 4, 2025: The advisory was updated to reflect new TTPs employed by Play ransomware group,  as well as provide current IOCs/remove outdated IOCs for effective threat hunting. Update June 4, 2025:  The Federal Bureau of Investigation (FBI), Cybersecurity and Infrastructure Security Agency (CISA), and  Australian Signals Directorate’s Australian Cyber Security Centre (ASD's ACSC) are releasing this joint  advisory to disseminate the Play ransomware group’s IOCs and TTPs identified through FBI investigations  as recently as January 2025. End Update  Since June 2022, the Play (also known as Playcrypt) ransomware group has impacted a wide range of  businesses and critical infrastructure in North America, South America, and Europe. Play ransomware was  among the most active ransomware groups in 2024. Organizations should take the following actions today to mitigate cyber threats from Play ransomware:  ▪  Prioritize remediating known exploited vulnerabilities. Update June 4, 2025:  As of May 2025, FBI was aware of approximately 900 affected entities allegedly exploited by the  ransomware actors. End Update  In Australia, the first Play ransomware incident was observed in April 2023, and most recently in November  2023. The Play ransomware group is presumed to be a closed group, designed to “guarantee the secrecy of  deals,” according to a statement on the group’s data leak website. Play ransomware actors employ a  double extortion model, encrypting systems after exfiltrating data. A portion of victims are  contacted via telephone and are threatened with the release of the stolen data and encouraged to pay the  ransom. End Update  FBI, CISA, and ASD’s ACSC encourage organizations to implement the recommendations in the Mitigations  section of this CSA to reduce the likelihood and impact of ransomware incidents. Play ransomware actors have  been observed using external-facing services [T1133] such as Remote Desktop Protocol (RDP) and Virtual  Private Networks (VPN) for initial access. Update June 4, 2025:  Multiple ransomware groups, including initial access brokers with ties to Play ransomware operators,  exploited three vulnerabilities—CVE-2024-57727—in remote monitoring and management (RMM)  tool SimpleHelp [T1190] to conduct remote code execution [T1059.001] at many U.S.-based entities  following the vulnerabilities’ disclosure on 16 January 2025. End Update  Discovery and Defense Evasion  Play ransomware actors use tools like AdFind to run Active Directory queries [TA0007] and Grixba,1 an  information-stealer, to enumerate network information [T1016] and scan for anti-virus software  [T1518.001]. Actors also use tools like GMER, IOBit, and PowerTool to disable anti-virus software  [T1562.001] and remove log files [T1070.001]. In some instances, cybersecurity researchers have  observed Play ransomware actors using PowerShell scripts to target Microsoft Defender.2  Lateral Movement and Execution  Play ransomware actors use command and control (C2) applications, including Cobalt Strike and  SystemBC, and tools like PsExec to assist with lateral movement and file execution. Once established on a  network, the ransomware actors search for unsecured credentials [T1552] and use the Mimikatz  credential dumper to gain domain administrator access [T1003]. According to open source reporting,3 to  further enumerate vulnerabilities, Play ransomware actors use Windows Privilege Escalation Awesome  Scripts (WinPEAS) [T1059] to search for additional privilege escalation paths. Exfiltration and Encryption  Update June 4, 2025:  The Play ransomware binary is recompiled for every attack, resulting in unique hashes for each  deployment, complicating anti-malware and anti-virus program detection of the ransomware [T1027]. End Update  Play ransomware actors often split compromised data into segments and use tools like WinRAR to  compress files [T1560.001] into .RAR format for exfiltration. Within the Windows environment, tools and a ransom  note titled ReadMe[.]txt are placed in C:/Users/Public/Music/. Impact  Update June 4, 2025:  The Play ransomware group uses a double extortion model [T1657], encrypting systems after exfiltrating  data. Ransom payments are paid in cryptocurrency to wallet addresses provided by  Play actors. If a victim refuses to pay the ransom demand, the ransomware actors threaten to publish  exfiltrated data to their leak site on the Tor network ([.]onion URL). Play ransomware targets regularly receive phone calls from threat actors encouraging payment and  threatening the release of company information. ESXi Variant   The ESXi variant of Play ransomware invokes shell commands specific to the ESXi environment to conduct  tasks, including powering off all running Virtual Machines (VMs), listing machines names, and setting the  welcome message of the ESXi interface to the campaign-specific ransom note. The ransomware binary employs AES-256 as its encryption algorithm. The binary creates a copy of  the ransom note titled PLAY_Readme.txt in the root directory and in the path /vmfs/volumes/, as well  as the welcome message of the ESXi interface. Like the Windows variant of Play ransomware, the ESXi variant must be recompiled for each campaign. Leveraged Tools  Table 1 lists legitimate tools Play ransomware actors have repurposed for their operations. Tools Leveraged by Play Ransomware Actors  Name  Description  AdFind  Used to query and retrieve information from Active Directory. IOBit  An anti-malware and anti-virus program for the Microsoft Windows operating system. Play ransomware actors have used it to assist with lateral movement and file  execution. Play  ransomware actors have used it to add accounts to domain controllers. Play ransomware  actors have used it to transfer data [T1048] from a compromised network to actor-controlled  accounts. Microsoft  Nltest  Used by Play ransomware actors for network discovery. Nekto /  PriviCMD  Used by Play ransomware actors for privilege escalation. Update June 4, 2025:  Indicators of Compromise  See Table 2 for Play ransomware IOCs obtained from FBI investigations as of January 2025. Play ATT&CK Techniques for Enterprise for Initial Access  Technique Title  ID  Use  Valid Accounts  T1078 Play ransomware actors obtain and abuse existing account credentials to  gain initial access. Exploit Public Facing  Application  T1190 Play ransomware actors exploit vulnerabilities in internet-facing systems  to gain access to networks. External Remote  Services  T1133 Play ransomware actors have used remote access services, such as  RDP/VPN connection to gain initial access. Update June 4, 2025:  Command and  Scripting Interpreter:  PowerShell  T1059.001 Play ransomware actors leveraged PowerShell commands to achieve  RCE with a newly disclosed vulnerability. Play ATT&CK Techniques for Enterprise for Discovery  Technique Title  ID  Use  System Network  Configuration Discovery  T1016  Play ransomware actors use tools like GRIXBA to identify  network configurations and settings. Software Discovery: Security  Software Discovery  T1518.001  Play ransomware actors scan for antivirus software. Play ATT&CK Techniques for Enterprise for Defense Evasion  Technique Title  ID  Use  Impair Defenses: Disable or  Modify Tools  T1562.001  Play ransomware actors use tools like GMER, IOBit, and  PowerTool to disable antivirus software. Indicator Removal: Clear  Windows Event Logs  T1070.001  Play ransomware actors delete logs or other indicators of  compromise to hide intrusion activity. Play ATT&CK Techniques for Enterprise for Credential Access  Technique Title  ID  Use  Unsecured Credentials  T1552  Play ransomware actors attempt to identify and exploit credentials  stored insecurely on a compromised network. OS Credential Dumping  T1003  Play ransomware actors use tools like Mimikatz to dump credentials. Play ATT&CK Techniques for Enterprise for Lateral Movement  Technique Title  ID  Use  Lateral Tool Transfer  T1570  Play ransomware actors distribute executables within the  compromised environment. Play ATT&CK Techniques for Enterprise for Command and Control  Technique Title  ID  Use  Domain Policy Modification:  Group Policy Modification  T1484.001  Play ransomware actors distribute executables via Group Policy  Objects. Play ATT&CK Techniques for Enterprise for Collection  Technique Title  ID  Use  Archive Collected Data:  Archive via Utility  T1560.001  Play ransomware actors use tools like WinRAR to compress files. Play ATT&CK Techniques for Enterprise for Exfiltration  Technique Title  ID  Use  Exfiltration Over  Alternative Protocol  T1048  Play ransomware actors use file transfer tools like WinSCP to  transfer data. Play ATT&CK Techniques for Enterprise for Impact  Technique Title  ID  Use  Data Encrypted for Impact  T1486  Play ransomware actors encrypt data on target systems to  interrupt availability to system and network resources. Financial Theft   T1657  Play ransomware actors use a double-extortion model for  financial gain. FBI, CISA, and  ASD’s ACSC recommend that software manufacturers incorporate secure by design and default principles  and tactics into their software development practices to limit the impact of ransomware techniques (such  as threat actors leveraging backdoor vulnerabilities into remote software systems), thus, strengthening the  security posture for their customers. If unable to  patch, then disable Outlook Web Access (OWA) until updates are able to be undertaken.6   ▪  Segment networks [CPG 2.F] to prevent the spread of ransomware. Network segmentation can help  prevent the spread of ransomware by controlling traffic flows between—and access to—various  subnetworks and by restricting adversary lateral movement.7  ▪  Identify, detect, and investigate abnormal activity and potential traversal of the indicated  ransomware with a networking monitoring tool. To aid in detecting the ransomware, implement a  tool that logs and reports all network traffic, including lateral movement activity on a network [CPG  1.E]. ▪  Resource to mitigate a ransomware attack: #StopRansomware Guide. ▪  No-cost cyber hygiene services: Cyber Hygiene Services and Ransomware Readiness Assessment. Reporting  FBI, CISA, and ASD’s ACSC do not encourage paying a ransom as payment does not guarantee victim files  will be recovered. Furthermore, payment may also embolden adversaries to target additional organizations,  encourage other criminal actors to engage in the distribution of ransomware, and/or fund illicit activities. Any reference to specific commercial entities, products, processes, or services  by service mark, trademark, manufacturer, or otherwise, does not constitute or imply endorsement,  recommendation, or favoring by CISA or FBI."
Infrastructure Used to Manage Domains Related to Cryptocurrency Investment Fraud Scams between October 2023 and April 2025,2025-05-29,2,"{""Investment"": 6, ""Cryptocurrency"": 2}","{""Phishing/Spoofing"": {}, ""Extortion"": {}, ""Personal Data Breach"": {}, ""Non-Payment/Non-Delivery"": {}, ""Investment"": {""investment"": 4, ""invested"": 1, ""investors"": 1}, ""Tech Support"": {}, ""Business Email Compromise"": {}, ""Identity Theft"": {}, ""Employment"": {}, ""Confidence/Romance"": {}, ""Government Impersonation"": {}, ""Credit Card/Check Fraud"": {}, ""Harassment/Stalking"": {}, ""Real Estate"": {}, ""Advanced Fee"": {}, ""Crimes Against Children"": {}, ""Lottery/Sweepstakes/Inheritance"": {}, ""Data Breach"": {}, ""Ransomware"": {}, ""Overpayment"": {}, ""IPR*/Copyright&Counterfeit"": {}, ""Threats of Violence"": {}, ""SIM Swap"": {}, ""Botnet"": {}, ""Malware"": {}, ""Cryptocurrency"": {""cryptocurrency"": 2}}","TLP:CLEAR  TLP:CLEAR  29 May 2025  20250529-001  Infrastructure Used to Manage Domains Related to  Cryptocurrency Investment Fraud Scams between  October 2023 and April 2025    Summary  The Federal Bureau of Investigation (FBI) is releasing this FLASH to disseminate indicators of  compromise (IOCs) associated with malicious cyber activities linked to Funnull Technology Inc. Funnull is a Philippines-based company which provides computer infrastructure for  thousands of websites associated with cryptocurrency investment fraud (CIF) scams, commonly  referred to as “pig butchering,” and other illicit activities. The perpetrators direct their victims to deposit money into what  appear to be legitimate investment platforms, such as websites or applications. Ultimately,  money sent to these platforms is not invested, and instead goes directly to the scammers. Potential investors should be aware that there is increased scam risk for investment  companies who are not members of self-regulatory organizations such as the National Futures  Association (NFA) or Financial Industry Regulatory Authority (FINRA)."
Silent Ransom Group Targeting Law Firms,2025-05-23,2,"{""Phishing/Spoofing"": 5, ""Ransomware"": 5, ""Threats of Violence"": 2, ""Extortion"": 1, ""Cryptocurrency"": 1, ""IPR*/Copyright&Counterfeit"": 1}","{""Phishing/Spoofing"": {""phishing"": 5}, ""Extortion"": {""extort"": 1}, ""Personal Data Breach"": {}, ""Non-Payment/Non-Delivery"": {}, ""Investment"": {}, ""Tech Support"": {}, ""Business Email Compromise"": {}, ""Identity Theft"": {}, ""Employment"": {}, ""Confidence/Romance"": {}, ""Government Impersonation"": {}, ""Credit Card/Check Fraud"": {}, ""Harassment/Stalking"": {}, ""Real Estate"": {}, ""Advanced Fee"": {}, ""Crimes Against Children"": {}, ""Lottery/Sweepstakes/Inheritance"": {}, ""Data Breach"": {}, ""Ransomware"": {""ransom"": 5}, ""Overpayment"": {}, ""IPR*/Copyright&Counterfeit"": {""trademark"": 1}, ""Threats of Violence"": {""threatening"": 2}, ""SIM Swap"": {}, ""Botnet"": {}, ""Malware"": {}, ""Cryptocurrency"": {""cryptocurrency"": 1}}","SRG has been operating since 2022 and has primarily been known for their callback phishing  emails, masquerading as well-known businesses who offer subscription plans. Typically, SRG  phishing emails purport to charge small amounts of “subscription fees” as they are less likely to  generate immediate suspicion. Once the actor has established persistent access, the  threat actors will seek to identify valuable information to exfiltrate, before sending a ransom  notice to the victim threatening to share the victim’s data if a ransom is not paid. Similar to their phishing emails posing as a company with a subscription, once SRG exfiltrates  data, they extort the victim by sending them a ransom email threatening to sell or post the data  online. SRG will also call employees at a victim company to pressure them into engaging in  ransom negotiations. For SRG threat actors:  • Verify the credentials of all individuals accessing firm spaces  • Conduct staff training on resisting phishing attempts  • Develop and communicate policies surrounding when and how company’s IT will  authenticate themselves with employees  • Maintain regular backups of company data  • Implement two-factor authentication for all employees       Information Requested  The FBI is seeking any information from SRG victims that can be legally shared, including:  • Ransom Note copy  • Phone number used by Threat Actor  • Communications with Threat Actor to include voicemails  • Cryptocurrency wallet information  • Special sensitivities of stolen data  • Original call back message or phishing email    Your organization has no obligation to respond or provide information back to FBI in response  to this product. Any reference to specific commercial  entities, products, processes, or services by service mark, trademark, manufacturer, or  otherwise, does not constitute or imply endorsement, recommendation, or favoring by the FBI."
AI Data Security,2025-05-22,2,"{""Data Breach"": 1, ""Malware"": 2, ""IPR*/Copyright&Counterfeit"": 1}","{""Phishing/Spoofing"": {}, ""Extortion"": {}, ""Personal Data Breach"": {}, ""Non-Payment/Non-Delivery"": {}, ""Investment"": {}, ""Tech Support"": {}, ""Business Email Compromise"": {}, ""Identity Theft"": {}, ""Employment"": {}, ""Confidence/Romance"": {}, ""Government Impersonation"": {}, ""Credit Card/Check Fraud"": {}, ""Harassment/Stalking"": {}, ""Real Estate"": {}, ""Advanced Fee"": {}, ""Crimes Against Children"": {}, ""Lottery/Sweepstakes/Inheritance"": {}, ""Data Breach"": {""data leaks"": 1}, ""Ransomware"": {}, ""Overpayment"": {}, ""IPR*/Copyright&Counterfeit"": {""trademark"": 1}, ""Threats of Violence"": {}, ""SIM Swap"": {}, ""Botnet"": {}, ""Malware"": {""malware"": 1, ""virus"": 1}, ""Cryptocurrency"": {}}","Neglecting these practices can lead to data corruption,  compromised models, data leaks, and non-compliance, emphasizing the critical  importance of robust data security at every phase. There are many potential causes of data drift, including:    A change in the upstream data pipeline not represented in the model training  data (e.g., the units of a particular data element change from miles to kilometers)   The introduction of completely new data elements that the model had not  previously seen (e.g., a new type of malware not recognized in the ML layer of an  anti-virus product)   A change in the context of how inputs and outputs are related (e.g., a change in  organizational structure due to a merger or acquisition could lead to new data  access patterns that might be misinterpreted as security threats by an AI system)  The data associated with a given AI model should be regularly checked for any updates  to help ensure the model still predicts as expected. Reference herein to any specific commercial products, process, or service by trade name, trademark,  manufacturer, or otherwise, does not constitute or imply its endorsement, recommendation, or favoring by the United  States Government, and this guidance shall not be used for advertising or product endorsement purposes."
Threat Actors Deploy LummaC2 Malware to Exfiltrate Sensitive Data from Organizations,2025-05-21,2,"{""Malware"": 35, ""Threats of Violence"": 1, ""Phishing/Spoofing"": 16, ""Cryptocurrency"": 3, ""IPR*/Copyright&Counterfeit"": 1}","{""Phishing/Spoofing"": {""spearphishing"": 5, ""spoofed"": 2, ""phishing"": 9}, ""Extortion"": {}, ""Personal Data Breach"": {}, ""Non-Payment/Non-Delivery"": {}, ""Investment"": {}, ""Tech Support"": {}, ""Business Email Compromise"": {}, ""Identity Theft"": {}, ""Employment"": {}, ""Confidence/Romance"": {}, ""Government Impersonation"": {}, ""Credit Card/Check Fraud"": {}, ""Harassment/Stalking"": {}, ""Real Estate"": {}, ""Advanced Fee"": {}, ""Crimes Against Children"": {}, ""Lottery/Sweepstakes/Inheritance"": {}, ""Data Breach"": {}, ""Ransomware"": {}, ""Overpayment"": {}, ""IPR*/Copyright&Counterfeit"": {""trademark"": 1}, ""Threats of Violence"": {""threatening"": 1}, ""SIM Swap"": {}, ""Botnet"": {}, ""Malware"": {""malware"": 35}, ""Cryptocurrency"": {""cryptocurrency"": 3}}","TLP:CLEAR  TLP:CLEAR  Co-Authored by:   Product ID: AA25-141B      Threat Actors Deploy LummaC2 Malware to  Exfiltrate Sensitive Data from Organizations  Summary  The Federal Bureau of Investigation (FBI) and the Cybersecurity and Infrastructure Security Agency (CISA)  are releasing this joint advisory to disseminate known tactics, techniques, and procedures (TTPs) and  indicators of compromise (IOCs) associated with threat actors deploying the LummaC2 information stealer  (infostealer) malware. LummaC2 malware is able to infiltrate victim computer networks and exfiltrate  sensitive information, threatening vulnerable individuals’ and organizations’ computer networks across  multiple U.S. The IOCs included in this advisory were  associated with LummaC2 malware infections from November 2023 through May 2025. The FBI and CISA encourage organizations to implement the recommendations in the Mitigations section of  this advisory to reduce the likelihood and impact of LummaC2 malware. Threat actors frequently use spearphishing hyperlinks and attachments to deploy LummaC2  malware payloads [T1566.001, T1566.002]. To obfuscate their operations, threat actors have embedded and distributed LummaC2 malware within  spoofed or fake popular software (i.e., multimedia player or utility software) [T1036]. The malware’s  obfuscation methods allow LummaC2 actors to bypass standard cybersecurity measures, such as Endpoint  Detection and Response (EDR) solutions or antivirus programs, designed to flag common phishing  attempts or drive-by downloads [T1027]. Once a victim’s computer system is infected, the malware can exfiltrate sensitive user information,  including personally identifiable information, financial credentials, cryptocurrency wallets, browser  extensions, and multifactor authentication (MFA) details without immediate detection [TA0010, T1119]. Message Box  If the user selects No, the malware will exit. If the user selects Yes, the malware will move on to its next  routine, which decrypts its callback Command and Control (C2) domains [T1140]. Code Saving Successful Callback Request  Once a valid C2 domain is contacted and saved, the malware moves on to the next routine, which queries  the user’s name and computer name utilizing the Application Programming Interfaces (APIs)  GetUserNameW and GetComputerNameW respectively [T1012]. This is most  likely a failsafe to prevent the malware from running on the attacker’s system, as its algorithms are one- way only and will not reveal information on the details of the attacker’s own hostname and username. If the username and hostname check function returns zero (does not match the hard-coded values), the  malware will enter its main callback routine. The LummaC2 malware will contact the saved hostname from  the previous check and send the following POST request (see Figure 6). Once decoded, the C2 data is in a JSON format and is  parsed by the LummaC2 malware. Take Screenshot  If the configuration JSON file has a key of “se” and its value is “true,” the malware will take a screenshot  in BMP format and upload it to the C2 server. Delete Self  If the configuration JSON file has a key of “ad” and its value is “true,” the malware will enter a routine to  delete itself. Decoded Command Line in Memory  Host Modifications  Without any C2 interactions, the LummaC2 malware does not create any files on the infected drive. LummaC2 DLL Binaries  DLL Binaries  Type  iphlpapi.dll  IP Helper API  winhttp.dll  Windows HTTP Services  The following are domains observed deploying LummaC2 malware. Initial Access  Technique Title  ID  Use  Phishing  T1566  Threat actors delivered LummaC2 malware through phishing emails. Phishing:  Spearphishing  Attachment  T1566.001  Threat actors used spearphishing attachments to deploy LummaC2  malware payloads. Phishing:  Spearphishing Link  T1566.002  Threat actors used spearphishing hyperlinks to deploy LummaC2  malware payloads. Defense Evasion  Technique Title  ID  Use  Obfuscated Files or  Information  T1027  Threat actors obfuscated the malware to bypass standard  cybersecurity measures designed to flag common phishing attempts  or drive-by downloads. Masquerading  T1036  Threat actors delivered LummaC2 malware via spoofed software. Deobfuscate/Decode  Files or Information  T1140  Threat actors used LummaC2 malware to decrypt its callback C2  domains. Discovery  Technique Title  ID  Use  Query Registry  T1012  Threat actors used LummaC2 malware to query the user’s name and  computer name utilizing the APIs GetUserNameW and  GetComputerNameW. Browser Information  Discovery  T1217  Threat actors used LummaC2 malware to steal browser data. Collection  Technique Title  ID  Use  Automated Collection  T1119  LummaC2 malware has automated collection of various  information including cryptocurrency wallet details. Command and Control  Technique Title  ID  Use  Application Layer  Protocol: Web Protocols  T1071.001  Threat actors used LummaC2 malware to attempt POST requests. Ingress Tool Transfer  T1105  Threat actors used LummaC2 malware to transfer a remote file to  compromised systems. Exfiltration  Technique Title  ID  Use  Exfiltration  TA0010  Threat actors used LummaC2 malware to exfiltrate sensitive user  information, including traditional credentials, cryptocurrency wallets,  browser extensions, and MFA details without immediate detection. Native API  T1106  Threat actors used LummaC2 malware to download files with native  OS APIs. Mitigations  The FBI and CISA recommend organizations implement the mitigations below to reduce the risk of  compromise by LummaC2 malware.   Protect against threat actor phishing campaigns by implementing CISA’s Phishing Guidance and  Phishing-resistant multifactor authentication. [CPG 2.H]    Log Collection: Regularly monitoring and reviewing registry changes and access logs can support  detection of LummaC2 malware [CPG 2.T]. Any reference to specific commercial entities, products, processes, or  services by service mark, trademark, manufacturer, or otherwise, does not constitute or imply  endorsement, recommendation, or favor by the FBI and CISA."
Russian GRU Targeting Western Logistics Entities and Technology Companies,2025-05-21,2,"{""Phishing/Spoofing"": 27, ""Malware"": 12, ""Credit Card/Check Fraud"": 4, ""Botnet"": 2, ""IPR*/Copyright&Counterfeit"": 1}","{""Phishing/Spoofing"": {""spearphishing"": 16, ""phishing"": 11}, ""Extortion"": {}, ""Personal Data Breach"": {}, ""Non-Payment/Non-Delivery"": {}, ""Investment"": {}, ""Tech Support"": {}, ""Business Email Compromise"": {}, ""Identity Theft"": {}, ""Employment"": {}, ""Confidence/Romance"": {}, ""Government Impersonation"": {}, ""Credit Card/Check Fraud"": {""ach"": 4}, ""Harassment/Stalking"": {}, ""Real Estate"": {}, ""Advanced Fee"": {}, ""Crimes Against Children"": {}, ""Lottery/Sweepstakes/Inheritance"": {}, ""Data Breach"": {}, ""Ransomware"": {}, ""Overpayment"": {}, ""IPR*/Copyright&Counterfeit"": {""trademark"": 1}, ""Threats of Violence"": {}, ""SIM Swap"": {}, ""Botnet"": {""denial of service"": 1, ""botnet"": 1}, ""Malware"": {""malware"": 12}, ""Cryptocurrency"": {}}","1.0  TLP:CLEAR  Russian GRU Targeting Western Logistics Entities and Technology Companies  3  Introduction  For over two years, the Russian GRU 85th GTsSS, military unit 26165—commonly  known in the cybersecurity community as APT28, Fancy Bear, Forest Blizzard,  BlueDelta, and a variety of other identifiers—has conducted this campaign using a mix  of known tactics, techniques, and procedures (TTPs), including reconstituted password  spraying capabilities, spearphishing, and modification of Microsoft Exchange mailbox  permissions. Spearphishing  GRU unit 26165 actors’ spearphishing emails included links [T1566.002] leading to fake  login pages impersonating a variety of government entities and Western cloud email  providers’ webpages. The subjects of spearphishing  emails were diverse and ranged from professional topics to adult themes. Phishing  emails were frequently sent via compromised accounts or free webmail accounts  [T1586.002, T1586.003]. 1.0  TLP:CLEAR  Russian GRU Targeting Western Logistics Entities and Technology Companies  6    Dynu     Mocky    Pipedream    Mockbin[.]org  The actors also used spearphishing to deliver malware (including HEADLACE and  MASEPIE) executables [T1204.002] delivered via third-party services and redirectors  [T1566.002], scripts in a mix of languages [T1059] (including BAT [T1059.003] and  VBScript [T1059.005]) and links to hosted shortcuts [T1204.001]. In at least one instance, the actors attempted to use voice phishing [T1566.004] to gain  access to privileged accounts by impersonating IT staff. Malware  Unit 26165’s use of malware in this campaign ranged from gaining initial access to  establishing persistence and exfiltrating data. In some cases, the attack chain resulted  in multiple pieces of malware being deployed in succession. The actors used dynamic  link library (DLL) search order hijacking [T1574.001] to facilitate malware execution. There were a number of known malware variants tied to this campaign against logistics  sector victims, including:    HEADLACE [7]    MASEPIE [8]  While other malware variants, such as OCEANMAP and STEELHOOK, [8] were not  directly observed targeting logistics or IT entities, their deployment against victims in  other sectors in Ukraine and other Western countries suggest that they could be  deployed against logistics and IT entities should the need arise. Exfiltration  GRU unit 26165 actors used a variety of methods for data exfiltration that varied based  on the victim environment, including both malware and living off the land binaries.  Disable Windows Host Scripting functionality and configure PowerShell to  run in Constrained mode [D3-ACH]. Significant reductions in successful spearphishing attempts were noted when  email providers began offering link checking and automatic file detonation to block  malicious content.  *.000[.]pe   *.1cooldns[.]com   *.42web[.]io   *.4cloud[.]click   *.accesscan[.]org   *.bumbleshrimp[.]com   *.camdvr[.]org   *.casacam[.]net   *.ddnsfree[.]com   *.ddnsgeek[.]com   *.ddnsguru[.]com   *.dynuddns[.]com   *.dynuddns[.]net   *.free[.]nf   *.freeddns[.]org   *.frge[.]io   *.glize[.]com   *.great-site[.]net   *.infinityfreeapp[.]com   *.kesug[.]com   *.loseyourip[.]com   *.lovestoblog[.]com   *.mockbin[.]io   *.mockbin[.]org   *.mocky[.]io     *.mybiolink[.]io   *.mysynology[.]net   *.mywire[.]org   *.ngrok[.]io   *.ooguy[.]com   *.pipedream[.]net   *.rf[.]gd   *.urlbae[.]com   *.webhook[.]site   *.webhookapp[.]com   *.webredirect[.]org   *.wuaze[.]com    Heuristic detections for web requests to new subdomains, including of the above  providers, may uncover malicious phishing activity [D3-DNRA].  Account lockout can provide a malicious actor with an easy way to launch  a Denial of Service (DoS).   Change all default credentials [D3-CRO] and disable protocols that use weak  authentication (e.g., clear-text passwords or outdated and vulnerable authentication  or encryption protocols) or do not support multi-factor authentication [D3-ACH] [D3- ET].   Turn off other ports/services not in use (e.g., FTP, web interface, etc.) [D3-ACH]. Israel-Hamas Conflict Lures to Deliver Headlace Malware. Justice Department Conducts Court-Authorized Disruption of Botnet  Controlled by the Russian Federation’s Main Intelligence Directorate of the General Staff (GRU). Reference herein to any specific commercial products, process, or service by trade name, trademark,  manufacturer, or otherwise, does not constitute or imply its endorsement, recommendation, or favoring by the United  States Government, and this guidance shall not be used for advertising or product endorsement purposes. Table 3: Resource development  Tactic/Technique Title  ID  Use  Compromise Accounts: Email  Accounts  T1586.002 Sent phishing emails using compromised accounts. Compromise Accounts: Cloud  Accounts  T1586.003 Sent phishing emails using compromised accounts. Phishing  T1566  Used spearphishing for credentials and delivering  malware to gain initial access to targeted entities. Phishing: Spearphishing  Attachment  T1566.001 Sent emails with malicious attachments. Phishing: Spearphishing Link  T1566.002  Used spearphishing with included links to fake login  pages. Phishing: Spearphishing Voice  T1566.004 Attempted to use voice phishing to gain access to  privileged accounts by impersonating IT staff. Table 5: Execution  Tactic/Technique Title  ID  Use  User Execution: Malicious Link  T1204.001  Used malicious links to hosted shortcuts in  spearphishing. User Execution: Malicious File  T1204.002  Delivered malware executables via spearphishing. Command and Scripting  Interpreter  T1059  Delivered scripts in spearphishing. Command and Scripting  Interpreter: Windows  Command Shell  T1059.003  Used BAT script in spearphishing. Command and Scripting  Interpreter: Visual Basic  T1059.005  Used VBScript in spearphishing. Hijack Execution Flow: DLL  Search Order Hijacking  T1574.001  Used DLL search order hijacking to facilitate malware  execution. Application Configuration  Hardening  D3-ACH  Disable Windows Host Scripting functionality and  configure PowerShell to run in Constrained mode. Domain Name Reputation  Analysis  D3-DNRA  Heuristic detections for web requests to new subdomains  may uncover malicious phishing activity."
Cyber Criminal Services Target End-of-Life Routers to Launch Attacks and Hide Their Activities,2025-05-07,2,{},"{""Phishing/Spoofing"": {}, ""Extortion"": {}, ""Personal Data Breach"": {}, ""Non-Payment/Non-Delivery"": {}, ""Investment"": {}, ""Tech Support"": {}, ""Business Email Compromise"": {}, ""Identity Theft"": {}, ""Employment"": {}, ""Confidence/Romance"": {}, ""Government Impersonation"": {}, ""Credit Card/Check Fraud"": {}, ""Harassment/Stalking"": {}, ""Real Estate"": {}, ""Advanced Fee"": {}, ""Crimes Against Children"": {}, ""Lottery/Sweepstakes/Inheritance"": {}, ""Data Breach"": {}, ""Ransomware"": {}, ""Overpayment"": {}, ""IPR*/Copyright&Counterfeit"": {}, ""Threats of Violence"": {}, ""SIM Swap"": {}, ""Botnet"": {}, ""Malware"": {}, ""Cryptocurrency"": {}}",
Primary Mitigations to Reduce Cyber Threats to Operational Technology,2025-05-06,2,"{""Phishing/Spoofing"": 3, ""IPR*/Copyright&Counterfeit"": 1}","{""Phishing/Spoofing"": {""phishing"": 3}, ""Extortion"": {}, ""Personal Data Breach"": {}, ""Non-Payment/Non-Delivery"": {}, ""Investment"": {}, ""Tech Support"": {}, ""Business Email Compromise"": {}, ""Identity Theft"": {}, ""Employment"": {}, ""Confidence/Romance"": {}, ""Government Impersonation"": {}, ""Credit Card/Check Fraud"": {}, ""Harassment/Stalking"": {}, ""Real Estate"": {}, ""Advanced Fee"": {}, ""Crimes Against Children"": {}, ""Lottery/Sweepstakes/Inheritance"": {}, ""Data Breach"": {}, ""Ransomware"": {}, ""Overpayment"": {}, ""IPR*/Copyright&Counterfeit"": {""trademark"": 1}, ""Threats of Violence"": {}, ""SIM Swap"": {}, ""Botnet"": {}, ""Malware"": {}, ""Cryptocurrency"": {}}","If remote access is essential, upgrade to a private IP network  connection to remove these OT assets from the public internet and use virtual private network (VPN)  functionality with a strong password and phishing-resistant multifactor authentication (MFA) for user  remote access. For more information on phishing-resistant MFA, see CISA’s Implementing Phishing-Resistant MFA  fact sheet. Any reference to specific commercial entities, products,  processes, or services by service mark, trademark, manufacturer, or otherwise, does not constitute or imply  endorsement, recommendation, or favor by the authoring organizations."
Phishing Domains Associated with LabHost PhaaS Platform Users,2025-04-29,2,"{""Phishing/Spoofing"": 10, ""Credit Card/Check Fraud"": 2}","{""Phishing/Spoofing"": {""phishing"": 8, ""smishing"": 1, ""spoofed"": 1}, ""Extortion"": {}, ""Personal Data Breach"": {}, ""Non-Payment/Non-Delivery"": {}, ""Investment"": {}, ""Tech Support"": {}, ""Business Email Compromise"": {}, ""Identity Theft"": {}, ""Employment"": {}, ""Confidence/Romance"": {}, ""Government Impersonation"": {}, ""Credit Card/Check Fraud"": {""credit cards"": 1, ""credit card"": 1}, ""Harassment/Stalking"": {}, ""Real Estate"": {}, ""Advanced Fee"": {}, ""Crimes Against Children"": {}, ""Lottery/Sweepstakes/Inheritance"": {}, ""Data Breach"": {}, ""Ransomware"": {}, ""Overpayment"": {}, ""IPR*/Copyright&Counterfeit"": {}, ""Threats of Violence"": {}, ""SIM Swap"": {}, ""Botnet"": {}, ""Malware"": {}, ""Cryptocurrency"": {}}","TLP:CLEAR  TLP:CLEAR  29 APR 2025  FLASH-20250429-001  Phishing Domains Associated with LabHost PhaaS  Platform Users    Summary  The Federal Bureau of Investigation (FBI) is releasing this FLASH to disseminate 42,000 phishing  domains linked to the LabHost phishing-as-a-service (PhaaS) platform between November 2021  and April 2024. Technical Details       TLP:CLEAR  TLP:CLEAR  Overview  LabHost provided numerous phishing services to their customers including, but not limited to:  infrastructure configuration/support, customized phishing pages, adversary-in-the-middle  proxy connections to obtain two-factor authentication (2FA) codes, smishing services, and  stolen credential management. LabHost’s infrastructure stored over one million user credentials and nearly 500,000  compromised credit cards, enabling financial theft, various fraud schemes, and money  laundering by its users. LabHost offered a variety of phishing pages and, for an additional cost, creation of bespoke  pages. Once a victim clicked a phishing page link and entered their details, LabHost servers  received the captured information and delivered it to the LabHost customer. LabHost collected  personally identifiable information (PII), credentials, and credit card information. LabHost phishing domains were configured to impersonate over 200 trusted sites, including  spoofed pages for banks, online streaming platforms, government agencies, postal services, and  more."
"BADBAZAAR and MOONSHINE: Spyware Targeting Uyghur, Taiwanese, and Tibetan Groups and Civil Society Actors",2025-04-09,2,"{""Malware"": 14, ""Harassment/Stalking"": 1, ""Ransomware"": 1, ""Phishing/Spoofing"": 1}","{""Phishing/Spoofing"": {""spoof"": 1}, ""Extortion"": {}, ""Personal Data Breach"": {}, ""Non-Payment/Non-Delivery"": {}, ""Investment"": {}, ""Tech Support"": {}, ""Business Email Compromise"": {}, ""Identity Theft"": {}, ""Employment"": {}, ""Confidence/Romance"": {}, ""Government Impersonation"": {}, ""Credit Card/Check Fraud"": {}, ""Harassment/Stalking"": {""harassment"": 1}, ""Real Estate"": {}, ""Advanced Fee"": {}, ""Crimes Against Children"": {}, ""Lottery/Sweepstakes/Inheritance"": {}, ""Data Breach"": {}, ""Ransomware"": {""ransomware"": 1}, ""Overpayment"": {}, ""IPR*/Copyright&Counterfeit"": {}, ""Threats of Violence"": {}, ""SIM Swap"": {}, ""Botnet"": {}, ""Malware"": {""malware"": 8, ""viruses"": 3, ""virus"": 2, ""trojans"": 1}, ""Cryptocurrency"": {}}","Case study two: BADBAZAAR  BADBAZAAR is a mobile malware with iOS and Android variants that has targeted  Uyghurs, Tibetans and Taiwanese individuals. This malware has been spread via  social media platforms and official app stores. To  spread the malware further, the actors also advertised the app in a Telegram                 ‘tibetanphone’. Citizens from the co-sealing nations, in  China and abroad, who are perceived to be supporting causes that threaten  regime stability, are almost certainly under threat from mobile malware such as  BADBAZAAR and MOONSHINE. The capability to capture location, audio and photo  data almost certainly provides the opportunity to inform future surveillance and  harassment operations by providing real-                              ’s activity. Google’s Play Store and Apple’s App Store  scan software for viruses before making it available, giving you more   ss                    ’                s safe. See NCSC guidance about staying secure online, to  protect against known viruses and other kinds of malware. Where you can, restrict app permissions to minimise data  exposure, as malware is often designed to access protected files or  peripherals, such as cameras and microphones. This will scan the app for  malware detection helping protect users. You can check if a  link from an email, text message or elsewhere is safe by scanning it first  using services such as G     ’s S    B   s    tool or Virus Total. You can  also upload suspicious files and apps to a malware analyser, such as  Virus Total which can help detect if a file is malicious. Includes viruses, ransomware  and trojans. This is likely to be  a deliberate actor technique to 'spoof' well-known brands."
Fast Flux: A National Security Threat,2025-04-03,2,"{""Malware"": 3, ""Botnet"": 4, ""Ransomware"": 4, ""Phishing/Spoofing"": 11, ""Personal Data Breach"": 1, ""Credit Card/Check Fraud"": 1, ""Extortion"": 1, ""IPR*/Copyright&Counterfeit"": 1}","{""Phishing/Spoofing"": {""phishing"": 11}, ""Extortion"": {""extortion"": 1}, ""Personal Data Breach"": {""personal data"": 1}, ""Non-Payment/Non-Delivery"": {}, ""Investment"": {}, ""Tech Support"": {}, ""Business Email Compromise"": {}, ""Identity Theft"": {}, ""Employment"": {}, ""Confidence/Romance"": {}, ""Government Impersonation"": {}, ""Credit Card/Check Fraud"": {""credit card"": 1}, ""Harassment/Stalking"": {}, ""Real Estate"": {}, ""Advanced Fee"": {}, ""Crimes Against Children"": {}, ""Lottery/Sweepstakes/Inheritance"": {}, ""Data Breach"": {}, ""Ransomware"": {""ransomware"": 3, ""block access"": 1}, ""Overpayment"": {}, ""IPR*/Copyright&Counterfeit"": {""trademark"": 1}, ""Threats of Violence"": {}, ""SIM Swap"": {}, ""Botnet"": {""botnet"": 3, ""botnets"": 1}, ""Malware"": {""malware"": 2, ""viruses"": 1}, ""Cryptocurrency"": {}}","1.0  TLP:CLEAR  Fast Flux: A National Security Threat  2  Technical details  When malicious cyber actors compromise devices and networks, the malware they use  needs to “call home” to send status updates and receive further instructions. Figure 2: Double flux technique  Both techniques leverage a large number of compromised hosts, usually as a botnet  from across the Internet that acts as proxies or relay points, making it difficult for  network defenders to identify the malicious traffic and block or perform legal  enforcement takedowns of the malicious infrastructure. [2]    Fast flux has been used in Hive and Nefilim ransomware attacks. As a fast flux network rapidly rotates through botnet  devices, it is difficult for law enforcement or abuse notifications to process the  changes quickly and disrupt their services. This is because malicious cyber actors’ C2  botnets are constantly changing the associated IP addresses throughout the  investigation. Additional malicious uses  Fast flux is not only used for maintaining C2 communications, it also can play a  significant role in phishing campaigns to make social engineering websites harder to  block or take down. Phishing is often the first step in a larger and more complex cyber  compromise. Phishing is typically used to trick victims into revealing sensitive  information (such as login passwords, credit card numbers, and personal data), but can  also be used to distribute malware or exploit system vulnerabilities. Figure 3: Example dark web fast flux advertisement  The BPH provider further explained that numerous malicious activities beyond C2,  including botnet managers, fake shops, credential stealers, viruses, spam mailers, and  others, could use fast flux to avoid identification and blocking. Monitor for signs of phishing activities, such as suspicious emails, websites, or  links, and correlate these with fast flux activity. Fast flux may be used to rapidly  spread phishing campaigns and to keep phishing websites online despite  blocking attempts. DNS and IP blocking and sinkholing of malicious fast flux domains and IP  addresses   Block access to domains identified as using fast flux through non-routable  DNS responses or firewall rules. Phishing awareness and training    Implement employee awareness and training programs to help personnel  identify and respond appropriately to phishing attempts.  Develop policies and procedures to manage and contain phishing  incidents, particularly those facilitated by fast flux networks.  For more information on mitigating phishing, see joint Phishing Guidance:  Stopping the Attack Cycle at Phase One. A Comprehensive guide to Detect Ransomware. Modern Ransomware’s Double Extortion Tactic’s and How to Protect Enterprises  Against Them. Reference herein to any specific commercial product, process, or service by trade name, trademark,  manufacturer, or otherwise, does not constitute or imply its endorsement, recommendation, or favoring by the United  States Government, and this guidance shall not be used for advertising or product endorsement purposes."
#StopRansomware: Medusa Ransomware,2025-03-12,1,"{""Ransomware"": 27, ""Malware"": 1, ""Extortion"": 4, ""Phishing/Spoofing"": 4, ""Data Breach"": 1, ""Cryptocurrency"": 2, ""IPR*/Copyright&Counterfeit"": 1}","{""Phishing/Spoofing"": {""phishing"": 4}, ""Extortion"": {""extortion"": 4}, ""Personal Data Breach"": {}, ""Non-Payment/Non-Delivery"": {}, ""Investment"": {}, ""Tech Support"": {}, ""Business Email Compromise"": {}, ""Identity Theft"": {}, ""Employment"": {}, ""Confidence/Romance"": {}, ""Government Impersonation"": {}, ""Credit Card/Check Fraud"": {}, ""Harassment/Stalking"": {}, ""Real Estate"": {}, ""Advanced Fee"": {}, ""Crimes Against Children"": {}, ""Lottery/Sweepstakes/Inheritance"": {}, ""Data Breach"": {""data leak"": 1}, ""Ransomware"": {""ransomware"": 16, ""ransom"": 10, ""ransoms"": 1}, ""Overpayment"": {}, ""IPR*/Copyright&Counterfeit"": {""trademark"": 1}, ""Threats of Violence"": {}, ""SIM Swap"": {}, ""Botnet"": {}, ""Malware"": {""malware"": 1}, ""Cryptocurrency"": {""cryptocurrency"": 1, ""bitcoin"": 1}}","TLP:CLEAR  TLP:CLEAR  Co-Authored by:   Product ID: AA25-071A      #StopRansomware: Medusa Ransomware  Summary  Note: This joint Cybersecurity Advisory is part of an  ongoing #StopRansomware effort to publish  advisories for network defenders detailing various  ransomware variants and ransomware threat  actors. These #StopRansomware advisories  include recently and historically observed tactics,  techniques, and procedures (TTPs) and indicators  of compromise (IOCs) to help organizations protect  against ransomware. The Federal Bureau of Investigation (FBI),  Cybersecurity and Infrastructure Security Agency  (CISA), and the Multi-State Information Sharing  and Analysis Center (MS-ISAC) are releasing this  joint advisory to disseminate known Medusa  ransomware TTPs and IOCs, identified through FBI  investigations as recently as February 2025. Medusa is a ransomware-as-a-service (RaaS) variant first identified in June 2021. The Medusa ransomware variant is unrelated to the MedusaLocker variant and the  Medusa mobile malware variant per the FBI’s investigation. FBI, CISA, and MS-ISAC encourage organizations to implement the recommendations in the Mitigations  section of this advisory to reduce the likelihood and impact of Medusa ransomware incidents. Background  The RaaS Medusa variant has been used to conduct ransomware attacks from 2021 to present. Medusa  originally operated as a closed ransomware variant, meaning all development and associated operations  were controlled by the same group of cyber threat actors. While Medusa has since progressed to using an  affiliate model, important operations such as ransom negotiation are still centrally controlled by the  developers. Both Medusa developers and affiliates—referred to as “Medusa actors” in this advisory— employ a double extortion model, where they encrypt victim data and threaten to publicly release  exfiltrated data if a ransom is not paid. Medusa IABs  (affiliates) are known to make use of common techniques, such as:    Phishing campaigns as a primary method for stealing victim credentials [T1566]. The process gaze.exe terminates all services [T1489] related to backups, security, databases,  communication, file sharing and websites, then deletes shadow copies [T1490] and encrypts files with  AES-256 before dropping the ransom note. Extortion  Medusa RaaS employs a double extortion model, where victims must pay [T1657] to decrypt files and  prevent further release. The ransom note demands victims make contact within 48 hours via either a Tor  browser based live chat, or via Tox, an end-to-end encrypted instant-messaging platform. If the victim does  not respond to the ransom note, Medusa actors will reach out to them directly by phone or email. Medusa  operates a .onion data leak site, divulging victims alongside countdowns to the release of information. Ransom demands are posted on the site, with direct hyperlinks to Medusa affiliated cryptocurrency wallets. FBI investigations identified that after paying the ransom, one victim was contacted by a separate Medusa  actor who claimed the negotiator had stolen the ransom amount already paid and requested half of the  payment be made again to provide the “true decryptor”— potentially indicating a triple extortion scheme. These email addresses are not  associated with phishing activity conducted by Medusa actors. Phishing  T1566  Medusa IABS used phishing campaigns as a primary method for  delivering ransomware to victims. Inhibit System  Recovery  T1490  The process gaze.exe terminates all services then deletes shadow  copies and encrypts files with AES-256 before dropping the ransom  note.   Segment networks to prevent the spread of ransomware. Network segmentation can help prevent  the spread of ransomware by controlling traffic flows between—and access to—various subnetworks  and by restricting adversary lateral movement [CPG 2.F].   Identify, detect, and investigate abnormal activity and potential traversal of the indicated  ransomware with a networking monitoring tool. To aid in detecting the ransomware, implement a  tool that logs and reports all network traffic, including lateral movement activity on a network. FBI is interested in any information that can be shared, to include boundary logs showing communication  to and from foreign IP addresses, a sample ransom note, communications with threat actors, Bitcoin wallet  information, decryptor files, and/or a benign sample of an encrypted file. The FBI, CISA, and MS-ISAC do not encourage paying ransoms as payment does not guarantee victim files  will be recovered. Furthermore, payment may also embolden adversaries to target additional organizations,  encourage other criminal actors to engage in the distribution of ransomware, and/or fund illicit activities. Any reference to specific commercial entities, products,  processes, or services by service mark, trademark, manufacturer, or otherwise, does not constitute or  imply endorsement, recommendation, or favoring by the FBI, CISA, and MS-ISAC."
#StopRansomware: Ghost (Cring) Ransomware,2025-02-19,1,"{""Ransomware"": 34, ""Phishing/Spoofing"": 4, ""Malware"": 5, ""IPR*/Copyright&Counterfeit"": 2, ""Threats of Violence"": 1, ""Cryptocurrency"": 2}","{""Phishing/Spoofing"": {""phishing"": 3, ""spoofing"": 1}, ""Extortion"": {}, ""Personal Data Breach"": {}, ""Non-Payment/Non-Delivery"": {}, ""Investment"": {}, ""Tech Support"": {}, ""Business Email Compromise"": {}, ""Identity Theft"": {}, ""Employment"": {}, ""Confidence/Romance"": {}, ""Government Impersonation"": {}, ""Credit Card/Check Fraud"": {}, ""Harassment/Stalking"": {}, ""Real Estate"": {}, ""Advanced Fee"": {}, ""Crimes Against Children"": {}, ""Lottery/Sweepstakes/Inheritance"": {}, ""Data Breach"": {}, ""Ransomware"": {""ransomware"": 24, ""ransom"": 10}, ""Overpayment"": {}, ""IPR*/Copyright&Counterfeit"": {""intellectual property"": 1, ""trademark"": 1}, ""Threats of Violence"": {""harm"": 1}, ""SIM Swap"": {}, ""Botnet"": {}, ""Malware"": {""malware"": 5}, ""Cryptocurrency"": {""cryptocurrency"": 1, ""bitcoin"": 1}}","TLP:CLEAR  #StopRansomware: Ghost (Cring)  Ransomware  TLP: CLEAR  Co-Authored by:  Product ID: AA25-050A  February 19, 2025          Summary  Actions for Organizations to Take Today to  Mitigate Cyber Threats Related to Ghost  (Cring) Ransomware Activity   Maintain regular system backups stored  separately from the source systems which  cannot be altered or encrypted by potentially  compromised network devices [CPG 2.R].  Require Phishing-Resistant MFA for access  to all privileged accounts and email services  accounts. Note: This joint Cybersecurity Advisory is part of an  ongoing #StopRansomware effort to publish  advisories for network defenders that detail  various ransomware variants and ransomware  threat actors. These #StopRansomware advisories  include recently and historically observed tactics,  techniques, and procedures (TTPs) and indicators  of compromise (IOCs) to help organizations protect  against ransomware. The Federal Bureau of Investigation (FBI),  Cybersecurity and Infrastructure Security Agency  (CISA), and the Multi-State Information Sharing  and Analysis Center (MS-ISAC) are releasing this  joint advisory to disseminate known Ghost (Cring)— (“Ghost”)—ransomware IOCs and TTPs identified  through FBI investigation as recently as January  2025. Ghost actors rotate their ransomware executable payloads, switch file extensions for encrypted files,  modify ransom note text, and use numerous ransom email addresses, which has led to variable attribution  of this group over time. Samples of ransomware files Ghost used during attacks are:  Cring.exe, Ghost.exe, ElysiumO.exe, and Locker.exe. The FBI, CISA, and MS-ISAC encourage organizations to implement the recommendations in the Mitigations  section of this advisory to reduce the likelihood and impact of Ghost ransomware incidents. Execution  Ghost actors have been observed uploading a web shell [T1505.003] to a compromised server and  leveraging Windows Command Prompt [T1059.003] and/or PowerShell [T1059.001] to download and  execute Cobalt Strike Beacon malware [T1105] that is then implanted on victim systems. In multiple instances, they have been observed proceeding from initial compromise to the  deployment of ransomware within the same day. Exfiltration  Ghost ransom notes often claim exfiltrated data will be sold if a ransom is not paid. However, Ghost actors  do not frequently exfiltrate a significant amount of information or files, such as intellectual property or  personally identifiable information (PII), that would cause significant harm to victims if leaked. Command and Control  Ghost actors rely heavily on Cobalt Strike Beacon malware and Cobalt Strike Team Servers for command  and control (C2) operations, which function using hypertext transfer protocol (HTTP) and hypertext transfer  protocol secure (HTTPS) [T1071.001]. Instead, connections made to a uniform resource identifier (URI) of a C2 server, for the purpose of  downloading and executing Beacon malware, directly reference the C2 server’s IP address. Note: Table 2 contains a list of Ghost ransom email addresses. Impact and Encryption  Ghost actors use Cring.exe, Ghost.exe, ElysiumO.exe, and Locker.exe, which are all ransomware  executables that share similar functionality. The nature of executables’ operability is based on command line  arguments used when executing the ransomware file. These ransomware payloads clear Windows Event Logs [T1070.001], disable the Volume Shadow Copy  Service, and delete shadow copies to inhibit system recovery attempts [T1490]. Data encrypted with Ghost  ransomware variants cannot be recovered without the decryption key. Ghost actors hold the encrypted  data for ransom and typically demand anywhere from tens to hundreds of thousands of dollars in  cryptocurrency in exchange for decryption software [T1486]. The impact of Ghost ransomware activity varies widely on a victim-to-victim basis. Table 5: Execution  Technique Title   ID  Use  Windows  Management  Instrumentation  T1047  Ghost actors abuse WMI to run PowerShell scripts on other devices,  resulting in their infection with Cobalt Strike Beacon malware. Ingress Tool  Transfer  T1105  Ghost actors use Cobalt Strike Beacon malware to deliver ransomware  payloads to victim servers. Table 13: Impact  Technique Title   ID  Use  Data Encrypted for  Impact  T1486  Ghost actors use ransomware variants Cring.exe, Ghost.exe,  ElysiumO.exe, and Locker.exe to encrypt victim files for ransom. Mitigations  The FBI, CISA, and MS-ISAC recommend organizations reference their #StopRansomware Guide and  implement the mitigations below to improve cybersecurity posture on the basis of the Ghost ransomware  activity. Ghost ransomware victims whose backups were unaffected by the  ransomware attack were often able to restore operations without needing to contact Ghost actors  or pay a ransom.   Require Phishing-Resistant MFA for access to all privileged accounts and email services accounts.   Train users to recognize phishing attempts. Ransomware activity generates  unusual network traffic across all phases of the attack chain. Organizations that can successfully identify and investigate this activity  are better able to interrupt malicious activity before ransomware is executed [CPG 3.A]. Victims who have identified and responded to this  unusual behavior have successfully prevented Ghost ransomware attacks.   Enhance email security by implementing advanced filtering, blocking malicious attachments, and  enabling DMARC, DKIM, and SPF to prevent spoofing [CPG 2.M]. The FBI is interested in any information that can be shared, to include logs showing communication to and  from foreign IP addresses, a sample ransom note, communications with threat actors, Bitcoin wallet  information, and/or decryptor files. The FBI, CISA, and MS-ISAC do not encourage paying ransom as payment does not guarantee victim files  will be recovered. Furthermore, payment may also embolden adversaries to target additional organizations,  encourage other criminal actors to engage in the distribution of ransomware, and/or fund illicit activities. Any reference to specific commercial entities, products,  processes, or services by service mark, trademark, manufacturer, or otherwise, does not constitute or  imply endorsement, recommendation, or favoring by the FBI, CISA, and the MS-ISAC."
Malicious Cyber Actors Use Buffer Overflow Vulnerabilities to Compromise Software,2025-02-12,1,"{""Investment"": 4, ""IPR*/Copyright&Counterfeit"": 1}","{""Phishing/Spoofing"": {}, ""Extortion"": {}, ""Personal Data Breach"": {}, ""Non-Payment/Non-Delivery"": {}, ""Investment"": {""investments"": 2, ""investment"": 1, ""investing"": 1}, ""Tech Support"": {}, ""Business Email Compromise"": {}, ""Identity Theft"": {}, ""Employment"": {}, ""Confidence/Romance"": {}, ""Government Impersonation"": {}, ""Credit Card/Check Fraud"": {}, ""Harassment/Stalking"": {}, ""Real Estate"": {}, ""Advanced Fee"": {}, ""Crimes Against Children"": {}, ""Lottery/Sweepstakes/Inheritance"": {}, ""Data Breach"": {}, ""Ransomware"": {}, ""Overpayment"": {}, ""IPR*/Copyright&Counterfeit"": {""trademark"": 1}, ""Threats of Violence"": {}, ""SIM Swap"": {}, ""Botnet"": {}, ""Malware"": {}, ""Cryptocurrency"": {}}","Key investments  include providing secure building blocks for developers to prevent errors that could compromise reliability and user data. Principle 3: Build Organizational Structure and Leadership to Achieve These Goals  Technology executives must treat software security resources as strategic investments, recognizing that secure by design  practices deliver significant long-term savings. For example, Google’s Android team transitioned to memory-safe  programming languages for new code in 2019 after determining that the long-term costs of mitigating memory safety  vulnerabilities would exceed the investment required to prevent them.10 By addressing these vulnerabilities at their root,  they ultimately reduced costs over time. This includes investing in initiatives and incentives that embed security as a core business priority. Any reference to specific commercial entities, products, processes, or services by service mark,  trademark, manufacturer, or otherwise, does not constitute or imply endorsement, recommendation, or favoring by the  authoring organizations."
Guidance on Digital Forensics and Protective Monitoring Specifications for Producers of Network Devices and Appliances,2025-02-04,1,{},"{""Phishing/Spoofing"": {}, ""Extortion"": {}, ""Personal Data Breach"": {}, ""Non-Payment/Non-Delivery"": {}, ""Investment"": {}, ""Tech Support"": {}, ""Business Email Compromise"": {}, ""Identity Theft"": {}, ""Employment"": {}, ""Confidence/Romance"": {}, ""Government Impersonation"": {}, ""Credit Card/Check Fraud"": {}, ""Harassment/Stalking"": {}, ""Real Estate"": {}, ""Advanced Fee"": {}, ""Crimes Against Children"": {}, ""Lottery/Sweepstakes/Inheritance"": {}, ""Data Breach"": {}, ""Ransomware"": {}, ""Overpayment"": {}, ""IPR*/Copyright&Counterfeit"": {}, ""Threats of Violence"": {}, ""SIM Swap"": {}, ""Botnet"": {}, ""Malware"": {}, ""Cryptocurrency"": {}}",
Threat Actors Chained Vulnerabilities in Ivanti Cloud Service Applications,2025-01-22,1,"{""Phishing/Spoofing"": 1, ""IPR*/Copyright&Counterfeit"": 1}","{""Phishing/Spoofing"": {""phishing"": 1}, ""Extortion"": {}, ""Personal Data Breach"": {}, ""Non-Payment/Non-Delivery"": {}, ""Investment"": {}, ""Tech Support"": {}, ""Business Email Compromise"": {}, ""Identity Theft"": {}, ""Employment"": {}, ""Confidence/Romance"": {}, ""Government Impersonation"": {}, ""Credit Card/Check Fraud"": {}, ""Harassment/Stalking"": {}, ""Real Estate"": {}, ""Advanced Fee"": {}, ""Crimes Against Children"": {}, ""Lottery/Sweepstakes/Inheritance"": {}, ""Data Breach"": {}, ""Ransomware"": {}, ""Overpayment"": {}, ""IPR*/Copyright&Counterfeit"": {""trademark"": 1}, ""Threats of Violence"": {}, ""SIM Swap"": {}, ""Botnet"": {}, ""Malware"": {}, ""Cryptocurrency"": {}}","o Apply phishing-resistant multifactor authentication (MFA). Any reference to specific commercial entities, products, processes, or services  by service mark, trademark, manufacturer, or otherwise, does not constitute or imply endorsement,  recommendation, or favoring by CISA and FBI."
Product Security Bad Practices,2025-01-17,1,"{""Phishing/Spoofing"": 4, ""Investment"": 1, ""Threats of Violence"": 1}","{""Phishing/Spoofing"": {""phishing"": 4}, ""Extortion"": {}, ""Personal Data Breach"": {}, ""Non-Payment/Non-Delivery"": {}, ""Investment"": {""invested"": 1}, ""Tech Support"": {}, ""Business Email Compromise"": {}, ""Identity Theft"": {}, ""Employment"": {}, ""Confidence/Romance"": {}, ""Government Impersonation"": {}, ""Credit Card/Check Fraud"": {}, ""Harassment/Stalking"": {}, ""Real Estate"": {}, ""Advanced Fee"": {}, ""Crimes Against Children"": {}, ""Lottery/Sweepstakes/Inheritance"": {}, ""Data Breach"": {}, ""Ransomware"": {}, ""Overpayment"": {}, ""IPR*/Copyright&Counterfeit"": {}, ""Threats of Violence"": {""harm"": 1}, ""SIM Swap"": {}, ""Botnet"": {}, ""Malware"": {}, ""Cryptocurrency"": {}}","  Added that software manufacturers should  support phishing-resistant MFA. Note: The authoring organizations understand that significant time and resources must be invested  to migrate to memory safe languages.   Providing time-limited setup passwords that disable themselves when a setup process is  complete and require configuration of a secure password (or more secure authentication  approaches, such as phishing-resistant MFA). For OT products where MFA use may introduce safety risks (e.g., on medical devices in emergency  rooms where delay in physician access could lead to patient harm), manufacturers should employ  authentication measures that effectively mitigate the threat of single-factor credential abuse and  other authentication threats. Note: Other phishing-resistant forms of authentication, such as passkeys, meet this definition even if  they are the sole form of authentication. Recommended action: For all products besides excepted OT products listed above, software  manufacturers should either support MFA, including phishing-resistant MFA, natively in the product  (if the product itself handles authentication) or support the use of an external identity provider in the  baseline version of the product, such as via standards-based single sign on."
Secure by Demand: Priority Considerations for Operational Technology Owners and Operators when Selecting Digital Products,2025-01-13,1,"{""Phishing/Spoofing"": 4, ""Threats of Violence"": 3, ""Botnet"": 1, ""IPR*/Copyright&Counterfeit"": 1}","{""Phishing/Spoofing"": {""phishing"": 4}, ""Extortion"": {}, ""Personal Data Breach"": {}, ""Non-Payment/Non-Delivery"": {}, ""Investment"": {}, ""Tech Support"": {}, ""Business Email Compromise"": {}, ""Identity Theft"": {}, ""Employment"": {}, ""Confidence/Romance"": {}, ""Government Impersonation"": {}, ""Credit Card/Check Fraud"": {}, ""Harassment/Stalking"": {}, ""Real Estate"": {}, ""Advanced Fee"": {}, ""Crimes Against Children"": {}, ""Lottery/Sweepstakes/Inheritance"": {}, ""Data Breach"": {}, ""Ransomware"": {}, ""Overpayment"": {}, ""IPR*/Copyright&Counterfeit"": {""trademark"": 1}, ""Threats of Violence"": {""harm"": 3}, ""SIM Swap"": {}, ""Botnet"": {""denial of service"": 1}, ""Malware"": {}, ""Cryptocurrency"": {}}","Strong Authentication: The baseline version of the product, especially safety-critical equipment,  protects against unauthorized access through appropriate control measures, including role-based  access control and phishing-resistant multifactor authentication. An understanding of operational data is often needed to bypass safety checks and cause sustained harm. The goal of this consideration is to protect customer data and limit harm to operational environments. This data underpins the  engineering of the system and gives a threat actor the information needed to create a targeted effect  beyond denial of service. Products must mitigate  the risks from a threat actor compromising a trusted device or intentionally violating a standard to do  harm. Phishing-resistant MFA  Buyers should seek products with RBAC and ABAC rather than relying on common accounts. Buyers should look for products with phishing-resistant MFA included in the baseline version. Phishing-resistant MFA is a key security control for  limiting the damage a threat actor can do in an OT environment. Any reference to specific commercial entities, products,  processes, or services by service mark, trademark, manufacturer, or otherwise, does not constitute or  imply endorsement, recommendation, or favoring by CISA and co-sealers."
